run,generation,evaluations,best_fitness
1,0,200,72881
1,1,400,74754
1,2,600,78056
1,3,800,78874
1,4,1000,78874
1,5,1200,79356
1,6,1400,79913
1,7,1600,80041
1,8,1800,80363
1,9,2000,80522
1,10,2200,81262
1,11,2400,81311
1,12,2600,81780
1,13,2800,81817
1,14,3000,81996
1,15,3200,82189
1,16,3400,82405
1,17,3600,82411
1,18,3800,82823
1,19,4000,82997
1,20,4200,83164
1,21,4400,83358
1,22,4600,83652
1,23,4800,83791
1,24,5000,83901
1,25,5200,84547
1,26,5400,84560
1,27,5600,84560
1,28,5800,84851
1,29,6000,84851
1,30,6200,84922
1,31,6400,85217
1,32,6600,85217
1,33,6800,85359
1,34,7000,85410
1,35,7200,85583
1,36,7400,85591
1,37,7600,85603
1,38,7800,85630
1,39,8000,85644
1,40,8200,85644
1,41,8400,85675
1,42,8600,85683
1,43,8800,85761
1,44,9000,85819
1,45,9200,85910
1,46,9400,85910
1,47,9600,85954
1,48,9800,85972
1,49,10000,85989
1,50,10200,86007
1,51,10400,86013
1,52,10600,86013
1,53,10800,86013
1,54,11000,86106
1,55,11200,86106
1,56,11400,86118
1,57,11600,86178
1,58,11800,86185
1,59,12000,86269
1,60,12200,86293
1,61,12400,86298
1,62,12600,86306
1,63,12800,86389
1,64,13000,86451
1,65,13200,86466
1,66,13400,86496
1,67,13600,86496
1,68,13800,86507
1,69,14000,86519
1,70,14200,86520
1,71,14400,86526
1,72,14600,86532
1,73,14800,86532
1,74,15000,86555
1,75,15200,86692
1,76,15400,86696
1,77,15600,86696
1,78,15800,86729
1,79,16000,86735
1,80,16200,86743
1,81,16400,86751
1,82,16600,86888
1,83,16800,86910
1,84,17000,86924
1,85,17200,86924
1,86,17400,86929
1,87,17600,86935
1,88,17800,86935
1,89,18000,86975
1,90,18200,87012
1,91,18400,87055
1,92,18600,87055
1,93,18800,87055
1,94,19000,87095
1,95,19200,87095
1,96,19400,87105
1,97,19600,87159
1,98,19800,87159
1,99,20000,87163
1,100,20200,87173
1,101,20400,87173
1,102,20600,87182
1,103,20800,87192
1,104,21000,87285
1,105,21200,87285
1,106,21400,87296
1,107,21600,87296
1,108,21800,87296
1,109,22000,87296
1,110,22200,87347
1,111,22400,87347
1,112,22600,87347
1,113,22800,87379
1,114,23000,87392
1,115,23200,87392
1,116,23400,87432
1,117,23600,87442
1,118,23800,87442
1,119,24000,87444
1,120,24200,87452
1,121,24400,87459
1,122,24600,87469
1,123,24800,87473
1,124,25000,87482
1,125,25200,87487
1,126,25400,87487
1,127,25600,87491
1,128,25800,87493
1,129,26000,87493
1,130,26200,87509
1,131,26400,87509
1,132,26600,87532
1,133,26800,87532
1,134,27000,87619
1,135,27200,87633
1,136,27400,87644
1,137,27600,87646
1,138,27800,87675
1,139,28000,87675
1,140,28200,87697
1,141,28400,87714
1,142,28600,87714
1,143,28800,87718
1,144,29000,87718
1,145,29200,87718
1,146,29400,87725
1,147,29600,87750
1,148,29800,87757
1,149,30000,87757
1,150,30200,87760
1,151,30400,87760
1,152,30600,87763
1,153,30800,87763
1,154,31000,87763
1,155,31200,87763
1,156,31400,87763
1,157,31600,87763
1,158,31800,87763
1,159,32000,87763
1,160,32200,87764
1,161,32400,87769
1,162,32600,87769
1,163,32800,87769
1,164,33000,87772
1,165,33200,87773
1,166,33400,87773
1,167,33600,87776
1,168,33800,87778
1,169,34000,87778
1,170,34200,87778
1,171,34400,87778
1,172,34600,87778
1,173,34800,87779
1,174,35000,87780
1,175,35200,87787
1,176,35400,87793
1,177,35600,87793
1,178,35800,87810
1,179,36000,87816
1,180,36200,87824
1,181,36400,87824
1,182,36600,87828
1,183,36800,87831
1,184,37000,87839
1,185,37200,87839
1,186,37400,87841
1,187,37600,87841
1,188,37800,87843
1,189,38000,87843
1,190,38200,87845
1,191,38400,87847
1,192,38600,87850
1,193,38800,87851
1,194,39000,87851
1,195,39200,87857
1,196,39400,87857
1,197,39600,87861
1,198,39800,87861
1,199,40000,87861
1,200,40200,87863
1,201,40400,87863
1,202,40600,87863
1,203,40800,87863
1,204,41000,87863
1,205,41200,87863
1,206,41400,87879
1,207,41600,87879
1,208,41800,87879
1,209,42000,87879
1,210,42200,87879
1,211,42400,87879
1,212,42600,87879
1,213,42800,87879
1,214,43000,87879
1,215,43200,87879
1,216,43400,87879
1,217,43600,87879
1,218,43800,87879
1,219,44000,87879
1,220,44200,87879
1,221,44400,87910
1,222,44600,87910
1,223,44800,87910
1,224,45000,87910
1,225,45200,87910
1,226,45400,87910
1,227,45600,87910
1,228,45800,87910
1,229,46000,87911
1,230,46200,87911
1,231,46400,87911
1,232,46600,87913
1,233,46800,87913
1,234,47000,87913
1,235,47200,87913
1,236,47400,87913
1,237,47600,87913
1,238,47800,87913
1,239,48000,87913
1,240,48200,87913
1,241,48400,87913
1,242,48600,87913
1,243,48800,87913
1,244,49000,87913
1,245,49200,87914
1,246,49400,87914
1,247,49600,87914
1,248,49800,87914
1,249,50000,87914
1,250,50200,87914
1,251,50400,87914
1,252,50600,87922
1,253,50800,87922
1,254,51000,87922
1,255,51200,87922
1,256,51400,87923
1,257,51600,87923
1,258,51800,87923
1,259,52000,87923
1,260,52200,87923
1,261,52400,87923
1,262,52600,87923
1,263,52800,87923
1,264,53000,87923
1,265,53200,87923
1,266,53400,87923
1,267,53600,87926
1,268,53800,87926
1,269,54000,87926
1,270,54200,87926
1,271,54400,87926
1,272,54600,87926
1,273,54800,87926
1,274,55000,87926
1,275,55200,87926
1,276,55400,87928
1,277,55600,87928
1,278,55800,87939
1,279,56000,87939
1,280,56200,87939
1,281,56400,87939
1,282,56600,87939
1,283,56800,87939
1,284,57000,87939
1,285,57200,87944
1,286,57400,87944
1,287,57600,87944
1,288,57800,87944
1,289,58000,87944
1,290,58200,87944
1,291,58400,87944
1,292,58600,87944
1,293,58800,87945
1,294,59000,87945
1,295,59200,87945
1,296,59400,87954
1,297,59600,87954
1,298,59800,87954
1,299,60000,87956
1,300,60200,87958
1,301,60400,87958
1,302,60600,87958
1,303,60800,87960
1,304,61000,87963
1,305,61200,87968
1,306,61400,87973
1,307,61600,87976
1,308,61800,87977
1,309,62000,87980
1,310,62200,87984
1,311,62400,87984
1,312,62600,87984
1,313,62800,87984
1,314,63000,87984
1,315,63200,87991
1,316,63400,88000
1,317,63600,88000
1,318,63800,88000
1,319,64000,88000
1,320,64200,88000
1,321,64400,88000
1,322,64600,88000
1,323,64800,88000
1,324,65000,88000
1,325,65200,88000
1,326,65400,88000
1,327,65600,88000
1,328,65800,88000
1,329,66000,88000
1,330,66200,88000
1,331,66400,88000
1,332,66600,88000
1,333,66800,88000
1,334,67000,88000
1,335,67200,88000
1,336,67400,88002
1,337,67600,88002
1,338,67800,88002
1,339,68000,88002
1,340,68200,88002
1,341,68400,88002
1,342,68600,88010
1,343,68800,88010
1,344,69000,88010
1,345,69200,88010
1,346,69400,88010
1,347,69600,88010
1,348,69800,88010
1,349,70000,88010
1,350,70200,88010
1,351,70400,88010
1,352,70600,88010
1,353,70800,88010
1,354,71000,88010
1,355,71200,88010
1,356,71400,88010
1,357,71600,88010
1,358,71800,88010
1,359,72000,88010
1,360,72200,88010
1,361,72400,88010
1,362,72600,88010
1,363,72800,88010
1,364,73000,88010
1,365,73200,88010
1,366,73400,88010
1,367,73600,88010
1,368,73800,88010
1,369,74000,88010
1,370,74200,88010
1,371,74400,88010
1,372,74600,88010
1,373,74800,88010
1,374,75000,88010
1,375,75200,88010
1,376,75400,88010
1,377,75600,88010
1,378,75800,88010
1,379,76000,88010
1,380,76200,88010
1,381,76400,88010
1,382,76600,88010
1,383,76800,88010
1,384,77000,88010
1,385,77200,88010
1,386,77400,88010
1,387,77600,88010
1,388,77800,88010
1,389,78000,88010
1,390,78200,88010
1,391,78400,88010
1,392,78600,88010
1,393,78800,88010
1,394,79000,88010
1,395,79200,88010
1,396,79400,88010
1,397,79600,88010
1,398,79800,88010
1,399,80000,88010
1,400,80200,88010
1,401,80400,88010
1,402,80600,88010
1,403,80800,88010
1,404,81000,88010
1,405,81200,88010
1,406,81400,88010
1,407,81600,88010
1,408,81800,88010
1,409,82000,88010
1,410,82200,88010
1,411,82400,88010
1,412,82600,88010
1,413,82800,88010
1,414,83000,88010
1,415,83200,88010
1,416,83400,88010
1,417,83600,88010
1,418,83800,88010
1,419,84000,88010
1,420,84200,88010
1,421,84400,88010
1,422,84600,88010
1,423,84800,88010
1,424,85000,88010
1,425,85200,88023
1,426,85400,88023
1,427,85600,88023
1,428,85800,88023
1,429,86000,88023
1,430,86200,88023
1,431,86400,88023
1,432,86600,88023
1,433,86800,88023
1,434,87000,88023
1,435,87200,88023
1,436,87400,88023
1,437,87600,88023
1,438,87800,88035
1,439,88000,88035
1,440,88200,88035
1,441,88400,88035
1,442,88600,88035
1,443,88800,88035
1,444,89000,88035
1,445,89200,88035
1,446,89400,88035
1,447,89600,88035
1,448,89800,88035
1,449,90000,88035
1,450,90200,88035
1,451,90400,88035
1,452,90600,88035
1,453,90800,88035
1,454,91000,88035
1,455,91200,88035
1,456,91400,88035
1,457,91600,88035
1,458,91800,88035
1,459,92000,88035
1,460,92200,88035
1,461,92400,88035
1,462,92600,88035
1,463,92800,88035
1,464,93000,88035
1,465,93200,88035
1,466,93400,88035
1,467,93600,88035
1,468,93800,88035
1,469,94000,88035
1,470,94200,88035
1,471,94400,88035
1,472,94600,88035
1,473,94800,88035
1,474,95000,88035
1,475,95200,88035
1,476,95400,88035
1,477,95600,88035
1,478,95800,88035
1,479,96000,88035
1,480,96200,88035
1,481,96400,88035
1,482,96600,88035
1,483,96800,88035
1,484,97000,88035
1,485,97200,88035
1,486,97400,88035
1,487,97600,88035
1,488,97800,88035
1,489,98000,88035
1,490,98200,88035
1,491,98400,88035
1,492,98600,88035
1,493,98800,88035
1,494,99000,88035
1,495,99200,88035
1,496,99400,88035
1,497,99600,88035
1,498,99800,88035
1,499,100000,88035
2,0,200,72078
2,1,400,76777
2,2,600,77413
2,3,800,78174
2,4,1000,79734
2,5,1200,80888
2,6,1400,81170
2,7,1600,82320
2,8,1800,82633
2,9,2000,83022
2,10,2200,83311
2,11,2400,83496
2,12,2600,83496
2,13,2800,83827
2,14,3000,83847
2,15,3200,83954
2,16,3400,84141
2,17,3600,84241
2,18,3800,84262
2,19,4000,84458
2,20,4200,84601
2,21,4400,84602
2,22,4600,84821
2,23,4800,84844
2,24,5000,84973
2,25,5200,85419
2,26,5400,85591
2,27,5600,85605
2,28,5800,86095
2,29,6000,86191
2,30,6200,86207
2,31,6400,86226
2,32,6600,86260
2,33,6800,86276
2,34,7000,86325
2,35,7200,86359
2,36,7400,86386
2,37,7600,86649
2,38,7800,86657
2,39,8000,86733
2,40,8200,86759
2,41,8400,86759
2,42,8600,86765
2,43,8800,86817
2,44,9000,86817
2,45,9200,86823
2,46,9400,86850
2,47,9600,86851
2,48,9800,86859
2,49,10000,86886
2,50,10200,86886
2,51,10400,86918
2,52,10600,86970
2,53,10800,86981
2,54,11000,87172
2,55,11200,87186
2,56,11400,87206
2,57,11600,87206
2,58,11800,87206
2,59,12000,87283
2,60,12200,87293
2,61,12400,87293
2,62,12600,87303
2,63,12800,87303
2,64,13000,87303
2,65,13200,87303
2,66,13400,87303
2,67,13600,87307
2,68,13800,87307
2,69,14000,87312
2,70,14200,87323
2,71,14400,87323
2,72,14600,87323
2,73,14800,87329
2,74,15000,87340
2,75,15200,87340
2,76,15400,87344
2,77,15600,87356
2,78,15800,87356
2,79,16000,87361
2,80,16200,87362
2,81,16400,87392
2,82,16600,87392
2,83,16800,87407
2,84,17000,87407
2,85,17200,87407
2,86,17400,87411
2,87,17600,87416
2,88,17800,87416
2,89,18000,87416
2,90,18200,87434
2,91,18400,87434
2,92,18600,87434
2,93,18800,87461
2,94,19000,87461
2,95,19200,87461
2,96,19400,87461
2,97,19600,87469
2,98,19800,87473
2,99,20000,87479
2,100,20200,87482
2,101,20400,87482
2,102,20600,87486
2,103,20800,87486
2,104,21000,87486
2,105,21200,87487
2,106,21400,87487
2,107,21600,87488
2,108,21800,87488
2,109,22000,87488
2,110,22200,87491
2,111,22400,87495
2,112,22600,87496
2,113,22800,87499
2,114,23000,87501
2,115,23200,87507
2,116,23400,87507
2,117,23600,87507
2,118,23800,87507
2,119,24000,87512
2,120,24200,87564
2,121,24400,87564
2,122,24600,87580
2,123,24800,87580
2,124,25000,87580
2,125,25200,87580
2,126,25400,87580
2,127,25600,87580
2,128,25800,87580
2,129,26000,87580
2,130,26200,87580
2,131,26400,87580
2,132,26600,87580
2,133,26800,87580
2,134,27000,87580
2,135,27200,87580
2,136,27400,87581
2,137,27600,87581
2,138,27800,87581
2,139,28000,87581
2,140,28200,87581
2,141,28400,87581
2,142,28600,87593
2,143,28800,87593
2,144,29000,87593
2,145,29200,87593
2,146,29400,87593
2,147,29600,87593
2,148,29800,87608
2,149,30000,87608
2,150,30200,87608
2,151,30400,87608
2,152,30600,87620
2,153,30800,87620
2,154,31000,87620
2,155,31200,87620
2,156,31400,87620
2,157,31600,87620
2,158,31800,87620
2,159,32000,87620
2,160,32200,87620
2,161,32400,87620
2,162,32600,87620
2,163,32800,87620
2,164,33000,87620
2,165,33200,87620
2,166,33400,87620
2,167,33600,87620
2,168,33800,87620
2,169,34000,87620
2,170,34200,87620
2,171,34400,87620
2,172,34600,87620
2,173,34800,87620
2,174,35000,87620
2,175,35200,87620
2,176,35400,87620
2,177,35600,87620
2,178,35800,87649
2,179,36000,87649
2,180,36200,87649
2,181,36400,87649
2,182,36600,87651
2,183,36800,87651
2,184,37000,87651
2,185,37200,87651
2,186,37400,87651
2,187,37600,87658
2,188,37800,87658
2,189,38000,87658
2,190,38200,87659
2,191,38400,87659
2,192,38600,87659
2,193,38800,87659
2,194,39000,87659
2,195,39200,87689
2,196,39400,87689
2,197,39600,87689
2,198,39800,87689
2,199,40000,87689
2,200,40200,87689
2,201,40400,87689
2,202,40600,87689
2,203,40800,87689
2,204,41000,87689
2,205,41200,87689
2,206,41400,87689
2,207,41600,87689
2,208,41800,87717
2,209,42000,87717
2,210,42200,87717
2,211,42400,87734
2,212,42600,87738
2,213,42800,87738
2,214,43000,87739
2,215,43200,87745
2,216,43400,87745
2,217,43600,87745
2,218,43800,87748
2,219,44000,87748
2,220,44200,87748
2,221,44400,87752
2,222,44600,87760
2,223,44800,87760
2,224,45000,87764
2,225,45200,87764
2,226,45400,87764
2,227,45600,87764
2,228,45800,87764
2,229,46000,87789
2,230,46200,87789
2,231,46400,87789
2,232,46600,87793
2,233,46800,87793
2,234,47000,87793
2,235,47200,87793
2,236,47400,87807
2,237,47600,87807
2,238,47800,87807
2,239,48000,87810
2,240,48200,87810
2,241,48400,87810
2,242,48600,87810
2,243,48800,87820
2,244,49000,87829
2,245,49200,87833
2,246,49400,87841
2,247,49600,87841
2,248,49800,87841
2,249,50000,87841
2,250,50200,87841
2,251,50400,87841
2,252,50600,87841
2,253,50800,87849
2,254,51000,87849
2,255,51200,87849
2,256,51400,87849
2,257,51600,87849
2,258,51800,87849
2,259,52000,87849
2,260,52200,87849
2,261,52400,87849
2,262,52600,87849
2,263,52800,87849
2,264,53000,87849
2,265,53200,87849
2,266,53400,87849
2,267,53600,87849
2,268,53800,87849
2,269,54000,87855
2,270,54200,87855
2,271,54400,87855
2,272,54600,87855
2,273,54800,87855
2,274,55000,87855
2,275,55200,87855
2,276,55400,87855
2,277,55600,87855
2,278,55800,87861
2,279,56000,87861
2,280,56200,87861
2,281,56400,87861
2,282,56600,87866
2,283,56800,87869
2,284,57000,87869
2,285,57200,87869
2,286,57400,87878
2,287,57600,87878
2,288,57800,87878
2,289,58000,87878
2,290,58200,87883
2,291,58400,87883
2,292,58600,87886
2,293,58800,87891
2,294,59000,87891
2,295,59200,87891
2,296,59400,87892
2,297,59600,87892
2,298,59800,87892
2,299,60000,87892
2,300,60200,87908
2,301,60400,87908
2,302,60600,87908
2,303,60800,87908
2,304,61000,87908
2,305,61200,87908
2,306,61400,87909
2,307,61600,87909
2,308,61800,87909
2,309,62000,87909
2,310,62200,87909
2,311,62400,87909
2,312,62600,87909
2,313,62800,87909
2,314,63000,87909
2,315,63200,87909
2,316,63400,87909
2,317,63600,87909
2,318,63800,87909
2,319,64000,87909
2,320,64200,87909
2,321,64400,87909
2,322,64600,87909
2,323,64800,87909
2,324,65000,87909
2,325,65200,87909
2,326,65400,87909
2,327,65600,87909
2,328,65800,87909
2,329,66000,87909
2,330,66200,87934
2,331,66400,87934
2,332,66600,87934
2,333,66800,87934
2,334,67000,87934
2,335,67200,87934
2,336,67400,87934
2,337,67600,87936
2,338,67800,87936
2,339,68000,87936
2,340,68200,87936
2,341,68400,87936
2,342,68600,87936
2,343,68800,87936
2,344,69000,87936
2,345,69200,87936
2,346,69400,87937
2,347,69600,87937
2,348,69800,87937
2,349,70000,87937
2,350,70200,87937
2,351,70400,87937
2,352,70600,87937
2,353,70800,87937
2,354,71000,87937
2,355,71200,87937
2,356,71400,87937
2,357,71600,87937
2,358,71800,87937
2,359,72000,87937
2,360,72200,87937
2,361,72400,87937
2,362,72600,87937
2,363,72800,87937
2,364,73000,87937
2,365,73200,87937
2,366,73400,87937
2,367,73600,87937
2,368,73800,87937
2,369,74000,87937
2,370,74200,87937
2,371,74400,87937
2,372,74600,87937
2,373,74800,87940
2,374,75000,87940
2,375,75200,87940
2,376,75400,87940
2,377,75600,87940
2,378,75800,87940
2,379,76000,87940
2,380,76200,87940
2,381,76400,87940
2,382,76600,87940
2,383,76800,87940
2,384,77000,87940
2,385,77200,87940
2,386,77400,87940
2,387,77600,87950
2,388,77800,87950
2,389,78000,87950
2,390,78200,87950
2,391,78400,87950
2,392,78600,87950
2,393,78800,87950
2,394,79000,87950
2,395,79200,87950
2,396,79400,87950
2,397,79600,87950
2,398,79800,87958
2,399,80000,87958
2,400,80200,87958
2,401,80400,87958
2,402,80600,87958
2,403,80800,87958
2,404,81000,87958
2,405,81200,87958
2,406,81400,87958
2,407,81600,87958
2,408,81800,87958
2,409,82000,87958
2,410,82200,87958
2,411,82400,87958
2,412,82600,87958
2,413,82800,87958
2,414,83000,87958
2,415,83200,87958
2,416,83400,87958
2,417,83600,87958
2,418,83800,87958
2,419,84000,87958
2,420,84200,87958
2,421,84400,87958
2,422,84600,87958
2,423,84800,87958
2,424,85000,87958
2,425,85200,87958
2,426,85400,87958
2,427,85600,87958
2,428,85800,87958
2,429,86000,87958
2,430,86200,87958
2,431,86400,87958
2,432,86600,87958
2,433,86800,87958
2,434,87000,87958
2,435,87200,87958
2,436,87400,87958
2,437,87600,87958
2,438,87800,87958
2,439,88000,87958
2,440,88200,87958
2,441,88400,87958
2,442,88600,87958
2,443,88800,87977
2,444,89000,87977
2,445,89200,87977
2,446,89400,87977
2,447,89600,87977
2,448,89800,87977
2,449,90000,87977
2,450,90200,87977
2,451,90400,87977
2,452,90600,87977
2,453,90800,87977
2,454,91000,87977
2,455,91200,87977
2,456,91400,87977
2,457,91600,87977
2,458,91800,87977
2,459,92000,87977
2,460,92200,87977
2,461,92400,87977
2,462,92600,87977
2,463,92800,87977
2,464,93000,87977
2,465,93200,87977
2,466,93400,87977
2,467,93600,87977
2,468,93800,87977
2,469,94000,87977
2,470,94200,87977
2,471,94400,87989
2,472,94600,87989
2,473,94800,87989
2,474,95000,87989
2,475,95200,87989
2,476,95400,87989
2,477,95600,87989
2,478,95800,87989
2,479,96000,87989
2,480,96200,87989
2,481,96400,87989
2,482,96600,87989
2,483,96800,87989
2,484,97000,87989
2,485,97200,87989
2,486,97400,87989
2,487,97600,87989
2,488,97800,87989
2,489,98000,87989
2,490,98200,87989
2,491,98400,87989
2,492,98600,87989
2,493,98800,87989
2,494,99000,87989
2,495,99200,87989
2,496,99400,87989
2,497,99600,87989
2,498,99800,87989
2,499,100000,87989
3,0,200,73914
3,1,400,75357
3,2,600,77216
3,3,800,77718
3,4,1000,78866
3,5,1200,79318
3,6,1400,79999
3,7,1600,80681
3,8,1800,80681
3,9,2000,80877
3,10,2200,80982
3,11,2400,81108
3,12,2600,81377
3,13,2800,81662
3,14,3000,82016
3,15,3200,82042
3,16,3400,82606
3,17,3600,82784
3,18,3800,83114
3,19,4000,83395
3,20,4200,83399
3,21,4400,83472
3,22,4600,83613
3,23,4800,83756
3,24,5000,83960
3,25,5200,84059
3,26,5400,84122
3,27,5600,84360
3,28,5800,84429
3,29,6000,84882
3,30,6200,84888
3,31,6400,84982
3,32,6600,85000
3,33,6800,85071
3,34,7000,85111
3,35,7200,85251
3,36,7400,85304
3,37,7600,85506
3,38,7800,85559
3,39,8000,85652
3,40,8200,85717
3,41,8400,85846
3,42,8600,85865
3,43,8800,86147
3,44,9000,86147
3,45,9200,86151
3,46,9400,86165
3,47,9600,86227
3,48,9800,86227
3,49,10000,86244
3,50,10200,86282
3,51,10400,86298
3,52,10600,86327
3,53,10800,86361
3,54,11000,86361
3,55,11200,86365
3,56,11400,86381
3,57,11600,86423
3,58,11800,86423
3,59,12000,86443
3,60,12200,86448
3,61,12400,86453
3,62,12600,86470
3,63,12800,86476
3,64,13000,86484
3,65,13200,86511
3,66,13400,86525
3,67,13600,86534
3,68,13800,86702
3,69,14000,86702
3,70,14200,86708
3,71,14400,86760
3,72,14600,86787
3,73,14800,86805
3,74,15000,86811
3,75,15200,86822
3,76,15400,86838
3,77,15600,86848
3,78,15800,86891
3,79,16000,86896
3,80,16200,86918
3,81,16400,86942
3,82,16600,86942
3,83,16800,87002
3,84,17000,87020
3,85,17200,87040
3,86,17400,87087
3,87,17600,87105
3,88,17800,87137
3,89,18000,87373
3,90,18200,87373
3,91,18400,87385
3,92,18600,87484
3,93,18800,87484
3,94,19000,87510
3,95,19200,87515
3,96,19400,87603
3,97,19600,87619
3,98,19800,87647
3,99,20000,87683
3,100,20200,87687
3,101,20400,87724
3,102,20600,87728
3,103,20800,87728
3,104,21000,87738
3,105,21200,87760
3,106,21400,87760
3,107,21600,87791
3,108,21800,87791
3,109,22000,87803
3,110,22200,87810
3,111,22400,87850
3,112,22600,87850
3,113,22800,87859
3,114,23000,87859
3,115,23200,87869
3,116,23400,87878
3,117,23600,87878
3,118,23800,87878
3,119,24000,87887
3,120,24200,87887
3,121,24400,87892
3,122,24600,87892
3,123,24800,87962
3,124,25000,87977
3,125,25200,87977
3,126,25400,87985
3,127,25600,87986
3,128,25800,88002
3,129,26000,88002
3,130,26200,88020
3,131,26400,88020
3,132,26600,88020
3,133,26800,88025
3,134,27000,88025
3,135,27200,88026
3,136,27400,88028
3,137,27600,88028
3,138,27800,88028
3,139,28000,88029
3,140,28200,88029
3,141,28400,88031
3,142,28600,88031
3,143,28800,88032
3,144,29000,88032
3,145,29200,88032
3,146,29400,88032
3,147,29600,88032
3,148,29800,88038
3,149,30000,88038
3,150,30200,88038
3,151,30400,88038
3,152,30600,88040
3,153,30800,88044
3,154,31000,88044
3,155,31200,88048
3,156,31400,88048
3,157,31600,88048
3,158,31800,88048
3,159,32000,88048
3,160,32200,88051
3,161,32400,88051
3,162,32600,88054
3,163,32800,88054
3,164,33000,88055
3,165,33200,88055
3,166,33400,88055
3,167,33600,88065
3,168,33800,88065
3,169,34000,88069
3,170,34200,88069
3,171,34400,88069
3,172,34600,88069
3,173,34800,88069
3,174,35000,88069
3,175,35200,88069
3,176,35400,88069
3,177,35600,88069
3,178,35800,88070
3,179,36000,88070
3,180,36200,88070
3,181,36400,88070
3,182,36600,88070
3,183,36800,88070
3,184,37000,88070
3,185,37200,88070
3,186,37400,88070
3,187,37600,88070
3,188,37800,88070
3,189,38000,88070
3,190,38200,88070
3,191,38400,88070
3,192,38600,88070
3,193,38800,88107
3,194,39000,88107
3,195,39200,88107
3,196,39400,88107
3,197,39600,88111
3,198,39800,88111
3,199,40000,88112
3,200,40200,88117
3,201,40400,88117
3,202,40600,88117
3,203,40800,88118
3,204,41000,88121
3,205,41200,88122
3,206,41400,88122
3,207,41600,88125
3,208,41800,88126
3,209,42000,88127
3,210,42200,88130
3,211,42400,88136
3,212,42600,88136
3,213,42800,88136
3,214,43000,88141
3,215,43200,88141
3,216,43400,88165
3,217,43600,88165
3,218,43800,88170
3,219,44000,88177
3,220,44200,88177
3,221,44400,88177
3,222,44600,88181
3,223,44800,88181
3,224,45000,88181
3,225,45200,88181
3,226,45400,88181
3,227,45600,88181
3,228,45800,88181
3,229,46000,88181
3,230,46200,88181
3,231,46400,88181
3,232,46600,88181
3,233,46800,88181
3,234,47000,88181
3,235,47200,88181
3,236,47400,88181
3,237,47600,88181
3,238,47800,88181
3,239,48000,88181
3,240,48200,88181
3,241,48400,88181
3,242,48600,88181
3,243,48800,88181
3,244,49000,88181
3,245,49200,88195
3,246,49400,88195
3,247,49600,88195
3,248,49800,88195
3,249,50000,88205
3,250,50200,88205
3,251,50400,88205
3,252,50600,88205
3,253,50800,88205
3,254,51000,88205
3,255,51200,88205
3,256,51400,88205
3,257,51600,88230
3,258,51800,88230
3,259,52000,88230
3,260,52200,88230
3,261,52400,88230
3,262,52600,88230
3,263,52800,88230
3,264,53000,88230
3,265,53200,88230
3,266,53400,88234
3,267,53600,88234
3,268,53800,88234
3,269,54000,88234
3,270,54200,88234
3,271,54400,88239
3,272,54600,88250
3,273,54800,88250
3,274,55000,88250
3,275,55200,88254
3,276,55400,88254
3,277,55600,88254
3,278,55800,88256
3,279,56000,88256
3,280,56200,88256
3,281,56400,88256
3,282,56600,88276
3,283,56800,88276
3,284,57000,88276
3,285,57200,88276
3,286,57400,88277
3,287,57600,88277
3,288,57800,88277
3,289,58000,88277
3,290,58200,88277
3,291,58400,88277
3,292,58600,88277
3,293,58800,88277
3,294,59000,88277
3,295,59200,88277
3,296,59400,88277
3,297,59600,88277
3,298,59800,88277
3,299,60000,88277
3,300,60200,88277
3,301,60400,88277
3,302,60600,88277
3,303,60800,88277
3,304,61000,88282
3,305,61200,88282
3,306,61400,88282
3,307,61600,88282
3,308,61800,88282
3,309,62000,88282
3,310,62200,88282
3,311,62400,88282
3,312,62600,88282
3,313,62800,88282
3,314,63000,88284
3,315,63200,88284
3,316,63400,88284
3,317,63600,88284
3,318,63800,88284
3,319,64000,88284
3,320,64200,88284
3,321,64400,88284
3,322,64600,88284
3,323,64800,88284
3,324,65000,88284
3,325,65200,88284
3,326,65400,88284
3,327,65600,88284
3,328,65800,88284
3,329,66000,88284
3,330,66200,88284
3,331,66400,88284
3,332,66600,88284
3,333,66800,88284
3,334,67000,88284
3,335,67200,88284
3,336,67400,88284
3,337,67600,88284
3,338,67800,88284
3,339,68000,88284
3,340,68200,88284
3,341,68400,88292
3,342,68600,88292
3,343,68800,88292
3,344,69000,88292
3,345,69200,88296
3,346,69400,88296
3,347,69600,88296
3,348,69800,88296
3,349,70000,88296
3,350,70200,88296
3,351,70400,88296
3,352,70600,88296
3,353,70800,88296
3,354,71000,88296
3,355,71200,88296
3,356,71400,88296
3,357,71600,88296
3,358,71800,88296
3,359,72000,88296
3,360,72200,88297
3,361,72400,88300
3,362,72600,88300
3,363,72800,88311
3,364,73000,88316
3,365,73200,88320
3,366,73400,88320
3,367,73600,88320
3,368,73800,88320
3,369,74000,88320
3,370,74200,88320
3,371,74400,88331
3,372,74600,88331
3,373,74800,88331
3,374,75000,88331
3,375,75200,88331
3,376,75400,88333
3,377,75600,88333
3,378,75800,88333
3,379,76000,88333
3,380,76200,88333
3,381,76400,88334
3,382,76600,88334
3,383,76800,88334
3,384,77000,88337
3,385,77200,88337
3,386,77400,88338
3,387,77600,88343
3,388,77800,88343
3,389,78000,88343
3,390,78200,88343
3,391,78400,88343
3,392,78600,88347
3,393,78800,88347
3,394,79000,88347
3,395,79200,88347
3,396,79400,88348
3,397,79600,88348
3,398,79800,88348
3,399,80000,88348
3,400,80200,88348
3,401,80400,88348
3,402,80600,88348
3,403,80800,88348
3,404,81000,88359
3,405,81200,88359
3,406,81400,88360
3,407,81600,88364
3,408,81800,88364
3,409,82000,88364
3,410,82200,88365
3,411,82400,88367
3,412,82600,88367
3,413,82800,88367
3,414,83000,88375
3,415,83200,88378
3,416,83400,88378
3,417,83600,88378
3,418,83800,88379
3,419,84000,88379
3,420,84200,88379
3,421,84400,88379
3,422,84600,88379
3,423,84800,88379
3,424,85000,88379
3,425,85200,88379
3,426,85400,88387
3,427,85600,88387
3,428,85800,88387
3,429,86000,88391
3,430,86200,88391
3,431,86400,88391
3,432,86600,88391
3,433,86800,88391
3,434,87000,88391
3,435,87200,88391
3,436,87400,88391
3,437,87600,88391
3,438,87800,88391
3,439,88000,88391
3,440,88200,88391
3,441,88400,88391
3,442,88600,88391
3,443,88800,88391
3,444,89000,88391
3,445,89200,88391
3,446,89400,88391
3,447,89600,88391
3,448,89800,88391
3,449,90000,88391
3,450,90200,88391
3,451,90400,88391
3,452,90600,88391
3,453,90800,88391
3,454,91000,88391
3,455,91200,88391
3,456,91400,88391
3,457,91600,88391
3,458,91800,88391
3,459,92000,88391
3,460,92200,88391
3,461,92400,88391
3,462,92600,88391
3,463,92800,88412
3,464,93000,88412
3,465,93200,88412
3,466,93400,88412
3,467,93600,88412
3,468,93800,88412
3,469,94000,88412
3,470,94200,88412
3,471,94400,88412
3,472,94600,88412
3,473,94800,88412
3,474,95000,88412
3,475,95200,88412
3,476,95400,88414
3,477,95600,88414
3,478,95800,88414
3,479,96000,88414
3,480,96200,88414
3,481,96400,88414
3,482,96600,88414
3,483,96800,88419
3,484,97000,88419
3,485,97200,88419
3,486,97400,88420
3,487,97600,88420
3,488,97800,88420
3,489,98000,88420
3,490,98200,88420
3,491,98400,88420
3,492,98600,88420
3,493,98800,88438
3,494,99000,88438
3,495,99200,88438
3,496,99400,88438
3,497,99600,88438
3,498,99800,88438
3,499,100000,88438
4,0,200,71796
4,1,400,74474
4,2,600,76055
4,3,800,77905
4,4,1000,78904
4,5,1200,80625
4,6,1400,80765
4,7,1600,80906
4,8,1800,81101
4,9,2000,81415
4,10,2200,81580
4,11,2400,81867
4,12,2600,81978
4,13,2800,82016
4,14,3000,83687
4,15,3200,83843
4,16,3400,83897
4,17,3600,83997
4,18,3800,84248
4,19,4000,84268
4,20,4200,84320
4,21,4400,84510
4,22,4600,84917
4,23,4800,84929
4,24,5000,85275
4,25,5200,85295
4,26,5400,85305
4,27,5600,85369
4,28,5800,85374
4,29,6000,85381
4,30,6200,85403
4,31,6400,85827
4,32,6600,85827
4,33,6800,85846
4,34,7000,85861
4,35,7200,85923
4,36,7400,85923
4,37,7600,85927
4,38,7800,85981
4,39,8000,86033
4,40,8200,86155
4,41,8400,86165
4,42,8600,86215
4,43,8800,86226
4,44,9000,86245
4,45,9200,86257
4,46,9400,86281
4,47,9600,86476
4,48,9800,86476
4,49,10000,86476
4,50,10200,86477
4,51,10400,86526
4,52,10600,86585
4,53,10800,86591
4,54,11000,86611
4,55,11200,86611
4,56,11400,86627
4,57,11600,86636
4,58,11800,86695
4,59,12000,86715
4,60,12200,86715
4,61,12400,86727
4,62,12600,86731
4,63,12800,86781
4,64,13000,86781
4,65,13200,86821
4,66,13400,86821
4,67,13600,86834
4,68,13800,86917
4,69,14000,86923
4,70,14200,86937
4,71,14400,86979
4,72,14600,87002
4,73,14800,87071
4,74,15000,87071
4,75,15200,87122
4,76,15400,87123
4,77,15600,87162
4,78,15800,87166
4,79,16000,87173
4,80,16200,87179
4,81,16400,87216
4,82,16600,87216
4,83,16800,87218
4,84,17000,87235
4,85,17200,87235
4,86,17400,87245
4,87,17600,87274
4,88,17800,87293
4,89,18000,87299
4,90,18200,87310
4,91,18400,87323
4,92,18600,87324
4,93,18800,87352
4,94,19000,87358
4,95,19200,87367
4,96,19400,87367
4,97,19600,87373
4,98,19800,87378
4,99,20000,87383
4,100,20200,87399
4,101,20400,87399
4,102,20600,87399
4,103,20800,87401
4,104,21000,87414
4,105,21200,87414
4,106,21400,87442
4,107,21600,87442
4,108,21800,87442
4,109,22000,87456
4,110,22200,87456
4,111,22400,87456
4,112,22600,87456
4,113,22800,87456
4,114,23000,87458
4,115,23200,87458
4,116,23400,87458
4,117,23600,87458
4,118,23800,87458
4,119,24000,87458
4,120,24200,87481
4,121,24400,87481
4,122,24600,87481
4,123,24800,87481
4,124,25000,87481
4,125,25200,87481
4,126,25400,87481
4,127,25600,87489
4,128,25800,87489
4,129,26000,87516
4,130,26200,87524
4,131,26400,87550
4,132,26600,87550
4,133,26800,87550
4,134,27000,87562
4,135,27200,87562
4,136,27400,87569
4,137,27600,87585
4,138,27800,87586
4,139,28000,87588
4,140,28200,87589
4,141,28400,87589
4,142,28600,87602
4,143,28800,87602
4,144,29000,87602
4,145,29200,87604
4,146,29400,87604
4,147,29600,87604
4,148,29800,87604
4,149,30000,87604
4,150,30200,87604
4,151,30400,87604
4,152,30600,87608
4,153,30800,87608
4,154,31000,87608
4,155,31200,87608
4,156,31400,87608
4,157,31600,87608
4,158,31800,87608
4,159,32000,87608
4,160,32200,87608
4,161,32400,87608
4,162,32600,87608
4,163,32800,87608
4,164,33000,87608
4,165,33200,87608
4,166,33400,87627
4,167,33600,87627
4,168,33800,87627
4,169,34000,87627
4,170,34200,87631
4,171,34400,87633
4,172,34600,87633
4,173,34800,87633
4,174,35000,87633
4,175,35200,87633
4,176,35400,87633
4,177,35600,87633
4,178,35800,87633
4,179,36000,87633
4,180,36200,87633
4,181,36400,87646
4,182,36600,87646
4,183,36800,87646
4,184,37000,87646
4,185,37200,87646
4,186,37400,87646
4,187,37600,87646
4,188,37800,87646
4,189,38000,87646
4,190,38200,87646
4,191,38400,87646
4,192,38600,87646
4,193,38800,87646
4,194,39000,87646
4,195,39200,87646
4,196,39400,87646
4,197,39600,87646
4,198,39800,87646
4,199,40000,87646
4,200,40200,87646
4,201,40400,87646
4,202,40600,87646
4,203,40800,87646
4,204,41000,87646
4,205,41200,87646
4,206,41400,87646
4,207,41600,87659
4,208,41800,87659
4,209,42000,87659
4,210,42200,87659
4,211,42400,87659
4,212,42600,87659
4,213,42800,87659
4,214,43000,87659
4,215,43200,87659
4,216,43400,87659
4,217,43600,87659
4,218,43800,87659
4,219,44000,87659
4,220,44200,87659
4,221,44400,87659
4,222,44600,87659
4,223,44800,87659
4,224,45000,87659
4,225,45200,87659
4,226,45400,87659
4,227,45600,87659
4,228,45800,87669
4,229,46000,87669
4,230,46200,87669
4,231,46400,87669
4,232,46600,87669
4,233,46800,87669
4,234,47000,87669
4,235,47200,87669
4,236,47400,87669
4,237,47600,87669
4,238,47800,87669
4,239,48000,87669
4,240,48200,87673
4,241,48400,87673
4,242,48600,87673
4,243,48800,87673
4,244,49000,87673
4,245,49200,87673
4,246,49400,87673
4,247,49600,87673
4,248,49800,87673
4,249,50000,87673
4,250,50200,87673
4,251,50400,87727
4,252,50600,87727
4,253,50800,87727
4,254,51000,87727
4,255,51200,87727
4,256,51400,87731
4,257,51600,87731
4,258,51800,87754
4,259,52000,87757
4,260,52200,87757
4,261,52400,87757
4,262,52600,87761
4,263,52800,87761
4,264,53000,87774
4,265,53200,87782
4,266,53400,87782
4,267,53600,87782
4,268,53800,87783
4,269,54000,87783
4,270,54200,87783
4,271,54400,87783
4,272,54600,87799
4,273,54800,87799
4,274,55000,87809
4,275,55200,87809
4,276,55400,87827
4,277,55600,87828
4,278,55800,87836
4,279,56000,87847
4,280,56200,87847
4,281,56400,87847
4,282,56600,87849
4,283,56800,87853
4,284,57000,87853
4,285,57200,87853
4,286,57400,87855
4,287,57600,87855
4,288,57800,87855
4,289,58000,87855
4,290,58200,87855
4,291,58400,87855
4,292,58600,87855
4,293,58800,87855
4,294,59000,87855
4,295,59200,87855
4,296,59400,87855
4,297,59600,87855
4,298,59800,87855
4,299,60000,87855
4,300,60200,87858
4,301,60400,87858
4,302,60600,87858
4,303,60800,87858
4,304,61000,87858
4,305,61200,87858
4,306,61400,87858
4,307,61600,87858
4,308,61800,87858
4,309,62000,87858
4,310,62200,87858
4,311,62400,87858
4,312,62600,87858
4,313,62800,87858
4,314,63000,87858
4,315,63200,87858
4,316,63400,87858
4,317,63600,87858
4,318,63800,87858
4,319,64000,87858
4,320,64200,87858
4,321,64400,87858
4,322,64600,87858
4,323,64800,87858
4,324,65000,87859
4,325,65200,87859
4,326,65400,87859
4,327,65600,87859
4,328,65800,87859
4,329,66000,87859
4,330,66200,87859
4,331,66400,87859
4,332,66600,87859
4,333,66800,87859
4,334,67000,87859
4,335,67200,87859
4,336,67400,87859
4,337,67600,87859
4,338,67800,87859
4,339,68000,87859
4,340,68200,87859
4,341,68400,87859
4,342,68600,87859
4,343,68800,87859
4,344,69000,87859
4,345,69200,87859
4,346,69400,87859
4,347,69600,87859
4,348,69800,87859
4,349,70000,87859
4,350,70200,87859
4,351,70400,87859
4,352,70600,87859
4,353,70800,87859
4,354,71000,87859
4,355,71200,87859
4,356,71400,87859
4,357,71600,87859
4,358,71800,87859
4,359,72000,87859
4,360,72200,87859
4,361,72400,87859
4,362,72600,87859
4,363,72800,87859
4,364,73000,87859
4,365,73200,87859
4,366,73400,87907
4,367,73600,87907
4,368,73800,87907
4,369,74000,87907
4,370,74200,87907
4,371,74400,87907
4,372,74600,87907
4,373,74800,87907
4,374,75000,87907
4,375,75200,87907
4,376,75400,87907
4,377,75600,87907
4,378,75800,87907
4,379,76000,87907
4,380,76200,87907
4,381,76400,87907
4,382,76600,87907
4,383,76800,87907
4,384,77000,87907
4,385,77200,87907
4,386,77400,87907
4,387,77600,87907
4,388,77800,87907
4,389,78000,87907
4,390,78200,87937
4,391,78400,87937
4,392,78600,87937
4,393,78800,87937
4,394,79000,87937
4,395,79200,87937
4,396,79400,87937
4,397,79600,87937
4,398,79800,87937
4,399,80000,87937
4,400,80200,87939
4,401,80400,87939
4,402,80600,87939
4,403,80800,87939
4,404,81000,87939
4,405,81200,87939
4,406,81400,87939
4,407,81600,87939
4,408,81800,87939
4,409,82000,87939
4,410,82200,87939
4,411,82400,87939
4,412,82600,87939
4,413,82800,87940
4,414,83000,87940
4,415,83200,87940
4,416,83400,87949
4,417,83600,87950
4,418,83800,87950
4,419,84000,87950
4,420,84200,87950
4,421,84400,87950
4,422,84600,87950
4,423,84800,87952
4,424,85000,87952
4,425,85200,87952
4,426,85400,87953
4,427,85600,87953
4,428,85800,87953
4,429,86000,87953
4,430,86200,87953
4,431,86400,87953
4,432,86600,87953
4,433,86800,87953
4,434,87000,87953
4,435,87200,87953
4,436,87400,87953
4,437,87600,87953
4,438,87800,87953
4,439,88000,87953
4,440,88200,87953
4,441,88400,87953
4,442,88600,87953
4,443,88800,87953
4,444,89000,87953
4,445,89200,87953
4,446,89400,87953
4,447,89600,87953
4,448,89800,87953
4,449,90000,87970
4,450,90200,87970
4,451,90400,87970
4,452,90600,87970
4,453,90800,87970
4,454,91000,87970
4,455,91200,87970
4,456,91400,87970
4,457,91600,87978
4,458,91800,87978
4,459,92000,87978
4,460,92200,87978
4,461,92400,87979
4,462,92600,87979
4,463,92800,87979
4,464,93000,87979
4,465,93200,87979
4,466,93400,87979
4,467,93600,87979
4,468,93800,87979
4,469,94000,87979
4,470,94200,87979
4,471,94400,87979
4,472,94600,87979
4,473,94800,87979
4,474,95000,87979
4,475,95200,87979
4,476,95400,87997
4,477,95600,87997
4,478,95800,87997
4,479,96000,87999
4,480,96200,87999
4,481,96400,87999
4,482,96600,87999
4,483,96800,88000
4,484,97000,88004
4,485,97200,88004
4,486,97400,88004
4,487,97600,88005
4,488,97800,88005
4,489,98000,88005
4,490,98200,88005
4,491,98400,88005
4,492,98600,88005
4,493,98800,88005
4,494,99000,88005
4,495,99200,88005
4,496,99400,88005
4,497,99600,88005
4,498,99800,88005
4,499,100000,88005
5,0,200,72511
5,1,400,75183
5,2,600,77012
5,3,800,78372
5,4,1000,79392
5,5,1200,79861
5,6,1400,80408
5,7,1600,80688
5,8,1800,81458
5,9,2000,81669
5,10,2200,82159
5,11,2400,82388
5,12,2600,82660
5,13,2800,82973
5,14,3000,83165
5,15,3200,83271
5,16,3400,83610
5,17,3600,83793
5,18,3800,84214
5,19,4000,84214
5,20,4200,84325
5,21,4400,84325
5,22,4600,84457
5,23,4800,84549
5,24,5000,84565
5,25,5200,84834
5,26,5400,84892
5,27,5600,84964
5,28,5800,85127
5,29,6000,85127
5,30,6200,85403
5,31,6400,85403
5,32,6600,85520
5,33,6800,85520
5,34,7000,85551
5,35,7200,85563
5,36,7400,85565
5,37,7600,85724
5,38,7800,85724
5,39,8000,85818
5,40,8200,85857
5,41,8400,85861
5,42,8600,85861
5,43,8800,85941
5,44,9000,85941
5,45,9200,85941
5,46,9400,85990
5,47,9600,85990
5,48,9800,85990
5,49,10000,85996
5,50,10200,86055
5,51,10400,86060
5,52,10600,86070
5,53,10800,86111
5,54,11000,86216
5,55,11200,86221
5,56,11400,86258
5,57,11600,86258
5,58,11800,86283
5,59,12000,86437
5,60,12200,86494
5,61,12400,86529
5,62,12600,86529
5,63,12800,86759
5,64,13000,86787
5,65,13200,86793
5,66,13400,86793
5,67,13600,86808
5,68,13800,86814
5,69,14000,86832
5,70,14200,86841
5,71,14400,86841
5,72,14600,86867
5,73,14800,86867
5,74,15000,86879
5,75,15200,87015
5,76,15400,87015
5,77,15600,87071
5,78,15800,87083
5,79,16000,87096
5,80,16200,87113
5,81,16400,87113
5,82,16600,87113
5,83,16800,87124
5,84,17000,87124
5,85,17200,87229
5,86,17400,87240
5,87,17600,87241
5,88,17800,87241
5,89,18000,87249
5,90,18200,87249
5,91,18400,87286
5,92,18600,87290
5,93,18800,87290
5,94,19000,87342
5,95,19200,87369
5,96,19400,87369
5,97,19600,87375
5,98,19800,87377
5,99,20000,87392
5,100,20200,87392
5,101,20400,87409
5,102,20600,87412
5,103,20800,87412
5,104,21000,87485
5,105,21200,87512
5,106,21400,87512
5,107,21600,87512
5,108,21800,87530
5,109,22000,87530
5,110,22200,87546
5,111,22400,87546
5,112,22600,87561
5,113,22800,87575
5,114,23000,87575
5,115,23200,87579
5,116,23400,87579
5,117,23600,87639
5,118,23800,87639
5,119,24000,87645
5,120,24200,87645
5,121,24400,87645
5,122,24600,87649
5,123,24800,87649
5,124,25000,87649
5,125,25200,87652
5,126,25400,87652
5,127,25600,87656
5,128,25800,87659
5,129,26000,87687
5,130,26200,87687
5,131,26400,87687
5,132,26600,87703
5,133,26800,87703
5,134,27000,87703
5,135,27200,87713
5,136,27400,87734
5,137,27600,87734
5,138,27800,87743
5,139,28000,87743
5,140,28200,87743
5,141,28400,87745
5,142,28600,87754
5,143,28800,87754
5,144,29000,87754
5,145,29200,87757
5,146,29400,87766
5,147,29600,87766
5,148,29800,87768
5,149,30000,87827
5,150,30200,87827
5,151,30400,87828
5,152,30600,87828
5,153,30800,87839
5,154,31000,87848
5,155,31200,87854
5,156,31400,87862
5,157,31600,87862
5,158,31800,87862
5,159,32000,87863
5,160,32200,87864
5,161,32400,87872
5,162,32600,87872
5,163,32800,87872
5,164,33000,87872
5,165,33200,87874
5,166,33400,87882
5,167,33600,87883
5,168,33800,87883
5,169,34000,87884
5,170,34200,87884
5,171,34400,87884
5,172,34600,87888
5,173,34800,87888
5,174,35000,87892
5,175,35200,87892
5,176,35400,87895
5,177,35600,87897
5,178,35800,87901
5,179,36000,87901
5,180,36200,87902
5,181,36400,87902
5,182,36600,87908
5,183,36800,87908
5,184,37000,87910
5,185,37200,87910
5,186,37400,87913
5,187,37600,87913
5,188,37800,87913
5,189,38000,87913
5,190,38200,87913
5,191,38400,87914
5,192,38600,87914
5,193,38800,87914
5,194,39000,87914
5,195,39200,87914
5,196,39400,87914
5,197,39600,87914
5,198,39800,87914
5,199,40000,87914
5,200,40200,87914
5,201,40400,87914
5,202,40600,87914
5,203,40800,87914
5,204,41000,87914
5,205,41200,87914
5,206,41400,87914
5,207,41600,87914
5,208,41800,87920
5,209,42000,87920
5,210,42200,87920
5,211,42400,87922
5,212,42600,87928
5,213,42800,87928
5,214,43000,87932
5,215,43200,87956
5,216,43400,87965
5,217,43600,87965
5,218,43800,87965
5,219,44000,87965
5,220,44200,87965
5,221,44400,87965
5,222,44600,87965
5,223,44800,87965
5,224,45000,87965
5,225,45200,87965
5,226,45400,87965
5,227,45600,87965
5,228,45800,87965
5,229,46000,87965
5,230,46200,87965
5,231,46400,87965
5,232,46600,87965
5,233,46800,87965
5,234,47000,87984
5,235,47200,87984
5,236,47400,87984
5,237,47600,87984
5,238,47800,87993
5,239,48000,87993
5,240,48200,87993
5,241,48400,87993
5,242,48600,87994
5,243,48800,87994
5,244,49000,87994
5,245,49200,87994
5,246,49400,88006
5,247,49600,88006
5,248,49800,88006
5,249,50000,88006
5,250,50200,88006
5,251,50400,88006
5,252,50600,88006
5,253,50800,88006
5,254,51000,88006
5,255,51200,88006
5,256,51400,88006
5,257,51600,88006
5,258,51800,88006
5,259,52000,88006
5,260,52200,88006
5,261,52400,88006
5,262,52600,88006
5,263,52800,88006
5,264,53000,88006
5,265,53200,88006
5,266,53400,88012
5,267,53600,88012
5,268,53800,88012
5,269,54000,88012
5,270,54200,88012
5,271,54400,88012
5,272,54600,88012
5,273,54800,88012
5,274,55000,88012
5,275,55200,88012
5,276,55400,88014
5,277,55600,88014
5,278,55800,88015
5,279,56000,88015
5,280,56200,88017
5,281,56400,88017
5,282,56600,88017
5,283,56800,88021
5,284,57000,88029
5,285,57200,88029
5,286,57400,88029
5,287,57600,88029
5,288,57800,88029
5,289,58000,88029
5,290,58200,88029
5,291,58400,88029
5,292,58600,88029
5,293,58800,88029
5,294,59000,88029
5,295,59200,88029
5,296,59400,88029
5,297,59600,88029
5,298,59800,88029
5,299,60000,88029
5,300,60200,88029
5,301,60400,88030
5,302,60600,88036
5,303,60800,88036
5,304,61000,88036
5,305,61200,88037
5,306,61400,88049
5,307,61600,88049
5,308,61800,88050
5,309,62000,88051
5,310,62200,88052
5,311,62400,88052
5,312,62600,88052
5,313,62800,88052
5,314,63000,88052
5,315,63200,88057
5,316,63400,88057
5,317,63600,88057
5,318,63800,88057
5,319,64000,88057
5,320,64200,88062
5,321,64400,88062
5,322,64600,88067
5,323,64800,88069
5,324,65000,88071
5,325,65200,88071
5,326,65400,88071
5,327,65600,88071
5,328,65800,88076
5,329,66000,88076
5,330,66200,88076
5,331,66400,88076
5,332,66600,88082
5,333,66800,88083
5,334,67000,88083
5,335,67200,88087
5,336,67400,88087
5,337,67600,88087
5,338,67800,88087
5,339,68000,88087
5,340,68200,88087
5,341,68400,88087
5,342,68600,88087
5,343,68800,88099
5,344,69000,88099
5,345,69200,88099
5,346,69400,88099
5,347,69600,88099
5,348,69800,88099
5,349,70000,88099
5,350,70200,88099
5,351,70400,88099
5,352,70600,88099
5,353,70800,88099
5,354,71000,88099
5,355,71200,88111
5,356,71400,88111
5,357,71600,88111
5,358,71800,88111
5,359,72000,88111
5,360,72200,88111
5,361,72400,88111
5,362,72600,88111
5,363,72800,88111
5,364,73000,88111
5,365,73200,88111
5,366,73400,88111
5,367,73600,88111
5,368,73800,88111
5,369,74000,88111
5,370,74200,88113
5,371,74400,88113
5,372,74600,88113
5,373,74800,88113
5,374,75000,88113
5,375,75200,88113
5,376,75400,88113
5,377,75600,88113
5,378,75800,88113
5,379,76000,88113
5,380,76200,88113
5,381,76400,88113
5,382,76600,88113
5,383,76800,88113
5,384,77000,88113
5,385,77200,88113
5,386,77400,88113
5,387,77600,88113
5,388,77800,88113
5,389,78000,88113
5,390,78200,88113
5,391,78400,88113
5,392,78600,88113
5,393,78800,88113
5,394,79000,88113
5,395,79200,88113
5,396,79400,88113
5,397,79600,88113
5,398,79800,88113
5,399,80000,88113
5,400,80200,88121
5,401,80400,88121
5,402,80600,88121
5,403,80800,88121
5,404,81000,88125
5,405,81200,88125
5,406,81400,88125
5,407,81600,88125
5,408,81800,88125
5,409,82000,88125
5,410,82200,88125
5,411,82400,88125
5,412,82600,88125
5,413,82800,88125
5,414,83000,88125
5,415,83200,88125
5,416,83400,88125
5,417,83600,88127
5,418,83800,88127
5,419,84000,88127
5,420,84200,88129
5,421,84400,88129
5,422,84600,88129
5,423,84800,88130
5,424,85000,88130
5,425,85200,88130
5,426,85400,88130
5,427,85600,88130
5,428,85800,88130
5,429,86000,88130
5,430,86200,88130
5,431,86400,88132
5,432,86600,88132
5,433,86800,88132
5,434,87000,88132
5,435,87200,88132
5,436,87400,88132
5,437,87600,88134
5,438,87800,88134
5,439,88000,88134
5,440,88200,88134
5,441,88400,88134
5,442,88600,88134
5,443,88800,88135
5,444,89000,88135
5,445,89200,88135
5,446,89400,88135
5,447,89600,88135
5,448,89800,88135
5,449,90000,88135
5,450,90200,88135
5,451,90400,88141
5,452,90600,88141
5,453,90800,88141
5,454,91000,88145
5,455,91200,88145
5,456,91400,88145
5,457,91600,88145
5,458,91800,88145
5,459,92000,88145
5,460,92200,88145
5,461,92400,88145
5,462,92600,88145
5,463,92800,88145
5,464,93000,88145
5,465,93200,88145
5,466,93400,88145
5,467,93600,88145
5,468,93800,88145
5,469,94000,88145
5,470,94200,88145
5,471,94400,88145
5,472,94600,88145
5,473,94800,88145
5,474,95000,88145
5,475,95200,88145
5,476,95400,88145
5,477,95600,88145
5,478,95800,88145
5,479,96000,88145
5,480,96200,88145
5,481,96400,88145
5,482,96600,88145
5,483,96800,88156
5,484,97000,88156
5,485,97200,88156
5,486,97400,88156
5,487,97600,88156
5,488,97800,88156
5,489,98000,88156
5,490,98200,88156
5,491,98400,88156
5,492,98600,88156
5,493,98800,88156
5,494,99000,88156
5,495,99200,88156
5,496,99400,88156
5,497,99600,88156
5,498,99800,88156
5,499,100000,88156
6,0,200,72598
6,1,400,75193
6,2,600,77135
6,3,800,79521
6,4,1000,80000
6,5,1200,80504
6,6,1400,80660
6,7,1600,80861
6,8,1800,81401
6,9,2000,81533
6,10,2200,81621
6,11,2400,81858
6,12,2600,82716
6,13,2800,82728
6,14,3000,83292
6,15,3200,83628
6,16,3400,83677
6,17,3600,83677
6,18,3800,83968
6,19,4000,84004
6,20,4200,84210
6,21,4400,84642
6,22,4600,84759
6,23,4800,84763
6,24,5000,84815
6,25,5200,84903
6,26,5400,84907
6,27,5600,84949
6,28,5800,84958
6,29,6000,84973
6,30,6200,84981
6,31,6400,84986
6,32,6600,85139
6,33,6800,85198
6,34,7000,85201
6,35,7200,85208
6,36,7400,85616
6,37,7600,85616
6,38,7800,85616
6,39,8000,85790
6,40,8200,85798
6,41,8400,85834
6,42,8600,85919
6,43,8800,85928
6,44,9000,85996
6,45,9200,86086
6,46,9400,86088
6,47,9600,86117
6,48,9800,86166
6,49,10000,86169
6,50,10200,86184
6,51,10400,86187
6,52,10600,86200
6,53,10800,86295
6,54,11000,86310
6,55,11200,86310
6,56,11400,86341
6,57,11600,86417
6,58,11800,86417
6,59,12000,86448
6,60,12200,86464
6,61,12400,86522
6,62,12600,86522
6,63,12800,86570
6,64,13000,86570
6,65,13200,86570
6,66,13400,86626
6,67,13600,86626
6,68,13800,86641
6,69,14000,86728
6,70,14200,86728
6,71,14400,86823
6,72,14600,86823
6,73,14800,86835
6,74,15000,86879
6,75,15200,86893
6,76,15400,86905
6,77,15600,86925
6,78,15800,87149
6,79,16000,87160
6,80,16200,87160
6,81,16400,87168
6,82,16600,87168
6,83,16800,87169
6,84,17000,87174
6,85,17200,87180
6,86,17400,87180
6,87,17600,87180
6,88,17800,87287
6,89,18000,87293
6,90,18200,87293
6,91,18400,87293
6,92,18600,87295
6,93,18800,87297
6,94,19000,87297
6,95,19200,87307
6,96,19400,87324
6,97,19600,87324
6,98,19800,87324
6,99,20000,87336
6,100,20200,87336
6,101,20400,87336
6,102,20600,87344
6,103,20800,87363
6,104,21000,87363
6,105,21200,87410
6,106,21400,87440
6,107,21600,87440
6,108,21800,87440
6,109,22000,87448
6,110,22200,87448
6,111,22400,87448
6,112,22600,87458
6,113,22800,87458
6,114,23000,87461
6,115,23200,87461
6,116,23400,87461
6,117,23600,87464
6,118,23800,87464
6,119,24000,87464
6,120,24200,87464
6,121,24400,87470
6,122,24600,87470
6,123,24800,87498
6,124,25000,87504
6,125,25200,87504
6,126,25400,87546
6,127,25600,87546
6,128,25800,87546
6,129,26000,87546
6,130,26200,87546
6,131,26400,87546
6,132,26600,87546
6,133,26800,87593
6,134,27000,87593
6,135,27200,87593
6,136,27400,87601
6,137,27600,87603
6,138,27800,87603
6,139,28000,87603
6,140,28200,87603
6,141,28400,87610
6,142,28600,87625
6,143,28800,87625
6,144,29000,87625
6,145,29200,87625
6,146,29400,87626
6,147,29600,87629
6,148,29800,87631
6,149,30000,87632
6,150,30200,87641
6,151,30400,87641
6,152,30600,87667
6,153,30800,87674
6,154,31000,87674
6,155,31200,87719
6,156,31400,87719
6,157,31600,87721
6,158,31800,87728
6,159,32000,87731
6,160,32200,87731
6,161,32400,87735
6,162,32600,87738
6,163,32800,87738
6,164,33000,87741
6,165,33200,87749
6,166,33400,87749
6,167,33600,87755
6,168,33800,87779
6,169,34000,87796
6,170,34200,87796
6,171,34400,87811
6,172,34600,87814
6,173,34800,87814
6,174,35000,87841
6,175,35200,87848
6,176,35400,87853
6,177,35600,87857
6,178,35800,87858
6,179,36000,87863
6,180,36200,87867
6,181,36400,87869
6,182,36600,87873
6,183,36800,87876
6,184,37000,87877
6,185,37200,87885
6,186,37400,87885
6,187,37600,87885
6,188,37800,87886
6,189,38000,87888
6,190,38200,87897
6,191,38400,87897
6,192,38600,87900
6,193,38800,87901
6,194,39000,87904
6,195,39200,87907
6,196,39400,87912
6,197,39600,87913
6,198,39800,87916
6,199,40000,87916
6,200,40200,87929
6,201,40400,87933
6,202,40600,87933
6,203,40800,87940
6,204,41000,87940
6,205,41200,87940
6,206,41400,87945
6,207,41600,87945
6,208,41800,87945
6,209,42000,87945
6,210,42200,87947
6,211,42400,87947
6,212,42600,87947
6,213,42800,87947
6,214,43000,87947
6,215,43200,87947
6,216,43400,87949
6,217,43600,87949
6,218,43800,87949
6,219,44000,87949
6,220,44200,87949
6,221,44400,87949
6,222,44600,87950
6,223,44800,87950
6,224,45000,87950
6,225,45200,87950
6,226,45400,87950
6,227,45600,87959
6,228,45800,87959
6,229,46000,87961
6,230,46200,87961
6,231,46400,87961
6,232,46600,87973
6,233,46800,87973
6,234,47000,87973
6,235,47200,87974
6,236,47400,87974
6,237,47600,87974
6,238,47800,87986
6,239,48000,87986
6,240,48200,87986
6,241,48400,87986
6,242,48600,87986
6,243,48800,87986
6,244,49000,87986
6,245,49200,87986
6,246,49400,87986
6,247,49600,87986
6,248,49800,87986
6,249,50000,87986
6,250,50200,87986
6,251,50400,87986
6,252,50600,87986
6,253,50800,87986
6,254,51000,87986
6,255,51200,87986
6,256,51400,87986
6,257,51600,87986
6,258,51800,87986
6,259,52000,87986
6,260,52200,87986
6,261,52400,87986
6,262,52600,87986
6,263,52800,87995
6,264,53000,87995
6,265,53200,87995
6,266,53400,87995
6,267,53600,87995
6,268,53800,87995
6,269,54000,87995
6,270,54200,87995
6,271,54400,87995
6,272,54600,87995
6,273,54800,87995
6,274,55000,87995
6,275,55200,88007
6,276,55400,88007
6,277,55600,88007
6,278,55800,88007
6,279,56000,88007
6,280,56200,88007
6,281,56400,88007
6,282,56600,88007
6,283,56800,88007
6,284,57000,88007
6,285,57200,88007
6,286,57400,88007
6,287,57600,88007
6,288,57800,88007
6,289,58000,88007
6,290,58200,88007
6,291,58400,88007
6,292,58600,88007
6,293,58800,88007
6,294,59000,88007
6,295,59200,88007
6,296,59400,88007
6,297,59600,88007
6,298,59800,88007
6,299,60000,88007
6,300,60200,88007
6,301,60400,88007
6,302,60600,88007
6,303,60800,88007
6,304,61000,88007
6,305,61200,88007
6,306,61400,88007
6,307,61600,88015
6,308,61800,88015
6,309,62000,88015
6,310,62200,88015
6,311,62400,88015
6,312,62600,88015
6,313,62800,88015
6,314,63000,88015
6,315,63200,88016
6,316,63400,88016
6,317,63600,88016
6,318,63800,88016
6,319,64000,88016
6,320,64200,88016
6,321,64400,88016
6,322,64600,88016
6,323,64800,88023
6,324,65000,88023
6,325,65200,88023
6,326,65400,88023
6,327,65600,88028
6,328,65800,88028
6,329,66000,88031
6,330,66200,88031
6,331,66400,88031
6,332,66600,88031
6,333,66800,88031
6,334,67000,88031
6,335,67200,88031
6,336,67400,88031
6,337,67600,88031
6,338,67800,88031
6,339,68000,88031
6,340,68200,88031
6,341,68400,88031
6,342,68600,88031
6,343,68800,88031
6,344,69000,88031
6,345,69200,88031
6,346,69400,88031
6,347,69600,88031
6,348,69800,88031
6,349,70000,88031
6,350,70200,88031
6,351,70400,88031
6,352,70600,88031
6,353,70800,88031
6,354,71000,88031
6,355,71200,88031
6,356,71400,88031
6,357,71600,88031
6,358,71800,88031
6,359,72000,88031
6,360,72200,88031
6,361,72400,88031
6,362,72600,88031
6,363,72800,88031
6,364,73000,88031
6,365,73200,88031
6,366,73400,88031
6,367,73600,88031
6,368,73800,88043
6,369,74000,88043
6,370,74200,88043
6,371,74400,88048
6,372,74600,88051
6,373,74800,88051
6,374,75000,88051
6,375,75200,88051
6,376,75400,88051
6,377,75600,88051
6,378,75800,88051
6,379,76000,88051
6,380,76200,88051
6,381,76400,88051
6,382,76600,88051
6,383,76800,88051
6,384,77000,88051
6,385,77200,88058
6,386,77400,88058
6,387,77600,88058
6,388,77800,88058
6,389,78000,88058
6,390,78200,88058
6,391,78400,88058
6,392,78600,88058
6,393,78800,88058
6,394,79000,88058
6,395,79200,88058
6,396,79400,88058
6,397,79600,88058
6,398,79800,88058
6,399,80000,88064
6,400,80200,88064
6,401,80400,88064
6,402,80600,88064
6,403,80800,88064
6,404,81000,88064
6,405,81200,88064
6,406,81400,88064
6,407,81600,88072
6,408,81800,88072
6,409,82000,88072
6,410,82200,88072
6,411,82400,88072
6,412,82600,88072
6,413,82800,88072
6,414,83000,88072
6,415,83200,88072
6,416,83400,88072
6,417,83600,88072
6,418,83800,88072
6,419,84000,88072
6,420,84200,88072
6,421,84400,88072
6,422,84600,88072
6,423,84800,88072
6,424,85000,88072
6,425,85200,88072
6,426,85400,88072
6,427,85600,88072
6,428,85800,88072
6,429,86000,88072
6,430,86200,88072
6,431,86400,88072
6,432,86600,88072
6,433,86800,88072
6,434,87000,88072
6,435,87200,88072
6,436,87400,88072
6,437,87600,88072
6,438,87800,88072
6,439,88000,88072
6,440,88200,88072
6,441,88400,88072
6,442,88600,88072
6,443,88800,88072
6,444,89000,88072
6,445,89200,88072
6,446,89400,88072
6,447,89600,88072
6,448,89800,88072
6,449,90000,88072
6,450,90200,88072
6,451,90400,88072
6,452,90600,88072
6,453,90800,88072
6,454,91000,88072
6,455,91200,88072
6,456,91400,88072
6,457,91600,88072
6,458,91800,88072
6,459,92000,88072
6,460,92200,88072
6,461,92400,88072
6,462,92600,88072
6,463,92800,88072
6,464,93000,88072
6,465,93200,88072
6,466,93400,88072
6,467,93600,88072
6,468,93800,88072
6,469,94000,88072
6,470,94200,88072
6,471,94400,88072
6,472,94600,88072
6,473,94800,88072
6,474,95000,88072
6,475,95200,88072
6,476,95400,88076
6,477,95600,88076
6,478,95800,88076
6,479,96000,88076
6,480,96200,88076
6,481,96400,88076
6,482,96600,88076
6,483,96800,88076
6,484,97000,88076
6,485,97200,88076
6,486,97400,88076
6,487,97600,88076
6,488,97800,88076
6,489,98000,88076
6,490,98200,88076
6,491,98400,88076
6,492,98600,88076
6,493,98800,88076
6,494,99000,88076
6,495,99200,88076
6,496,99400,88076
6,497,99600,88076
6,498,99800,88076
6,499,100000,88076
7,0,200,73624
7,1,400,74908
7,2,600,78347
7,3,800,78761
7,4,1000,79714
7,5,1200,80485
7,6,1400,81069
7,7,1600,81452
7,8,1800,82458
7,9,2000,82752
7,10,2200,82771
7,11,2400,82989
7,12,2600,83138
7,13,2800,83521
7,14,3000,83698
7,15,3200,83876
7,16,3400,84002
7,17,3600,84006
7,18,3800,84353
7,19,4000,84432
7,20,4200,84478
7,21,4400,84723
7,22,4600,84791
7,23,4800,84921
7,24,5000,84988
7,25,5200,85008
7,26,5400,85289
7,27,5600,85289
7,28,5800,85326
7,29,6000,85358
7,30,6200,85383
7,31,6400,85429
7,32,6600,85429
7,33,6800,85443
7,34,7000,85467
7,35,7200,85654
7,36,7400,85661
7,37,7600,85721
7,38,7800,85721
7,39,8000,85739
7,40,8200,85763
7,41,8400,85826
7,42,8600,85916
7,43,8800,86026
7,44,9000,86045
7,45,9200,86120
7,46,9400,86173
7,47,9600,86188
7,48,9800,86252
7,49,10000,86267
7,50,10200,86284
7,51,10400,86324
7,52,10600,86348
7,53,10800,86368
7,54,11000,86450
7,55,11200,86602
7,56,11400,86636
7,57,11600,86761
7,58,11800,86812
7,59,12000,86829
7,60,12200,86857
7,61,12400,86889
7,62,12600,86929
7,63,12800,86999
7,64,13000,87045
7,65,13200,87050
7,66,13400,87237
7,67,13600,87237
7,68,13800,87237
7,69,14000,87259
7,70,14200,87276
7,71,14400,87284
7,72,14600,87302
7,73,14800,87333
7,74,15000,87333
7,75,15200,87365
7,76,15400,87365
7,77,15600,87407
7,78,15800,87425
7,79,16000,87463
7,80,16200,87463
7,81,16400,87463
7,82,16600,87479
7,83,16800,87479
7,84,17000,87483
7,85,17200,87536
7,86,17400,87541
7,87,17600,87552
7,88,17800,87552
7,89,18000,87556
7,90,18200,87556
7,91,18400,87556
7,92,18600,87559
7,93,18800,87560
7,94,19000,87560
7,95,19200,87581
7,96,19400,87585
7,97,19600,87585
7,98,19800,87585
7,99,20000,87585
7,100,20200,87600
7,101,20400,87600
7,102,20600,87611
7,103,20800,87611
7,104,21000,87616
7,105,21200,87621
7,106,21400,87621
7,107,21600,87626
7,108,21800,87626
7,109,22000,87631
7,110,22200,87651
7,111,22400,87651
7,112,22600,87651
7,113,22800,87652
7,114,23000,87671
7,115,23200,87671
7,116,23400,87677
7,117,23600,87677
7,118,23800,87697
7,119,24000,87748
7,120,24200,87748
7,121,24400,87748
7,122,24600,87753
7,123,24800,87781
7,124,25000,87781
7,125,25200,87791
7,126,25400,87815
7,127,25600,87815
7,128,25800,87824
7,129,26000,87830
7,130,26200,87832
7,131,26400,87835
7,132,26600,87844
7,133,26800,87845
7,134,27000,87848
7,135,27200,87849
7,136,27400,87856
7,137,27600,87856
7,138,27800,87872
7,139,28000,87872
7,140,28200,87872
7,141,28400,87872
7,142,28600,87872
7,143,28800,87873
7,144,29000,87873
7,145,29200,87873
7,146,29400,87878
7,147,29600,87878
7,148,29800,87878
7,149,30000,87879
7,150,30200,87879
7,151,30400,87879
7,152,30600,87884
7,153,30800,87884
7,154,31000,87884
7,155,31200,87884
7,156,31400,87885
7,157,31600,87885
7,158,31800,87885
7,159,32000,87885
7,160,32200,87891
7,161,32400,87891
7,162,32600,87891
7,163,32800,87891
7,164,33000,87891
7,165,33200,87891
7,166,33400,87891
7,167,33600,87891
7,168,33800,87891
7,169,34000,87907
7,170,34200,87907
7,171,34400,87907
7,172,34600,87907
7,173,34800,87907
7,174,35000,87932
7,175,35200,87932
7,176,35400,87932
7,177,35600,87932
7,178,35800,87945
7,179,36000,87945
7,180,36200,87945
7,181,36400,87948
7,182,36600,87948
7,183,36800,87948
7,184,37000,87948
7,185,37200,87948
7,186,37400,87948
7,187,37600,87948
7,188,37800,87948
7,189,38000,87948
7,190,38200,87948
7,191,38400,87948
7,192,38600,87948
7,193,38800,87948
7,194,39000,87948
7,195,39200,87948
7,196,39400,87948
7,197,39600,87950
7,198,39800,87950
7,199,40000,87950
7,200,40200,87950
7,201,40400,87950
7,202,40600,87950
7,203,40800,87950
7,204,41000,87950
7,205,41200,87950
7,206,41400,87950
7,207,41600,87950
7,208,41800,87950
7,209,42000,87950
7,210,42200,87950
7,211,42400,87950
7,212,42600,87950
7,213,42800,87950
7,214,43000,87950
7,215,43200,87950
7,216,43400,87950
7,217,43600,87950
7,218,43800,87950
7,219,44000,87950
7,220,44200,87968
7,221,44400,87968
7,222,44600,87968
7,223,44800,87968
7,224,45000,87968
7,225,45200,87968
7,226,45400,87968
7,227,45600,87968
7,228,45800,87968
7,229,46000,87968
7,230,46200,87968
7,231,46400,87968
7,232,46600,87968
7,233,46800,87968
7,234,47000,87968
7,235,47200,87968
7,236,47400,87968
7,237,47600,87968
7,238,47800,87968
7,239,48000,87968
7,240,48200,87968
7,241,48400,87968
7,242,48600,87968
7,243,48800,87968
7,244,49000,87968
7,245,49200,87968
7,246,49400,87968
7,247,49600,87968
7,248,49800,87968
7,249,50000,87968
7,250,50200,88005
7,251,50400,88005
7,252,50600,88005
7,253,50800,88005
7,254,51000,88005
7,255,51200,88005
7,256,51400,88005
7,257,51600,88005
7,258,51800,88005
7,259,52000,88005
7,260,52200,88005
7,261,52400,88005
7,262,52600,88005
7,263,52800,88005
7,264,53000,88005
7,265,53200,88005
7,266,53400,88005
7,267,53600,88005
7,268,53800,88005
7,269,54000,88005
7,270,54200,88005
7,271,54400,88005
7,272,54600,88005
7,273,54800,88005
7,274,55000,88005
7,275,55200,88005
7,276,55400,88005
7,277,55600,88005
7,278,55800,88005
7,279,56000,88005
7,280,56200,88005
7,281,56400,88005
7,282,56600,88005
7,283,56800,88005
7,284,57000,88005
7,285,57200,88005
7,286,57400,88005
7,287,57600,88005
7,288,57800,88005
7,289,58000,88005
7,290,58200,88005
7,291,58400,88005
7,292,58600,88005
7,293,58800,88005
7,294,59000,88005
7,295,59200,88005
7,296,59400,88005
7,297,59600,88005
7,298,59800,88005
7,299,60000,88005
7,300,60200,88005
7,301,60400,88005
7,302,60600,88005
7,303,60800,88005
7,304,61000,88005
7,305,61200,88021
7,306,61400,88021
7,307,61600,88021
7,308,61800,88021
7,309,62000,88021
7,310,62200,88021
7,311,62400,88021
7,312,62600,88021
7,313,62800,88021
7,314,63000,88021
7,315,63200,88021
7,316,63400,88021
7,317,63600,88021
7,318,63800,88021
7,319,64000,88021
7,320,64200,88021
7,321,64400,88021
7,322,64600,88021
7,323,64800,88021
7,324,65000,88021
7,325,65200,88021
7,326,65400,88021
7,327,65600,88021
7,328,65800,88021
7,329,66000,88021
7,330,66200,88021
7,331,66400,88021
7,332,66600,88021
7,333,66800,88021
7,334,67000,88021
7,335,67200,88021
7,336,67400,88021
7,337,67600,88021
7,338,67800,88021
7,339,68000,88021
7,340,68200,88021
7,341,68400,88021
7,342,68600,88023
7,343,68800,88023
7,344,69000,88023
7,345,69200,88023
7,346,69400,88023
7,347,69600,88023
7,348,69800,88025
7,349,70000,88025
7,350,70200,88025
7,351,70400,88025
7,352,70600,88026
7,353,70800,88026
7,354,71000,88026
7,355,71200,88026
7,356,71400,88026
7,357,71600,88026
7,358,71800,88026
7,359,72000,88026
7,360,72200,88028
7,361,72400,88028
7,362,72600,88028
7,363,72800,88028
7,364,73000,88028
7,365,73200,88028
7,366,73400,88028
7,367,73600,88030
7,368,73800,88030
7,369,74000,88030
7,370,74200,88031
7,371,74400,88031
7,372,74600,88031
7,373,74800,88031
7,374,75000,88031
7,375,75200,88031
7,376,75400,88031
7,377,75600,88031
7,378,75800,88031
7,379,76000,88031
7,380,76200,88031
7,381,76400,88031
7,382,76600,88031
7,383,76800,88031
7,384,77000,88031
7,385,77200,88031
7,386,77400,88046
7,387,77600,88046
7,388,77800,88046
7,389,78000,88052
7,390,78200,88063
7,391,78400,88063
7,392,78600,88063
7,393,78800,88066
7,394,79000,88066
7,395,79200,88068
7,396,79400,88068
7,397,79600,88068
7,398,79800,88068
7,399,80000,88068
7,400,80200,88068
7,401,80400,88072
7,402,80600,88072
7,403,80800,88072
7,404,81000,88072
7,405,81200,88072
7,406,81400,88072
7,407,81600,88074
7,408,81800,88074
7,409,82000,88074
7,410,82200,88074
7,411,82400,88074
7,412,82600,88077
7,413,82800,88077
7,414,83000,88077
7,415,83200,88077
7,416,83400,88077
7,417,83600,88077
7,418,83800,88077
7,419,84000,88077
7,420,84200,88102
7,421,84400,88102
7,422,84600,88102
7,423,84800,88104
7,424,85000,88104
7,425,85200,88104
7,426,85400,88104
7,427,85600,88104
7,428,85800,88107
7,429,86000,88107
7,430,86200,88107
7,431,86400,88107
7,432,86600,88107
7,433,86800,88107
7,434,87000,88107
7,435,87200,88107
7,436,87400,88107
7,437,87600,88108
7,438,87800,88108
7,439,88000,88108
7,440,88200,88109
7,441,88400,88109
7,442,88600,88110
7,443,88800,88110
7,444,89000,88110
7,445,89200,88118
7,446,89400,88118
7,447,89600,88119
7,448,89800,88121
7,449,90000,88123
7,450,90200,88123
7,451,90400,88123
7,452,90600,88123
7,453,90800,88123
7,454,91000,88123
7,455,91200,88123
7,456,91400,88123
7,457,91600,88123
7,458,91800,88123
7,459,92000,88123
7,460,92200,88123
7,461,92400,88123
7,462,92600,88123
7,463,92800,88123
7,464,93000,88123
7,465,93200,88123
7,466,93400,88123
7,467,93600,88123
7,468,93800,88123
7,469,94000,88123
7,470,94200,88123
7,471,94400,88123
7,472,94600,88123
7,473,94800,88123
7,474,95000,88123
7,475,95200,88123
7,476,95400,88123
7,477,95600,88123
7,478,95800,88123
7,479,96000,88123
7,480,96200,88123
7,481,96400,88123
7,482,96600,88123
7,483,96800,88123
7,484,97000,88123
7,485,97200,88123
7,486,97400,88123
7,487,97600,88123
7,488,97800,88123
7,489,98000,88123
7,490,98200,88123
7,491,98400,88123
7,492,98600,88123
7,493,98800,88123
7,494,99000,88123
7,495,99200,88123
7,496,99400,88123
7,497,99600,88123
7,498,99800,88123
7,499,100000,88123
8,0,200,72860
8,1,400,75205
8,2,600,77117
8,3,800,78538
8,4,1000,78816
8,5,1200,79233
8,6,1400,79758
8,7,1600,80958
8,8,1800,80958
8,9,2000,81467
8,10,2200,81937
8,11,2400,82362
8,12,2600,82429
8,13,2800,82491
8,14,3000,82696
8,15,3200,82696
8,16,3400,82825
8,17,3600,83034
8,18,3800,83188
8,19,4000,83219
8,20,4200,83452
8,21,4400,83462
8,22,4600,83462
8,23,4800,83484
8,24,5000,84113
8,25,5200,84145
8,26,5400,84275
8,27,5600,84275
8,28,5800,84549
8,29,6000,84572
8,30,6200,84582
8,31,6400,84659
8,32,6600,84704
8,33,6800,84913
8,34,7000,84949
8,35,7200,85211
8,36,7400,85309
8,37,7600,85309
8,38,7800,85317
8,39,8000,85363
8,40,8200,85430
8,41,8400,85430
8,42,8600,85706
8,43,8800,85728
8,44,9000,85803
8,45,9200,85902
8,46,9400,85933
8,47,9600,86013
8,48,9800,86039
8,49,10000,86088
8,50,10200,86096
8,51,10400,86103
8,52,10600,86137
8,53,10800,86145
8,54,11000,86176
8,55,11200,86188
8,56,11400,86210
8,57,11600,86239
8,58,11800,86282
8,59,12000,86288
8,60,12200,86292
8,61,12400,86304
8,62,12600,86304
8,63,12800,86304
8,64,13000,86326
8,65,13200,86362
8,66,13400,86362
8,67,13600,86404
8,68,13800,86404
8,69,14000,86411
8,70,14200,86438
8,71,14400,86450
8,72,14600,86474
8,73,14800,86474
8,74,15000,86483
8,75,15200,86573
8,76,15400,86573
8,77,15600,86593
8,78,15800,86663
8,79,16000,86669
8,80,16200,86797
8,81,16400,86842
8,82,16600,86842
8,83,16800,86907
8,84,17000,86976
8,85,17200,86978
8,86,17400,86992
8,87,17600,87040
8,88,17800,87040
8,89,18000,87075
8,90,18200,87090
8,91,18400,87109
8,92,18600,87153
8,93,18800,87153
8,94,19000,87195
8,95,19200,87200
8,96,19400,87203
8,97,19600,87211
8,98,19800,87217
8,99,20000,87221
8,100,20200,87303
8,101,20400,87304
8,102,20600,87368
8,103,20800,87372
8,104,21000,87372
8,105,21200,87380
8,106,21400,87382
8,107,21600,87401
8,108,21800,87407
8,109,22000,87407
8,110,22200,87411
8,111,22400,87454
8,112,22600,87465
8,113,22800,87469
8,114,23000,87469
8,115,23200,87472
8,116,23400,87477
8,117,23600,87477
8,118,23800,87480
8,119,24000,87492
8,120,24200,87502
8,121,24400,87502
8,122,24600,87514
8,123,24800,87523
8,124,25000,87528
8,125,25200,87535
8,126,25400,87543
8,127,25600,87550
8,128,25800,87579
8,129,26000,87593
8,130,26200,87595
8,131,26400,87602
8,132,26600,87602
8,133,26800,87602
8,134,27000,87602
8,135,27200,87602
8,136,27400,87602
8,137,27600,87605
8,138,27800,87605
8,139,28000,87608
8,140,28200,87608
8,141,28400,87611
8,142,28600,87612
8,143,28800,87612
8,144,29000,87612
8,145,29200,87612
8,146,29400,87612
8,147,29600,87612
8,148,29800,87612
8,149,30000,87612
8,150,30200,87612
8,151,30400,87612
8,152,30600,87612
8,153,30800,87614
8,154,31000,87614
8,155,31200,87614
8,156,31400,87617
8,157,31600,87617
8,158,31800,87617
8,159,32000,87617
8,160,32200,87617
8,161,32400,87617
8,162,32600,87617
8,163,32800,87617
8,164,33000,87617
8,165,33200,87617
8,166,33400,87617
8,167,33600,87663
8,168,33800,87663
8,169,34000,87663
8,170,34200,87663
8,171,34400,87663
8,172,34600,87665
8,173,34800,87665
8,174,35000,87665
8,175,35200,87665
8,176,35400,87665
8,177,35600,87665
8,178,35800,87665
8,179,36000,87665
8,180,36200,87665
8,181,36400,87665
8,182,36600,87665
8,183,36800,87665
8,184,37000,87665
8,185,37200,87665
8,186,37400,87703
8,187,37600,87703
8,188,37800,87710
8,189,38000,87710
8,190,38200,87719
8,191,38400,87750
8,192,38600,87750
8,193,38800,87750
8,194,39000,87752
8,195,39200,87752
8,196,39400,87754
8,197,39600,87757
8,198,39800,87757
8,199,40000,87757
8,200,40200,87761
8,201,40400,87761
8,202,40600,87766
8,203,40800,87766
8,204,41000,87766
8,205,41200,87770
8,206,41400,87770
8,207,41600,87770
8,208,41800,87770
8,209,42000,87770
8,210,42200,87770
8,211,42400,87770
8,212,42600,87770
8,213,42800,87770
8,214,43000,87770
8,215,43200,87770
8,216,43400,87772
8,217,43600,87772
8,218,43800,87775
8,219,44000,87775
8,220,44200,87775
8,221,44400,87775
8,222,44600,87775
8,223,44800,87775
8,224,45000,87777
8,225,45200,87777
8,226,45400,87777
8,227,45600,87780
8,228,45800,87780
8,229,46000,87781
8,230,46200,87784
8,231,46400,87786
8,232,46600,87786
8,233,46800,87786
8,234,47000,87797
8,235,47200,87797
8,236,47400,87797
8,237,47600,87802
8,238,47800,87802
8,239,48000,87802
8,240,48200,87802
8,241,48400,87803
8,242,48600,87803
8,243,48800,87808
8,244,49000,87810
8,245,49200,87810
8,246,49400,87810
8,247,49600,87814
8,248,49800,87822
8,249,50000,87826
8,250,50200,87826
8,251,50400,87830
8,252,50600,87839
8,253,50800,87839
8,254,51000,87839
8,255,51200,87839
8,256,51400,87839
8,257,51600,87863
8,258,51800,87863
8,259,52000,87863
8,260,52200,87863
8,261,52400,87863
8,262,52600,87863
8,263,52800,87863
8,264,53000,87863
8,265,53200,87863
8,266,53400,87863
8,267,53600,87863
8,268,53800,87863
8,269,54000,87875
8,270,54200,87875
8,271,54400,87875
8,272,54600,87875
8,273,54800,87875
8,274,55000,87875
8,275,55200,87875
8,276,55400,87875
8,277,55600,87875
8,278,55800,87875
8,279,56000,87875
8,280,56200,87875
8,281,56400,87875
8,282,56600,87889
8,283,56800,87889
8,284,57000,87889
8,285,57200,87889
8,286,57400,87889
8,287,57600,87889
8,288,57800,87889
8,289,58000,87889
8,290,58200,87889
8,291,58400,87889
8,292,58600,87889
8,293,58800,87889
8,294,59000,87889
8,295,59200,87889
8,296,59400,87889
8,297,59600,87889
8,298,59800,87889
8,299,60000,87889
8,300,60200,87891
8,301,60400,87891
8,302,60600,87891
8,303,60800,87891
8,304,61000,87891
8,305,61200,87891
8,306,61400,87891
8,307,61600,87891
8,308,61800,87897
8,309,62000,87897
8,310,62200,87897
8,311,62400,87897
8,312,62600,87925
8,313,62800,87925
8,314,63000,87925
8,315,63200,87937
8,316,63400,87937
8,317,63600,87937
8,318,63800,87940
8,319,64000,87940
8,320,64200,87940
8,321,64400,87943
8,322,64600,87943
8,323,64800,87943
8,324,65000,87946
8,325,65200,87946
8,326,65400,87946
8,327,65600,87946
8,328,65800,87947
8,329,66000,87947
8,330,66200,87947
8,331,66400,87947
8,332,66600,87947
8,333,66800,87947
8,334,67000,87947
8,335,67200,87947
8,336,67400,87947
8,337,67600,87949
8,338,67800,87949
8,339,68000,87949
8,340,68200,87949
8,341,68400,87949
8,342,68600,87949
8,343,68800,87950
8,344,69000,87950
8,345,69200,87950
8,346,69400,87950
8,347,69600,87950
8,348,69800,87950
8,349,70000,87953
8,350,70200,87953
8,351,70400,87953
8,352,70600,87962
8,353,70800,87965
8,354,71000,87965
8,355,71200,87965
8,356,71400,87965
8,357,71600,87965
8,358,71800,87965
8,359,72000,87965
8,360,72200,87965
8,361,72400,87965
8,362,72600,87971
8,363,72800,87971
8,364,73000,87971
8,365,73200,87971
8,366,73400,87971
8,367,73600,87971
8,368,73800,87971
8,369,74000,87990
8,370,74200,87990
8,371,74400,87990
8,372,74600,87994
8,373,74800,87994
8,374,75000,87994
8,375,75200,87994
8,376,75400,87994
8,377,75600,87994
8,378,75800,87994
8,379,76000,87994
8,380,76200,87994
8,381,76400,87994
8,382,76600,87994
8,383,76800,87994
8,384,77000,87994
8,385,77200,87994
8,386,77400,87994
8,387,77600,87994
8,388,77800,87994
8,389,78000,87994
8,390,78200,87994
8,391,78400,88004
8,392,78600,88004
8,393,78800,88004
8,394,79000,88004
8,395,79200,88004
8,396,79400,88004
8,397,79600,88004
8,398,79800,88004
8,399,80000,88005
8,400,80200,88005
8,401,80400,88005
8,402,80600,88005
8,403,80800,88005
8,404,81000,88005
8,405,81200,88005
8,406,81400,88005
8,407,81600,88005
8,408,81800,88005
8,409,82000,88005
8,410,82200,88005
8,411,82400,88005
8,412,82600,88006
8,413,82800,88006
8,414,83000,88006
8,415,83200,88006
8,416,83400,88006
8,417,83600,88006
8,418,83800,88006
8,419,84000,88006
8,420,84200,88006
8,421,84400,88006
8,422,84600,88006
8,423,84800,88006
8,424,85000,88006
8,425,85200,88006
8,426,85400,88006
8,427,85600,88006
8,428,85800,88006
8,429,86000,88006
8,430,86200,88006
8,431,86400,88006
8,432,86600,88006
8,433,86800,88006
8,434,87000,88006
8,435,87200,88006
8,436,87400,88006
8,437,87600,88006
8,438,87800,88006
8,439,88000,88006
8,440,88200,88006
8,441,88400,88006
8,442,88600,88006
8,443,88800,88006
8,444,89000,88006
8,445,89200,88006
8,446,89400,88006
8,447,89600,88006
8,448,89800,88006
8,449,90000,88006
8,450,90200,88006
8,451,90400,88006
8,452,90600,88006
8,453,90800,88006
8,454,91000,88006
8,455,91200,88006
8,456,91400,88006
8,457,91600,88006
8,458,91800,88006
8,459,92000,88006
8,460,92200,88006
8,461,92400,88006
8,462,92600,88006
8,463,92800,88006
8,464,93000,88006
8,465,93200,88006
8,466,93400,88006
8,467,93600,88006
8,468,93800,88006
8,469,94000,88006
8,470,94200,88006
8,471,94400,88006
8,472,94600,88006
8,473,94800,88006
8,474,95000,88006
8,475,95200,88006
8,476,95400,88006
8,477,95600,88006
8,478,95800,88006
8,479,96000,88006
8,480,96200,88026
8,481,96400,88026
8,482,96600,88026
8,483,96800,88026
8,484,97000,88026
8,485,97200,88026
8,486,97400,88026
8,487,97600,88026
8,488,97800,88026
8,489,98000,88026
8,490,98200,88026
8,491,98400,88026
8,492,98600,88026
8,493,98800,88026
8,494,99000,88026
8,495,99200,88026
8,496,99400,88026
8,497,99600,88026
8,498,99800,88026
8,499,100000,88026
9,0,200,72714
9,1,400,75579
9,2,600,76488
9,3,800,77795
9,4,1000,79055
9,5,1200,79585
9,6,1400,80163
9,7,1600,80693
9,8,1800,81551
9,9,2000,81551
9,10,2200,82634
9,11,2400,82741
9,12,2600,82986
9,13,2800,83613
9,14,3000,83855
9,15,3200,84237
9,16,3400,84447
9,17,3600,84447
9,18,3800,84707
9,19,4000,84770
9,20,4200,84770
9,21,4400,84922
9,22,4600,84922
9,23,4800,85208
9,24,5000,85290
9,25,5200,85370
9,26,5400,85411
9,27,5600,85432
9,28,5800,85715
9,29,6000,85750
9,30,6200,85848
9,31,6400,85848
9,32,6600,86231
9,33,6800,86242
9,34,7000,86273
9,35,7200,86314
9,36,7400,86339
9,37,7600,86445
9,38,7800,86659
9,39,8000,86665
9,40,8200,86707
9,41,8400,86752
9,42,8600,86810
9,43,8800,86814
9,44,9000,86814
9,45,9200,86973
9,46,9400,86977
9,47,9600,86977
9,48,9800,87006
9,49,10000,87049
9,50,10200,87158
9,51,10400,87159
9,52,10600,87163
9,53,10800,87172
9,54,11000,87282
9,55,11200,87306
9,56,11400,87306
9,57,11600,87350
9,58,11800,87368
9,59,12000,87379
9,60,12200,87396
9,61,12400,87518
9,62,12600,87518
9,63,12800,87560
9,64,13000,87560
9,65,13200,87563
9,66,13400,87594
9,67,13600,87598
9,68,13800,87598
9,69,14000,87601
9,70,14200,87639
9,71,14400,87660
9,72,14600,87674
9,73,14800,87678
9,74,15000,87683
9,75,15200,87687
9,76,15400,87695
9,77,15600,87695
9,78,15800,87696
9,79,16000,87740
9,80,16200,87740
9,81,16400,87740
9,82,16600,87766
9,83,16800,87766
9,84,17000,87770
9,85,17200,87774
9,86,17400,87774
9,87,17600,87823
9,88,17800,87823
9,89,18000,87829
9,90,18200,87834
9,91,18400,87839
9,92,18600,87839
9,93,18800,87845
9,94,19000,87845
9,95,19200,87849
9,96,19400,87851
9,97,19600,87861
9,98,19800,87861
9,99,20000,87872
9,100,20200,87872
9,101,20400,87876
9,102,20600,87894
9,103,20800,87897
9,104,21000,87897
9,105,21200,87898
9,106,21400,87898
9,107,21600,87898
9,108,21800,87898
9,109,22000,87911
9,110,22200,87912
9,111,22400,87913
9,112,22600,87913
9,113,22800,87916
9,114,23000,87916
9,115,23200,87930
9,116,23400,87930
9,117,23600,87930
9,118,23800,87932
9,119,24000,87951
9,120,24200,87951
9,121,24400,88034
9,122,24600,88040
9,123,24800,88040
9,124,25000,88047
9,125,25200,88049
9,126,25400,88053
9,127,25600,88053
9,128,25800,88056
9,129,26000,88056
9,130,26200,88056
9,131,26400,88056
9,132,26600,88056
9,133,26800,88064
9,134,27000,88064
9,135,27200,88064
9,136,27400,88069
9,137,27600,88076
9,138,27800,88076
9,139,28000,88081
9,140,28200,88081
9,141,28400,88082
9,142,28600,88086
9,143,28800,88088
9,144,29000,88172
9,145,29200,88178
9,146,29400,88187
9,147,29600,88196
9,148,29800,88205
9,149,30000,88211
9,150,30200,88211
9,151,30400,88220
9,152,30600,88224
9,153,30800,88232
9,154,31000,88232
9,155,31200,88232
9,156,31400,88232
9,157,31600,88232
9,158,31800,88237
9,159,32000,88237
9,160,32200,88237
9,161,32400,88238
9,162,32600,88245
9,163,32800,88258
9,164,33000,88264
9,165,33200,88264
9,166,33400,88277
9,167,33600,88277
9,168,33800,88277
9,169,34000,88281
9,170,34200,88281
9,171,34400,88283
9,172,34600,88287
9,173,34800,88287
9,174,35000,88287
9,175,35200,88287
9,176,35400,88299
9,177,35600,88299
9,178,35800,88299
9,179,36000,88299
9,180,36200,88299
9,181,36400,88299
9,182,36600,88304
9,183,36800,88304
9,184,37000,88304
9,185,37200,88304
9,186,37400,88304
9,187,37600,88304
9,188,37800,88304
9,189,38000,88304
9,190,38200,88304
9,191,38400,88304
9,192,38600,88304
9,193,38800,88304
9,194,39000,88341
9,195,39200,88341
9,196,39400,88341
9,197,39600,88341
9,198,39800,88341
9,199,40000,88341
9,200,40200,88382
9,201,40400,88382
9,202,40600,88382
9,203,40800,88382
9,204,41000,88382
9,205,41200,88382
9,206,41400,88402
9,207,41600,88404
9,208,41800,88404
9,209,42000,88404
9,210,42200,88431
9,211,42400,88431
9,212,42600,88433
9,213,42800,88435
9,214,43000,88437
9,215,43200,88438
9,216,43400,88438
9,217,43600,88450
9,218,43800,88450
9,219,44000,88450
9,220,44200,88456
9,221,44400,88459
9,222,44600,88480
9,223,44800,88480
9,224,45000,88481
9,225,45200,88482
9,226,45400,88482
9,227,45600,88482
9,228,45800,88482
9,229,46000,88482
9,230,46200,88482
9,231,46400,88482
9,232,46600,88482
9,233,46800,88482
9,234,47000,88482
9,235,47200,88482
9,236,47400,88482
9,237,47600,88482
9,238,47800,88482
9,239,48000,88482
9,240,48200,88482
9,241,48400,88482
9,242,48600,88482
9,243,48800,88482
9,244,49000,88482
9,245,49200,88499
9,246,49400,88499
9,247,49600,88499
9,248,49800,88513
9,249,50000,88520
9,250,50200,88523
9,251,50400,88523
9,252,50600,88523
9,253,50800,88523
9,254,51000,88523
9,255,51200,88527
9,256,51400,88527
9,257,51600,88527
9,258,51800,88527
9,259,52000,88529
9,260,52200,88529
9,261,52400,88529
9,262,52600,88530
9,263,52800,88530
9,264,53000,88530
9,265,53200,88530
9,266,53400,88530
9,267,53600,88530
9,268,53800,88530
9,269,54000,88530
9,270,54200,88530
9,271,54400,88530
9,272,54600,88530
9,273,54800,88530
9,274,55000,88530
9,275,55200,88530
9,276,55400,88530
9,277,55600,88530
9,278,55800,88530
9,279,56000,88540
9,280,56200,88540
9,281,56400,88540
9,282,56600,88540
9,283,56800,88541
9,284,57000,88541
9,285,57200,88541
9,286,57400,88541
9,287,57600,88541
9,288,57800,88541
9,289,58000,88541
9,290,58200,88541
9,291,58400,88541
9,292,58600,88541
9,293,58800,88543
9,294,59000,88543
9,295,59200,88543
9,296,59400,88543
9,297,59600,88543
9,298,59800,88548
9,299,60000,88548
9,300,60200,88548
9,301,60400,88548
9,302,60600,88548
9,303,60800,88549
9,304,61000,88549
9,305,61200,88549
9,306,61400,88549
9,307,61600,88549
9,308,61800,88549
9,309,62000,88549
9,310,62200,88549
9,311,62400,88549
9,312,62600,88571
9,313,62800,88571
9,314,63000,88571
9,315,63200,88576
9,316,63400,88576
9,317,63600,88576
9,318,63800,88576
9,319,64000,88576
9,320,64200,88576
9,321,64400,88578
9,322,64600,88578
9,323,64800,88582
9,324,65000,88582
9,325,65200,88582
9,326,65400,88582
9,327,65600,88586
9,328,65800,88586
9,329,66000,88586
9,330,66200,88586
9,331,66400,88586
9,332,66600,88586
9,333,66800,88586
9,334,67000,88586
9,335,67200,88586
9,336,67400,88586
9,337,67600,88587
9,338,67800,88587
9,339,68000,88587
9,340,68200,88587
9,341,68400,88587
9,342,68600,88587
9,343,68800,88587
9,344,69000,88587
9,345,69200,88587
9,346,69400,88587
9,347,69600,88587
9,348,69800,88587
9,349,70000,88587
9,350,70200,88587
9,351,70400,88587
9,352,70600,88587
9,353,70800,88587
9,354,71000,88587
9,355,71200,88587
9,356,71400,88587
9,357,71600,88587
9,358,71800,88587
9,359,72000,88587
9,360,72200,88587
9,361,72400,88587
9,362,72600,88587
9,363,72800,88587
9,364,73000,88591
9,365,73200,88591
9,366,73400,88591
9,367,73600,88595
9,368,73800,88595
9,369,74000,88595
9,370,74200,88599
9,371,74400,88599
9,372,74600,88599
9,373,74800,88599
9,374,75000,88600
9,375,75200,88600
9,376,75400,88600
9,377,75600,88600
9,378,75800,88600
9,379,76000,88600
9,380,76200,88600
9,381,76400,88600
9,382,76600,88600
9,383,76800,88600
9,384,77000,88600
9,385,77200,88600
9,386,77400,88600
9,387,77600,88600
9,388,77800,88603
9,389,78000,88603
9,390,78200,88603
9,391,78400,88607
9,392,78600,88607
9,393,78800,88607
9,394,79000,88607
9,395,79200,88607
9,396,79400,88607
9,397,79600,88607
9,398,79800,88607
9,399,80000,88607
9,400,80200,88607
9,401,80400,88607
9,402,80600,88607
9,403,80800,88607
9,404,81000,88607
9,405,81200,88607
9,406,81400,88607
9,407,81600,88607
9,408,81800,88607
9,409,82000,88607
9,410,82200,88607
9,411,82400,88607
9,412,82600,88607
9,413,82800,88607
9,414,83000,88607
9,415,83200,88607
9,416,83400,88607
9,417,83600,88607
9,418,83800,88607
9,419,84000,88607
9,420,84200,88607
9,421,84400,88607
9,422,84600,88607
9,423,84800,88607
9,424,85000,88607
9,425,85200,88607
9,426,85400,88607
9,427,85600,88607
9,428,85800,88607
9,429,86000,88607
9,430,86200,88607
9,431,86400,88607
9,432,86600,88607
9,433,86800,88616
9,434,87000,88616
9,435,87200,88616
9,436,87400,88616
9,437,87600,88616
9,438,87800,88616
9,439,88000,88616
9,440,88200,88616
9,441,88400,88616
9,442,88600,88616
9,443,88800,88616
9,444,89000,88616
9,445,89200,88616
9,446,89400,88616
9,447,89600,88616
9,448,89800,88616
9,449,90000,88616
9,450,90200,88616
9,451,90400,88616
9,452,90600,88616
9,453,90800,88616
9,454,91000,88616
9,455,91200,88616
9,456,91400,88616
9,457,91600,88616
9,458,91800,88616
9,459,92000,88616
9,460,92200,88616
9,461,92400,88636
9,462,92600,88636
9,463,92800,88636
9,464,93000,88636
9,465,93200,88636
9,466,93400,88636
9,467,93600,88636
9,468,93800,88636
9,469,94000,88636
9,470,94200,88636
9,471,94400,88636
9,472,94600,88636
9,473,94800,88636
9,474,95000,88636
9,475,95200,88636
9,476,95400,88636
9,477,95600,88636
9,478,95800,88636
9,479,96000,88636
9,480,96200,88636
9,481,96400,88636
9,482,96600,88636
9,483,96800,88636
9,484,97000,88636
9,485,97200,88636
9,486,97400,88636
9,487,97600,88636
9,488,97800,88636
9,489,98000,88636
9,490,98200,88636
9,491,98400,88636
9,492,98600,88636
9,493,98800,88636
9,494,99000,88636
9,495,99200,88636
9,496,99400,88636
9,497,99600,88636
9,498,99800,88636
9,499,100000,88636
10,0,200,72618
10,1,400,74789
10,2,600,76449
10,3,800,77744
10,4,1000,79098
10,5,1200,80074
10,6,1400,80534
10,7,1600,80651
10,8,1800,81155
10,9,2000,81315
10,10,2200,81499
10,11,2400,81550
10,12,2600,81923
10,13,2800,82393
10,14,3000,82393
10,15,3200,82493
10,16,3400,82707
10,17,3600,82761
10,18,3800,82831
10,19,4000,83049
10,20,4200,83091
10,21,4400,83276
10,22,4600,83477
10,23,4800,83585
10,24,5000,84180
10,25,5200,84349
10,26,5400,84472
10,27,5600,84733
10,28,5800,84743
10,29,6000,84746
10,30,6200,84860
10,31,6400,84942
10,32,6600,85072
10,33,6800,85225
10,34,7000,85313
10,35,7200,85347
10,36,7400,85375
10,37,7600,85445
10,38,7800,85492
10,39,8000,85560
10,40,8200,85672
10,41,8400,85710
10,42,8600,85815
10,43,8800,85815
10,44,9000,85833
10,45,9200,85851
10,46,9400,85892
10,47,9600,85959
10,48,9800,85959
10,49,10000,85984
10,50,10200,86025
10,51,10400,86059
10,52,10600,86087
10,53,10800,86087
10,54,11000,86191
10,55,11200,86430
10,56,11400,86430
10,57,11600,86464
10,58,11800,86486
10,59,12000,86667
10,60,12200,86667
10,61,12400,86667
10,62,12600,86770
10,63,12800,86773
10,64,13000,86791
10,65,13200,86814
10,66,13400,86814
10,67,13600,86829
10,68,13800,86863
10,69,14000,86868
10,70,14200,86887
10,71,14400,86915
10,72,14600,86915
10,73,14800,86917
10,74,15000,86999
10,75,15200,87008
10,76,15400,87020
10,77,15600,87058
10,78,15800,87080
10,79,16000,87080
10,80,16200,87140
10,81,16400,87157
10,82,16600,87165
10,83,16800,87202
10,84,17000,87208
10,85,17200,87222
10,86,17400,87244
10,87,17600,87250
10,88,17800,87261
10,89,18000,87261
10,90,18200,87277
10,91,18400,87287
10,92,18600,87311
10,93,18800,87329
10,94,19000,87345
10,95,19200,87380
10,96,19400,87380
10,97,19600,87396
10,98,19800,87409
10,99,20000,87412
10,100,20200,87412
10,101,20400,87412
10,102,20600,87425
10,103,20800,87469
10,104,21000,87469
10,105,21200,87479
10,106,21400,87517
10,107,21600,87521
10,108,21800,87527
10,109,22000,87527
10,110,22200,87527
10,111,22400,87642
10,112,22600,87642
10,113,22800,87656
10,114,23000,87656
10,115,23200,87659
10,116,23400,87659
10,117,23600,87664
10,118,23800,87664
10,119,24000,87664
10,120,24200,87674
10,121,24400,87701
10,122,24600,87701
10,123,24800,87728
10,124,25000,87741
10,125,25200,87750
10,126,25400,87756
10,127,25600,87756
10,128,25800,87760
10,129,26000,87763
10,130,26200,87763
10,131,26400,87764
10,132,26600,87769
10,133,26800,87769
10,134,27000,87773
10,135,27200,87773
10,136,27400,87776
10,137,27600,87776
10,138,27800,87776
10,139,28000,87780
10,140,28200,87780
10,141,28400,87780
10,142,28600,87780
10,143,28800,87785
10,144,29000,87785
10,145,29200,87785
10,146,29400,87795
10,147,29600,87796
10,148,29800,87799
10,149,30000,87806
10,150,30200,87810
10,151,30400,87810
10,152,30600,87810
10,153,30800,87810
10,154,31000,87810
10,155,31200,87810
10,156,31400,87810
10,157,31600,87810
10,158,31800,87810
10,159,32000,87810
10,160,32200,87810
10,161,32400,87810
10,162,32600,87810
10,163,32800,87810
10,164,33000,87810
10,165,33200,87810
10,166,33400,87810
10,167,33600,87810
10,168,33800,87810
10,169,34000,87815
10,170,34200,87815
10,171,34400,87819
10,172,34600,87826
10,173,34800,87826
10,174,35000,87826
10,175,35200,87826
10,176,35400,87826
10,177,35600,87829
10,178,35800,87829
10,179,36000,87829
10,180,36200,87830
10,181,36400,87830
10,182,36600,87830
10,183,36800,87830
10,184,37000,87845
10,185,37200,87845
10,186,37400,87845
10,187,37600,87845
10,188,37800,87845
10,189,38000,87845
10,190,38200,87845
10,191,38400,87847
10,192,38600,87847
10,193,38800,87847
10,194,39000,87849
10,195,39200,87849
10,196,39400,87849
10,197,39600,87849
10,198,39800,87849
10,199,40000,87849
10,200,40200,87850
10,201,40400,87851
10,202,40600,87851
10,203,40800,87851
10,204,41000,87851
10,205,41200,87851
10,206,41400,87851
10,207,41600,87859
10,208,41800,87859
10,209,42000,87859
10,210,42200,87860
10,211,42400,87860
10,212,42600,87867
10,213,42800,87873
10,214,43000,87873
10,215,43200,87873
10,216,43400,87880
10,217,43600,87880
10,218,43800,87880
10,219,44000,87885
10,220,44200,87885
10,221,44400,87901
10,222,44600,87910
10,223,44800,87910
10,224,45000,87915
10,225,45200,87915
10,226,45400,87915
10,227,45600,87915
10,228,45800,87928
10,229,46000,87928
10,230,46200,87928
10,231,46400,87929
10,232,46600,87929
10,233,46800,87969
10,234,47000,87970
10,235,47200,87970
10,236,47400,87970
10,237,47600,87970
10,238,47800,87970
10,239,48000,87983
10,240,48200,87983
10,241,48400,87983
10,242,48600,87983
10,243,48800,87987
10,244,49000,87987
10,245,49200,87987
10,246,49400,87987
10,247,49600,87987
10,248,49800,87987
10,249,50000,87987
10,250,50200,87987
10,251,50400,87987
10,252,50600,87987
10,253,50800,87987
10,254,51000,87987
10,255,51200,87987
10,256,51400,87987
10,257,51600,87987
10,258,51800,87987
10,259,52000,87987
10,260,52200,87987
10,261,52400,87987
10,262,52600,87987
10,263,52800,87987
10,264,53000,87987
10,265,53200,87987
10,266,53400,87987
10,267,53600,87987
10,268,53800,87987
10,269,54000,87987
10,270,54200,87987
10,271,54400,87987
10,272,54600,87987
10,273,54800,87987
10,274,55000,87987
10,275,55200,87987
10,276,55400,87987
10,277,55600,87987
10,278,55800,87987
10,279,56000,87987
10,280,56200,87987
10,281,56400,87987
10,282,56600,87987
10,283,56800,87987
10,284,57000,87987
10,285,57200,87987
10,286,57400,87987
10,287,57600,87987
10,288,57800,87987
10,289,58000,87987
10,290,58200,87987
10,291,58400,87987
10,292,58600,87987
10,293,58800,87987
10,294,59000,87987
10,295,59200,87987
10,296,59400,87987
10,297,59600,87987
10,298,59800,87987
10,299,60000,87987
10,300,60200,87987
10,301,60400,87987
10,302,60600,87987
10,303,60800,87987
10,304,61000,87987
10,305,61200,87987
10,306,61400,87987
10,307,61600,87987
10,308,61800,88003
10,309,62000,88003
10,310,62200,88003
10,311,62400,88003
10,312,62600,88003
10,313,62800,88003
10,314,63000,88003
10,315,63200,88003
10,316,63400,88003
10,317,63600,88003
10,318,63800,88003
10,319,64000,88003
10,320,64200,88003
10,321,64400,88003
10,322,64600,88003
10,323,64800,88003
10,324,65000,88003
10,325,65200,88003
10,326,65400,88003
10,327,65600,88003
10,328,65800,88003
10,329,66000,88003
10,330,66200,88003
10,331,66400,88003
10,332,66600,88003
10,333,66800,88003
10,334,67000,88003
10,335,67200,88003
10,336,67400,88003
10,337,67600,88003
10,338,67800,88003
10,339,68000,88003
10,340,68200,88003
10,341,68400,88003
10,342,68600,88032
10,343,68800,88032
10,344,69000,88032
10,345,69200,88032
10,346,69400,88032
10,347,69600,88032
10,348,69800,88032
10,349,70000,88032
10,350,70200,88032
10,351,70400,88032
10,352,70600,88032
10,353,70800,88032
10,354,71000,88032
10,355,71200,88032
10,356,71400,88032
10,357,71600,88032
10,358,71800,88032
10,359,72000,88032
10,360,72200,88032
10,361,72400,88032
10,362,72600,88032
10,363,72800,88032
10,364,73000,88032
10,365,73200,88032
10,366,73400,88032
10,367,73600,88055
10,368,73800,88055
10,369,74000,88055
10,370,74200,88055
10,371,74400,88055
10,372,74600,88055
10,373,74800,88055
10,374,75000,88055
10,375,75200,88055
10,376,75400,88055
10,377,75600,88055
10,378,75800,88055
10,379,76000,88055
10,380,76200,88055
10,381,76400,88055
10,382,76600,88055
10,383,76800,88055
10,384,77000,88055
10,385,77200,88055
10,386,77400,88055
10,387,77600,88055
10,388,77800,88055
10,389,78000,88055
10,390,78200,88055
10,391,78400,88055
10,392,78600,88055
10,393,78800,88055
10,394,79000,88055
10,395,79200,88055
10,396,79400,88055
10,397,79600,88055
10,398,79800,88055
10,399,80000,88055
10,400,80200,88055
10,401,80400,88055
10,402,80600,88055
10,403,80800,88055
10,404,81000,88055
10,405,81200,88055
10,406,81400,88055
10,407,81600,88055
10,408,81800,88080
10,409,82000,88080
10,410,82200,88080
10,411,82400,88080
10,412,82600,88080
10,413,82800,88080
10,414,83000,88080
10,415,83200,88080
10,416,83400,88080
10,417,83600,88080
10,418,83800,88080
10,419,84000,88081
10,420,84200,88081
10,421,84400,88081
10,422,84600,88081
10,423,84800,88081
10,424,85000,88081
10,425,85200,88081
10,426,85400,88081
10,427,85600,88090
10,428,85800,88090
10,429,86000,88090
10,430,86200,88090
10,431,86400,88092
10,432,86600,88093
10,433,86800,88095
10,434,87000,88097
10,435,87200,88097
10,436,87400,88100
10,437,87600,88100
10,438,87800,88100
10,439,88000,88100
10,440,88200,88100
10,441,88400,88100
10,442,88600,88100
10,443,88800,88100
10,444,89000,88100
10,445,89200,88101
10,446,89400,88101
10,447,89600,88101
10,448,89800,88101
10,449,90000,88101
10,450,90200,88101
10,451,90400,88101
10,452,90600,88101
10,453,90800,88101
10,454,91000,88110
10,455,91200,88110
10,456,91400,88110
10,457,91600,88110
10,458,91800,88110
10,459,92000,88122
10,460,92200,88134
10,461,92400,88134
10,462,92600,88134
10,463,92800,88134
10,464,93000,88134
10,465,93200,88134
10,466,93400,88134
10,467,93600,88134
10,468,93800,88134
10,469,94000,88134
10,470,94200,88134
10,471,94400,88134
10,472,94600,88134
10,473,94800,88134
10,474,95000,88134
10,475,95200,88134
10,476,95400,88134
10,477,95600,88134
10,478,95800,88134
10,479,96000,88134
10,480,96200,88134
10,481,96400,88134
10,482,96600,88134
10,483,96800,88134
10,484,97000,88136
10,485,97200,88136
10,486,97400,88136
10,487,97600,88136
10,488,97800,88136
10,489,98000,88136
10,490,98200,88136
10,491,98400,88136
10,492,98600,88136
10,493,98800,88136
10,494,99000,88144
10,495,99200,88144
10,496,99400,88144
10,497,99600,88144
10,498,99800,88144
10,499,100000,88144
11,0,200,72253
11,1,400,75639
11,2,600,77071
11,3,800,78410
11,4,1000,79505
11,5,1200,79646
11,6,1400,80365
11,7,1600,80873
11,8,1800,81963
11,9,2000,82046
11,10,2200,82585
11,11,2400,82996
11,12,2600,83176
11,13,2800,83176
11,14,3000,83273
11,15,3200,83555
11,16,3400,83698
11,17,3600,83714
11,18,3800,83776
11,19,4000,84323
11,20,4200,84421
11,21,4400,84421
11,22,4600,84752
11,23,4800,84799
11,24,5000,84900
11,25,5200,85057
11,26,5400,85057
11,27,5600,85063
11,28,5800,85071
11,29,6000,85300
11,30,6200,85300
11,31,6400,85328
11,32,6600,85428
11,33,6800,85489
11,34,7000,85572
11,35,7200,85689
11,36,7400,85764
11,37,7600,85843
11,38,7800,86109
11,39,8000,86154
11,40,8200,86266
11,41,8400,86302
11,42,8600,86344
11,43,8800,86395
11,44,9000,86490
11,45,9200,86574
11,46,9400,86707
11,47,9600,86763
11,48,9800,86795
11,49,10000,86842
11,50,10200,86873
11,51,10400,86905
11,52,10600,87058
11,53,10800,87105
11,54,11000,87105
11,55,11200,87109
11,56,11400,87114
11,57,11600,87194
11,58,11800,87201
11,59,12000,87206
11,60,12200,87250
11,61,12400,87250
11,62,12600,87252
11,63,12800,87267
11,64,13000,87278
11,65,13200,87279
11,66,13400,87301
11,67,13600,87301
11,68,13800,87307
11,69,14000,87313
11,70,14200,87314
11,71,14400,87335
11,72,14600,87387
11,73,14800,87397
11,74,15000,87429
11,75,15200,87448
11,76,15400,87482
11,77,15600,87482
11,78,15800,87497
11,79,16000,87547
11,80,16200,87558
11,81,16400,87575
11,82,16600,87585
11,83,16800,87585
11,84,17000,87585
11,85,17200,87595
11,86,17400,87599
11,87,17600,87609
11,88,17800,87609
11,89,18000,87636
11,90,18200,87636
11,91,18400,87660
11,92,18600,87660
11,93,18800,87665
11,94,19000,87665
11,95,19200,87665
11,96,19400,87670
11,97,19600,87670
11,98,19800,87674
11,99,20000,87674
11,100,20200,87684
11,101,20400,87730
11,102,20600,87736
11,103,20800,87755
11,104,21000,87756
11,105,21200,87756
11,106,21400,87760
11,107,21600,87766
11,108,21800,87770
11,109,22000,87770
11,110,22200,87770
11,111,22400,87770
11,112,22600,87770
11,113,22800,87770
11,114,23000,87770
11,115,23200,87770
11,116,23400,87770
11,117,23600,87770
11,118,23800,87770
11,119,24000,87770
11,120,24200,87770
11,121,24400,87770
11,122,24600,87770
11,123,24800,87770
11,124,25000,87804
11,125,25200,87804
11,126,25400,87804
11,127,25600,87804
11,128,25800,87804
11,129,26000,87804
11,130,26200,87804
11,131,26400,87804
11,132,26600,87804
11,133,26800,87804
11,134,27000,87804
11,135,27200,87829
11,136,27400,87829
11,137,27600,87829
11,138,27800,87836
11,139,28000,87842
11,140,28200,87842
11,141,28400,87842
11,142,28600,87842
11,143,28800,87842
11,144,29000,87842
11,145,29200,87842
11,146,29400,87842
11,147,29600,87842
11,148,29800,87842
11,149,30000,87848
11,150,30200,87864
11,151,30400,87864
11,152,30600,87870
11,153,30800,87870
11,154,31000,87870
11,155,31200,87870
11,156,31400,87870
11,157,31600,87870
11,158,31800,87870
11,159,32000,87870
11,160,32200,87870
11,161,32400,87870
11,162,32600,87899
11,163,32800,87899
11,164,33000,87899
11,165,33200,87899
11,166,33400,87899
11,167,33600,87899
11,168,33800,87899
11,169,34000,87899
11,170,34200,87899
11,171,34400,87899
11,172,34600,87899
11,173,34800,87934
11,174,35000,87934
11,175,35200,87934
11,176,35400,87934
11,177,35600,87934
11,178,35800,87934
11,179,36000,87934
11,180,36200,87934
11,181,36400,87934
11,182,36600,87934
11,183,36800,87934
11,184,37000,87934
11,185,37200,87937
11,186,37400,87937
11,187,37600,87937
11,188,37800,87937
11,189,38000,87961
11,190,38200,87961
11,191,38400,87961
11,192,38600,87972
11,193,38800,87972
11,194,39000,87988
11,195,39200,87988
11,196,39400,87988
11,197,39600,87991
11,198,39800,87991
11,199,40000,87991
11,200,40200,87991
11,201,40400,87991
11,202,40600,87991
11,203,40800,87995
11,204,41000,87995
11,205,41200,87995
11,206,41400,88018
11,207,41600,88018
11,208,41800,88018
11,209,42000,88018
11,210,42200,88018
11,211,42400,88018
11,212,42600,88018
11,213,42800,88018
11,214,43000,88018
11,215,43200,88018
11,216,43400,88018
11,217,43600,88018
11,218,43800,88018
11,219,44000,88018
11,220,44200,88018
11,221,44400,88031
11,222,44600,88031
11,223,44800,88031
11,224,45000,88031
11,225,45200,88031
11,226,45400,88031
11,227,45600,88031
11,228,45800,88033
11,229,46000,88033
11,230,46200,88033
11,231,46400,88033
11,232,46600,88056
11,233,46800,88056
11,234,47000,88076
11,235,47200,88076
11,236,47400,88097
11,237,47600,88103
11,238,47800,88103
11,239,48000,88103
11,240,48200,88103
11,241,48400,88103
11,242,48600,88103
11,243,48800,88103
11,244,49000,88103
11,245,49200,88109
11,246,49400,88109
11,247,49600,88113
11,248,49800,88115
11,249,50000,88124
11,250,50200,88124
11,251,50400,88124
11,252,50600,88124
11,253,50800,88124
11,254,51000,88124
11,255,51200,88128
11,256,51400,88136
11,257,51600,88136
11,258,51800,88140
11,259,52000,88158
11,260,52200,88158
11,261,52400,88158
11,262,52600,88162
11,263,52800,88162
11,264,53000,88162
11,265,53200,88162
11,266,53400,88162
11,267,53600,88162
11,268,53800,88162
11,269,54000,88162
11,270,54200,88163
11,271,54400,88163
11,272,54600,88163
11,273,54800,88163
11,274,55000,88163
11,275,55200,88163
11,276,55400,88163
11,277,55600,88180
11,278,55800,88180
11,279,56000,88180
11,280,56200,88189
11,281,56400,88189
11,282,56600,88189
11,283,56800,88189
11,284,57000,88189
11,285,57200,88189
11,286,57400,88189
11,287,57600,88189
11,288,57800,88189
11,289,58000,88189
11,290,58200,88189
11,291,58400,88189
11,292,58600,88189
11,293,58800,88189
11,294,59000,88189
11,295,59200,88189
11,296,59400,88189
11,297,59600,88189
11,298,59800,88189
11,299,60000,88189
11,300,60200,88189
11,301,60400,88189
11,302,60600,88189
11,303,60800,88189
11,304,61000,88189
11,305,61200,88189
11,306,61400,88189
11,307,61600,88189
11,308,61800,88189
11,309,62000,88189
11,310,62200,88189
11,311,62400,88189
11,312,62600,88189
11,313,62800,88189
11,314,63000,88189
11,315,63200,88189
11,316,63400,88189
11,317,63600,88189
11,318,63800,88189
11,319,64000,88189
11,320,64200,88189
11,321,64400,88189
11,322,64600,88189
11,323,64800,88189
11,324,65000,88189
11,325,65200,88189
11,326,65400,88189
11,327,65600,88189
11,328,65800,88189
11,329,66000,88189
11,330,66200,88189
11,331,66400,88189
11,332,66600,88189
11,333,66800,88189
11,334,67000,88189
11,335,67200,88189
11,336,67400,88189
11,337,67600,88189
11,338,67800,88189
11,339,68000,88189
11,340,68200,88189
11,341,68400,88189
11,342,68600,88189
11,343,68800,88189
11,344,69000,88189
11,345,69200,88189
11,346,69400,88189
11,347,69600,88189
11,348,69800,88189
11,349,70000,88189
11,350,70200,88189
11,351,70400,88189
11,352,70600,88189
11,353,70800,88189
11,354,71000,88189
11,355,71200,88189
11,356,71400,88189
11,357,71600,88189
11,358,71800,88189
11,359,72000,88189
11,360,72200,88189
11,361,72400,88189
11,362,72600,88189
11,363,72800,88189
11,364,73000,88189
11,365,73200,88189
11,366,73400,88189
11,367,73600,88189
11,368,73800,88189
11,369,74000,88189
11,370,74200,88189
11,371,74400,88189
11,372,74600,88189
11,373,74800,88189
11,374,75000,88189
11,375,75200,88189
11,376,75400,88189
11,377,75600,88189
11,378,75800,88189
11,379,76000,88189
11,380,76200,88189
11,381,76400,88189
11,382,76600,88189
11,383,76800,88201
11,384,77000,88201
11,385,77200,88201
11,386,77400,88201
11,387,77600,88201
11,388,77800,88201
11,389,78000,88201
11,390,78200,88201
11,391,78400,88201
11,392,78600,88201
11,393,78800,88201
11,394,79000,88201
11,395,79200,88201
11,396,79400,88201
11,397,79600,88201
11,398,79800,88201
11,399,80000,88201
11,400,80200,88201
11,401,80400,88201
11,402,80600,88201
11,403,80800,88201
11,404,81000,88201
11,405,81200,88201
11,406,81400,88201
11,407,81600,88201
11,408,81800,88201
11,409,82000,88201
11,410,82200,88201
11,411,82400,88201
11,412,82600,88201
11,413,82800,88201
11,414,83000,88201
11,415,83200,88201
11,416,83400,88201
11,417,83600,88201
11,418,83800,88201
11,419,84000,88201
11,420,84200,88201
11,421,84400,88201
11,422,84600,88201
11,423,84800,88201
11,424,85000,88201
11,425,85200,88201
11,426,85400,88201
11,427,85600,88201
11,428,85800,88201
11,429,86000,88201
11,430,86200,88201
11,431,86400,88201
11,432,86600,88201
11,433,86800,88201
11,434,87000,88201
11,435,87200,88201
11,436,87400,88201
11,437,87600,88201
11,438,87800,88201
11,439,88000,88201
11,440,88200,88201
11,441,88400,88201
11,442,88600,88201
11,443,88800,88201
11,444,89000,88201
11,445,89200,88209
11,446,89400,88209
11,447,89600,88209
11,448,89800,88209
11,449,90000,88209
11,450,90200,88209
11,451,90400,88209
11,452,90600,88209
11,453,90800,88209
11,454,91000,88209
11,455,91200,88209
11,456,91400,88209
11,457,91600,88209
11,458,91800,88209
11,459,92000,88209
11,460,92200,88209
11,461,92400,88211
11,462,92600,88211
11,463,92800,88211
11,464,93000,88211
11,465,93200,88211
11,466,93400,88211
11,467,93600,88211
11,468,93800,88211
11,469,94000,88211
11,470,94200,88211
11,471,94400,88211
11,472,94600,88211
11,473,94800,88211
11,474,95000,88211
11,475,95200,88211
11,476,95400,88211
11,477,95600,88211
11,478,95800,88211
11,479,96000,88211
11,480,96200,88211
11,481,96400,88211
11,482,96600,88211
11,483,96800,88211
11,484,97000,88211
11,485,97200,88211
11,486,97400,88211
11,487,97600,88211
11,488,97800,88211
11,489,98000,88211
11,490,98200,88211
11,491,98400,88211
11,492,98600,88211
11,493,98800,88211
11,494,99000,88211
11,495,99200,88211
11,496,99400,88211
11,497,99600,88215
11,498,99800,88215
11,499,100000,88215
12,0,200,72125
12,1,400,76153
12,2,600,77095
12,3,800,78112
12,4,1000,78839
12,5,1200,79787
12,6,1400,79817
12,7,1600,80396
12,8,1800,80999
12,9,2000,81168
12,10,2200,81633
12,11,2400,82072
12,12,2600,82115
12,13,2800,82560
12,14,3000,83208
12,15,3200,83367
12,16,3400,83376
12,17,3600,83431
12,18,3800,83457
12,19,4000,83664
12,20,4200,84271
12,21,4400,84289
12,22,4600,84474
12,23,4800,84480
12,24,5000,84496
12,25,5200,84528
12,26,5400,84718
12,27,5600,84718
12,28,5800,84768
12,29,6000,84824
12,30,6200,84916
12,31,6400,85048
12,32,6600,85048
12,33,6800,85101
12,34,7000,85189
12,35,7200,85218
12,36,7400,85287
12,37,7600,85304
12,38,7800,85304
12,39,8000,85324
12,40,8200,85332
12,41,8400,85332
12,42,8600,85348
12,43,8800,85348
12,44,9000,85358
12,45,9200,85358
12,46,9400,85419
12,47,9600,85419
12,48,9800,85419
12,49,10000,85469
12,50,10200,85490
12,51,10400,85531
12,52,10600,85729
12,53,10800,85757
12,54,11000,85765
12,55,11200,85765
12,56,11400,85993
12,57,11600,85993
12,58,11800,86013
12,59,12000,86060
12,60,12200,86088
12,61,12400,86148
12,62,12600,86157
12,63,12800,86170
12,64,13000,86230
12,65,13200,86246
12,66,13400,86264
12,67,13600,86575
12,68,13800,86596
12,69,14000,86606
12,70,14200,86618
12,71,14400,86659
12,72,14600,86659
12,73,14800,86691
12,74,15000,86712
12,75,15200,86712
12,76,15400,86712
12,77,15600,86754
12,78,15800,86754
12,79,16000,86772
12,80,16200,86772
12,81,16400,86803
12,82,16600,86818
12,83,16800,86861
12,84,17000,86905
12,85,17200,86927
12,86,17400,86951
12,87,17600,87027
12,88,17800,87027
12,89,18000,87102
12,90,18200,87139
12,91,18400,87139
12,92,18600,87147
12,93,18800,87160
12,94,19000,87174
12,95,19200,87174
12,96,19400,87191
12,97,19600,87194
12,98,19800,87220
12,99,20000,87220
12,100,20200,87220
12,101,20400,87222
12,102,20600,87222
12,103,20800,87222
12,104,21000,87222
12,105,21200,87238
12,106,21400,87238
12,107,21600,87238
12,108,21800,87238
12,109,22000,87242
12,110,22200,87242
12,111,22400,87242
12,112,22600,87260
12,113,22800,87265
12,114,23000,87265
12,115,23200,87265
12,116,23400,87307
12,117,23600,87307
12,118,23800,87308
12,119,24000,87312
12,120,24200,87312
12,121,24400,87312
12,122,24600,87312
12,123,24800,87317
12,124,25000,87317
12,125,25200,87317
12,126,25400,87326
12,127,25600,87333
12,128,25800,87333
12,129,26000,87348
12,130,26200,87364
12,131,26400,87364
12,132,26600,87364
12,133,26800,87371
12,134,27000,87429
12,135,27200,87435
12,136,27400,87452
12,137,27600,87460
12,138,27800,87474
12,139,28000,87474
12,140,28200,87482
12,141,28400,87522
12,142,28600,87528
12,143,28800,87528
12,144,29000,87537
12,145,29200,87543
12,146,29400,87543
12,147,29600,87572
12,148,29800,87581
12,149,30000,87592
12,150,30200,87592
12,151,30400,87592
12,152,30600,87592
12,153,30800,87618
12,154,31000,87637
12,155,31200,87637
12,156,31400,87643
12,157,31600,87643
12,158,31800,87654
12,159,32000,87654
12,160,32200,87661
12,161,32400,87661
12,162,32600,87661
12,163,32800,87666
12,164,33000,87666
12,165,33200,87666
12,166,33400,87666
12,167,33600,87666
12,168,33800,87671
12,169,34000,87671
12,170,34200,87671
12,171,34400,87671
12,172,34600,87673
12,173,34800,87676
12,174,35000,87676
12,175,35200,87676
12,176,35400,87684
12,177,35600,87686
12,178,35800,87696
12,179,36000,87696
12,180,36200,87708
12,181,36400,87708
12,182,36600,87708
12,183,36800,87721
12,184,37000,87726
12,185,37200,87740
12,186,37400,87740
12,187,37600,87741
12,188,37800,87742
12,189,38000,87747
12,190,38200,87756
12,191,38400,87756
12,192,38600,87756
12,193,38800,87756
12,194,39000,87786
12,195,39200,87786
12,196,39400,87787
12,197,39600,87787
12,198,39800,87787
12,199,40000,87804
12,200,40200,87804
12,201,40400,87804
12,202,40600,87804
12,203,40800,87804
12,204,41000,87809
12,205,41200,87809
12,206,41400,87809
12,207,41600,87809
12,208,41800,87809
12,209,42000,87811
12,210,42200,87811
12,211,42400,87811
12,212,42600,87811
12,213,42800,87811
12,214,43000,87837
12,215,43200,87837
12,216,43400,87837
12,217,43600,87851
12,218,43800,87852
12,219,44000,87852
12,220,44200,87859
12,221,44400,87867
12,222,44600,87875
12,223,44800,87879
12,224,45000,87879
12,225,45200,87879
12,226,45400,87880
12,227,45600,87881
12,228,45800,87881
12,229,46000,87885
12,230,46200,87885
12,231,46400,87885
12,232,46600,87885
12,233,46800,87885
12,234,47000,87885
12,235,47200,87885
12,236,47400,87885
12,237,47600,87885
12,238,47800,87885
12,239,48000,87885
12,240,48200,87885
12,241,48400,87885
12,242,48600,87885
12,243,48800,87885
12,244,49000,87885
12,245,49200,87885
12,246,49400,87885
12,247,49600,87885
12,248,49800,87885
12,249,50000,87885
12,250,50200,87885
12,251,50400,87885
12,252,50600,87885
12,253,50800,87885
12,254,51000,87885
12,255,51200,87885
12,256,51400,87885
12,257,51600,87885
12,258,51800,87885
12,259,52000,87885
12,260,52200,87885
12,261,52400,87885
12,262,52600,87885
12,263,52800,87885
12,264,53000,87885
12,265,53200,87885
12,266,53400,87885
12,267,53600,87885
12,268,53800,87885
12,269,54000,87885
12,270,54200,87885
12,271,54400,87885
12,272,54600,87885
12,273,54800,87885
12,274,55000,87885
12,275,55200,87885
12,276,55400,87885
12,277,55600,87885
12,278,55800,87885
12,279,56000,87885
12,280,56200,87885
12,281,56400,87885
12,282,56600,87885
12,283,56800,87885
12,284,57000,87885
12,285,57200,87885
12,286,57400,87885
12,287,57600,87885
12,288,57800,87885
12,289,58000,87909
12,290,58200,87909
12,291,58400,87909
12,292,58600,87916
12,293,58800,87916
12,294,59000,87916
12,295,59200,87916
12,296,59400,87916
12,297,59600,87916
12,298,59800,87916
12,299,60000,87916
12,300,60200,87916
12,301,60400,87916
12,302,60600,87916
12,303,60800,87916
12,304,61000,87916
12,305,61200,87916
12,306,61400,87916
12,307,61600,87916
12,308,61800,87916
12,309,62000,87916
12,310,62200,87916
12,311,62400,87927
12,312,62600,87927
12,313,62800,87927
12,314,63000,87927
12,315,63200,87927
12,316,63400,87939
12,317,63600,87939
12,318,63800,87939
12,319,64000,87939
12,320,64200,87939
12,321,64400,87939
12,322,64600,87939
12,323,64800,87939
12,324,65000,87939
12,325,65200,87939
12,326,65400,87939
12,327,65600,87939
12,328,65800,87939
12,329,66000,87939
12,330,66200,87939
12,331,66400,87939
12,332,66600,87939
12,333,66800,87939
12,334,67000,87939
12,335,67200,87939
12,336,67400,87939
12,337,67600,87939
12,338,67800,87939
12,339,68000,87939
12,340,68200,87939
12,341,68400,87939
12,342,68600,87949
12,343,68800,87949
12,344,69000,87949
12,345,69200,87949
12,346,69400,87949
12,347,69600,87957
12,348,69800,87957
12,349,70000,87957
12,350,70200,87957
12,351,70400,87957
12,352,70600,87957
12,353,70800,87957
12,354,71000,87957
12,355,71200,87957
12,356,71400,87957
12,357,71600,87957
12,358,71800,87957
12,359,72000,87957
12,360,72200,87957
12,361,72400,87957
12,362,72600,87957
12,363,72800,87957
12,364,73000,87957
12,365,73200,87957
12,366,73400,87974
12,367,73600,87974
12,368,73800,87974
12,369,74000,87974
12,370,74200,87974
12,371,74400,87975
12,372,74600,87975
12,373,74800,87975
12,374,75000,87975
12,375,75200,87975
12,376,75400,87975
12,377,75600,87975
12,378,75800,87975
12,379,76000,87975
12,380,76200,87975
12,381,76400,87975
12,382,76600,87975
12,383,76800,87975
12,384,77000,87975
12,385,77200,87975
12,386,77400,87975
12,387,77600,87975
12,388,77800,87975
12,389,78000,87975
12,390,78200,87975
12,391,78400,87975
12,392,78600,87975
12,393,78800,87975
12,394,79000,87975
12,395,79200,87975
12,396,79400,87975
12,397,79600,87975
12,398,79800,87975
12,399,80000,87975
12,400,80200,87975
12,401,80400,87975
12,402,80600,87975
12,403,80800,87975
12,404,81000,87975
12,405,81200,87975
12,406,81400,87975
12,407,81600,87975
12,408,81800,87975
12,409,82000,87975
12,410,82200,87975
12,411,82400,87975
12,412,82600,87975
12,413,82800,87975
12,414,83000,87975
12,415,83200,87975
12,416,83400,87975
12,417,83600,87975
12,418,83800,87975
12,419,84000,87975
12,420,84200,87975
12,421,84400,87975
12,422,84600,87975
12,423,84800,87975
12,424,85000,87975
12,425,85200,87975
12,426,85400,87975
12,427,85600,87975
12,428,85800,87975
12,429,86000,87975
12,430,86200,87975
12,431,86400,87975
12,432,86600,87975
12,433,86800,87975
12,434,87000,87975
12,435,87200,87975
12,436,87400,87975
12,437,87600,87975
12,438,87800,87975
12,439,88000,87975
12,440,88200,87975
12,441,88400,87975
12,442,88600,87975
12,443,88800,87975
12,444,89000,87975
12,445,89200,87975
12,446,89400,87975
12,447,89600,87984
12,448,89800,87984
12,449,90000,87984
12,450,90200,87984
12,451,90400,87984
12,452,90600,87984
12,453,90800,87984
12,454,91000,87984
12,455,91200,87984
12,456,91400,87984
12,457,91600,87984
12,458,91800,87984
12,459,92000,87984
12,460,92200,87984
12,461,92400,87984
12,462,92600,87984
12,463,92800,87984
12,464,93000,87984
12,465,93200,87984
12,466,93400,87984
12,467,93600,87984
12,468,93800,87984
12,469,94000,87984
12,470,94200,87984
12,471,94400,87984
12,472,94600,87984
12,473,94800,87984
12,474,95000,87984
12,475,95200,87984
12,476,95400,87984
12,477,95600,87984
12,478,95800,87984
12,479,96000,87984
12,480,96200,87984
12,481,96400,87984
12,482,96600,87984
12,483,96800,87984
12,484,97000,87984
12,485,97200,87984
12,486,97400,87984
12,487,97600,87984
12,488,97800,87984
12,489,98000,87984
12,490,98200,87984
12,491,98400,87984
12,492,98600,87984
12,493,98800,87984
12,494,99000,87984
12,495,99200,87984
12,496,99400,87984
12,497,99600,87984
12,498,99800,87984
12,499,100000,87984
13,0,200,72385
13,1,400,75071
13,2,600,77868
13,3,800,78161
13,4,1000,78466
13,5,1200,78985
13,6,1400,79263
13,7,1600,79884
13,8,1800,80164
13,9,2000,80823
13,10,2200,80969
13,11,2400,81428
13,12,2600,82060
13,13,2800,82067
13,14,3000,82451
13,15,3200,82465
13,16,3400,82787
13,17,3600,83388
13,18,3800,83577
13,19,4000,83746
13,20,4200,83746
13,21,4400,83908
13,22,4600,84310
13,23,4800,84312
13,24,5000,84510
13,25,5200,84558
13,26,5400,84660
13,27,5600,84863
13,28,5800,84968
13,29,6000,85100
13,30,6200,85199
13,31,6400,85387
13,32,6600,85427
13,33,6800,85438
13,34,7000,85608
13,35,7200,85698
13,36,7400,85722
13,37,7600,85906
13,38,7800,85906
13,39,8000,85952
13,40,8200,86013
13,41,8400,86047
13,42,8600,86050
13,43,8800,86069
13,44,9000,86107
13,45,9200,86129
13,46,9400,86139
13,47,9600,86139
13,48,9800,86183
13,49,10000,86192
13,50,10200,86216
13,51,10400,86216
13,52,10600,86225
13,53,10800,86248
13,54,11000,86248
13,55,11200,86254
13,56,11400,86256
13,57,11600,86261
13,58,11800,86262
13,59,12000,86262
13,60,12200,86263
13,61,12400,86269
13,62,12600,86269
13,63,12800,86269
13,64,13000,86320
13,65,13200,86331
13,66,13400,86340
13,67,13600,86340
13,68,13800,86447
13,69,14000,86449
13,70,14200,86457
13,71,14400,86457
13,72,14600,86518
13,73,14800,86524
13,74,15000,86605
13,75,15200,86611
13,76,15400,86627
13,77,15600,86645
13,78,15800,86713
13,79,16000,86751
13,80,16200,86752
13,81,16400,86758
13,82,16600,86784
13,83,16800,86784
13,84,17000,86846
13,85,17200,86846
13,86,17400,86868
13,87,17600,86871
13,88,17800,86883
13,89,18000,86883
13,90,18200,86903
13,91,18400,86907
13,92,18600,86907
13,93,18800,86943
13,94,19000,86955
13,95,19200,86955
13,96,19400,86970
13,97,19600,87030
13,98,19800,87030
13,99,20000,87052
13,100,20200,87166
13,101,20400,87166
13,102,20600,87166
13,103,20800,87260
13,104,21000,87268
13,105,21200,87272
13,106,21400,87285
13,107,21600,87291
13,108,21800,87297
13,109,22000,87298
13,110,22200,87322
13,111,22400,87339
13,112,22600,87346
13,113,22800,87350
13,114,23000,87393
13,115,23200,87401
13,116,23400,87419
13,117,23600,87422
13,118,23800,87442
13,119,24000,87452
13,120,24200,87484
13,121,24400,87484
13,122,24600,87486
13,123,24800,87498
13,124,25000,87528
13,125,25200,87530
13,126,25400,87566
13,127,25600,87585
13,128,25800,87585
13,129,26000,87660
13,130,26200,87684
13,131,26400,87684
13,132,26600,87684
13,133,26800,87689
13,134,27000,87692
13,135,27200,87692
13,136,27400,87692
13,137,27600,87693
13,138,27800,87710
13,139,28000,87731
13,140,28200,87731
13,141,28400,87737
13,142,28600,87751
13,143,28800,87757
13,144,29000,87757
13,145,29200,87766
13,146,29400,87766
13,147,29600,87769
13,148,29800,87769
13,149,30000,87778
13,150,30200,87785
13,151,30400,87787
13,152,30600,87787
13,153,30800,87788
13,154,31000,87794
13,155,31200,87794
13,156,31400,87794
13,157,31600,87794
13,158,31800,87796
13,159,32000,87796
13,160,32200,87796
13,161,32400,87797
13,162,32600,87832
13,163,32800,87834
13,164,33000,87835
13,165,33200,87869
13,166,33400,87869
13,167,33600,87872
13,168,33800,87878
13,169,34000,87880
13,170,34200,87881
13,171,34400,87881
13,172,34600,87881
13,173,34800,87882
13,174,35000,87882
13,175,35200,87882
13,176,35400,87883
13,177,35600,87891
13,178,35800,87891
13,179,36000,87891
13,180,36200,87893
13,181,36400,87901
13,182,36600,87901
13,183,36800,87903
13,184,37000,87903
13,185,37200,87903
13,186,37400,87903
13,187,37600,87903
13,188,37800,87903
13,189,38000,87903
13,190,38200,87903
13,191,38400,87903
13,192,38600,87903
13,193,38800,87903
13,194,39000,87903
13,195,39200,87903
13,196,39400,87903
13,197,39600,87921
13,198,39800,87921
13,199,40000,87930
13,200,40200,87930
13,201,40400,87930
13,202,40600,87930
13,203,40800,87930
13,204,41000,87930
13,205,41200,87930
13,206,41400,87930
13,207,41600,87930
13,208,41800,87930
13,209,42000,87930
13,210,42200,87930
13,211,42400,87930
13,212,42600,87930
13,213,42800,87930
13,214,43000,87930
13,215,43200,87930
13,216,43400,87930
13,217,43600,87930
13,218,43800,87930
13,219,44000,87930
13,220,44200,87930
13,221,44400,87930
13,222,44600,87930
13,223,44800,87930
13,224,45000,87930
13,225,45200,87930
13,226,45400,87930
13,227,45600,87930
13,228,45800,87930
13,229,46000,87930
13,230,46200,87930
13,231,46400,87930
13,232,46600,87930
13,233,46800,87930
13,234,47000,87930
13,235,47200,87930
13,236,47400,87930
13,237,47600,87930
13,238,47800,87930
13,239,48000,87930
13,240,48200,87930
13,241,48400,87930
13,242,48600,87930
13,243,48800,87930
13,244,49000,87930
13,245,49200,87930
13,246,49400,87930
13,247,49600,87930
13,248,49800,87930
13,249,50000,87930
13,250,50200,87930
13,251,50400,87930
13,252,50600,87930
13,253,50800,87930
13,254,51000,87930
13,255,51200,87930
13,256,51400,87930
13,257,51600,87930
13,258,51800,87930
13,259,52000,87930
13,260,52200,87930
13,261,52400,87930
13,262,52600,87930
13,263,52800,87930
13,264,53000,87930
13,265,53200,87930
13,266,53400,87930
13,267,53600,87930
13,268,53800,87930
13,269,54000,87930
13,270,54200,87930
13,271,54400,87930
13,272,54600,87930
13,273,54800,87930
13,274,55000,87936
13,275,55200,87936
13,276,55400,87936
13,277,55600,87936
13,278,55800,87936
13,279,56000,87936
13,280,56200,87936
13,281,56400,87936
13,282,56600,87936
13,283,56800,87936
13,284,57000,87936
13,285,57200,87936
13,286,57400,87936
13,287,57600,87936
13,288,57800,87936
13,289,58000,87936
13,290,58200,87964
13,291,58400,87964
13,292,58600,87964
13,293,58800,87965
13,294,59000,87965
13,295,59200,87966
13,296,59400,87966
13,297,59600,87966
13,298,59800,87966
13,299,60000,87966
13,300,60200,87966
13,301,60400,87966
13,302,60600,87966
13,303,60800,87966
13,304,61000,87967
13,305,61200,87967
13,306,61400,87967
13,307,61600,87988
13,308,61800,87988
13,309,62000,87988
13,310,62200,87988
13,311,62400,87988
13,312,62600,87988
13,313,62800,87988
13,314,63000,87988
13,315,63200,87988
13,316,63400,87988
13,317,63600,87988
13,318,63800,87988
13,319,64000,87988
13,320,64200,87988
13,321,64400,87988
13,322,64600,87988
13,323,64800,87988
13,324,65000,87988
13,325,65200,87996
13,326,65400,87996
13,327,65600,87996
13,328,65800,87996
13,329,66000,87996
13,330,66200,87996
13,331,66400,87996
13,332,66600,87996
13,333,66800,87996
13,334,67000,87996
13,335,67200,88001
13,336,67400,88001
13,337,67600,88001
13,338,67800,88001
13,339,68000,88001
13,340,68200,88001
13,341,68400,88001
13,342,68600,88001
13,343,68800,88001
13,344,69000,88001
13,345,69200,88001
13,346,69400,88001
13,347,69600,88001
13,348,69800,88015
13,349,70000,88015
13,350,70200,88015
13,351,70400,88015
13,352,70600,88015
13,353,70800,88020
13,354,71000,88020
13,355,71200,88020
13,356,71400,88020
13,357,71600,88020
13,358,71800,88020
13,359,72000,88020
13,360,72200,88020
13,361,72400,88020
13,362,72600,88020
13,363,72800,88020
13,364,73000,88028
13,365,73200,88028
13,366,73400,88032
13,367,73600,88032
13,368,73800,88032
13,369,74000,88034
13,370,74200,88036
13,371,74400,88036
13,372,74600,88036
13,373,74800,88036
13,374,75000,88036
13,375,75200,88036
13,376,75400,88036
13,377,75600,88036
13,378,75800,88036
13,379,76000,88036
13,380,76200,88036
13,381,76400,88036
13,382,76600,88036
13,383,76800,88036
13,384,77000,88036
13,385,77200,88036
13,386,77400,88036
13,387,77600,88036
13,388,77800,88036
13,389,78000,88036
13,390,78200,88036
13,391,78400,88036
13,392,78600,88036
13,393,78800,88036
13,394,79000,88036
13,395,79200,88036
13,396,79400,88036
13,397,79600,88036
13,398,79800,88036
13,399,80000,88038
13,400,80200,88038
13,401,80400,88038
13,402,80600,88038
13,403,80800,88038
13,404,81000,88038
13,405,81200,88038
13,406,81400,88038
13,407,81600,88038
13,408,81800,88038
13,409,82000,88038
13,410,82200,88038
13,411,82400,88038
13,412,82600,88038
13,413,82800,88038
13,414,83000,88038
13,415,83200,88045
13,416,83400,88045
13,417,83600,88045
13,418,83800,88048
13,419,84000,88049
13,420,84200,88049
13,421,84400,88049
13,422,84600,88049
13,423,84800,88049
13,424,85000,88049
13,425,85200,88049
13,426,85400,88070
13,427,85600,88070
13,428,85800,88078
13,429,86000,88078
13,430,86200,88078
13,431,86400,88078
13,432,86600,88078
13,433,86800,88078
13,434,87000,88078
13,435,87200,88078
13,436,87400,88080
13,437,87600,88080
13,438,87800,88080
13,439,88000,88080
13,440,88200,88080
13,441,88400,88080
13,442,88600,88080
13,443,88800,88080
13,444,89000,88080
13,445,89200,88080
13,446,89400,88080
13,447,89600,88080
13,448,89800,88080
13,449,90000,88080
13,450,90200,88080
13,451,90400,88080
13,452,90600,88080
13,453,90800,88080
13,454,91000,88080
13,455,91200,88080
13,456,91400,88080
13,457,91600,88080
13,458,91800,88080
13,459,92000,88089
13,460,92200,88089
13,461,92400,88089
13,462,92600,88099
13,463,92800,88099
13,464,93000,88104
13,465,93200,88113
13,466,93400,88113
13,467,93600,88113
13,468,93800,88113
13,469,94000,88113
13,470,94200,88113
13,471,94400,88113
13,472,94600,88113
13,473,94800,88113
13,474,95000,88113
13,475,95200,88113
13,476,95400,88113
13,477,95600,88113
13,478,95800,88113
13,479,96000,88113
13,480,96200,88136
13,481,96400,88136
13,482,96600,88136
13,483,96800,88147
13,484,97000,88147
13,485,97200,88147
13,486,97400,88147
13,487,97600,88147
13,488,97800,88147
13,489,98000,88147
13,490,98200,88147
13,491,98400,88147
13,492,98600,88147
13,493,98800,88147
13,494,99000,88157
13,495,99200,88157
13,496,99400,88157
13,497,99600,88157
13,498,99800,88157
13,499,100000,88157
14,0,200,73012
14,1,400,75498
14,2,600,76387
14,3,800,77920
14,4,1000,78755
14,5,1200,79311
14,6,1400,79553
14,7,1600,80044
14,8,1800,81409
14,9,2000,81409
14,10,2200,81916
14,11,2400,81916
14,12,2600,82361
14,13,2800,82806
14,14,3000,82840
14,15,3200,83349
14,16,3400,83361
14,17,3600,83590
14,18,3800,84183
14,19,4000,84221
14,20,4200,84255
14,21,4400,84472
14,22,4600,84478
14,23,4800,84539
14,24,5000,84650
14,25,5200,84673
14,26,5400,84698
14,27,5600,84759
14,28,5800,84992
14,29,6000,84996
14,30,6200,85299
14,31,6400,85388
14,32,6600,85463
14,33,6800,85564
14,34,7000,85850
14,35,7200,85873
14,36,7400,85873
14,37,7600,86097
14,38,7800,86130
14,39,8000,86344
14,40,8200,86392
14,41,8400,86443
14,42,8600,86452
14,43,8800,86547
14,44,9000,86563
14,45,9200,86607
14,46,9400,86630
14,47,9600,86688
14,48,9800,86699
14,49,10000,86749
14,50,10200,86769
14,51,10400,86773
14,52,10600,86832
14,53,10800,86890
14,54,11000,86890
14,55,11200,86894
14,56,11400,86899
14,57,11600,86918
14,58,11800,86933
14,59,12000,86933
14,60,12200,86982
14,61,12400,86982
14,62,12600,86998
14,63,12800,87027
14,64,13000,87027
14,65,13200,87089
14,66,13400,87100
14,67,13600,87116
14,68,13800,87179
14,69,14000,87203
14,70,14200,87210
14,71,14400,87249
14,72,14600,87364
14,73,14800,87384
14,74,15000,87386
14,75,15200,87422
14,76,15400,87463
14,77,15600,87491
14,78,15800,87491
14,79,16000,87514
14,80,16200,87539
14,81,16400,87553
14,82,16600,87575
14,83,16800,87596
14,84,17000,87636
14,85,17200,87646
14,86,17400,87660
14,87,17600,87706
14,88,17800,87706
14,89,18000,87708
14,90,18200,87721
14,91,18400,87742
14,92,18600,87742
14,93,18800,87742
14,94,19000,87742
14,95,19200,87758
14,96,19400,87758
14,97,19600,87776
14,98,19800,87776
14,99,20000,87792
14,100,20200,87792
14,101,20400,87793
14,102,20600,87793
14,103,20800,87793
14,104,21000,87804
14,105,21200,87804
14,106,21400,87825
14,107,21600,87825
14,108,21800,87825
14,109,22000,87825
14,110,22200,87839
14,111,22400,87851
14,112,22600,87870
14,113,22800,87882
14,114,23000,87888
14,115,23200,87890
14,116,23400,87890
14,117,23600,87890
14,118,23800,87895
14,119,24000,87895
14,120,24200,87895
14,121,24400,87895
14,122,24600,87900
14,123,24800,87900
14,124,25000,87900
14,125,25200,87902
14,126,25400,87904
14,127,25600,87904
14,128,25800,87926
14,129,26000,87926
14,130,26200,87926
14,131,26400,87931
14,132,26600,87931
14,133,26800,87931
14,134,27000,87932
14,135,27200,87932
14,136,27400,87932
14,137,27600,87932
14,138,27800,87932
14,139,28000,87932
14,140,28200,87932
14,141,28400,87932
14,142,28600,87932
14,143,28800,87932
14,144,29000,87932
14,145,29200,87951
14,146,29400,88026
14,147,29600,88026
14,148,29800,88026
14,149,30000,88036
14,150,30200,88044
14,151,30400,88044
14,152,30600,88051
14,153,30800,88055
14,154,31000,88060
14,155,31200,88066
14,156,31400,88066
14,157,31600,88113
14,158,31800,88117
14,159,32000,88128
14,160,32200,88128
14,161,32400,88130
14,162,32600,88130
14,163,32800,88130
14,164,33000,88130
14,165,33200,88130
14,166,33400,88131
14,167,33600,88131
14,168,33800,88131
14,169,34000,88131
14,170,34200,88131
14,171,34400,88131
14,172,34600,88131
14,173,34800,88131
14,174,35000,88131
14,175,35200,88131
14,176,35400,88144
14,177,35600,88144
14,178,35800,88144
14,179,36000,88144
14,180,36200,88144
14,181,36400,88144
14,182,36600,88144
14,183,36800,88144
14,184,37000,88144
14,185,37200,88144
14,186,37400,88144
14,187,37600,88144
14,188,37800,88144
14,189,38000,88144
14,190,38200,88144
14,191,38400,88144
14,192,38600,88144
14,193,38800,88144
14,194,39000,88144
14,195,39200,88144
14,196,39400,88144
14,197,39600,88144
14,198,39800,88144
14,199,40000,88144
14,200,40200,88144
14,201,40400,88144
14,202,40600,88144
14,203,40800,88144
14,204,41000,88144
14,205,41200,88144
14,206,41400,88144
14,207,41600,88144
14,208,41800,88162
14,209,42000,88162
14,210,42200,88162
14,211,42400,88162
14,212,42600,88162
14,213,42800,88162
14,214,43000,88187
14,215,43200,88192
14,216,43400,88200
14,217,43600,88214
14,218,43800,88216
14,219,44000,88227
14,220,44200,88227
14,221,44400,88232
14,222,44600,88232
14,223,44800,88232
14,224,45000,88240
14,225,45200,88240
14,226,45400,88240
14,227,45600,88240
14,228,45800,88240
14,229,46000,88240
14,230,46200,88240
14,231,46400,88240
14,232,46600,88240
14,233,46800,88240
14,234,47000,88240
14,235,47200,88240
14,236,47400,88240
14,237,47600,88240
14,238,47800,88240
14,239,48000,88240
14,240,48200,88240
14,241,48400,88240
14,242,48600,88269
14,243,48800,88269
14,244,49000,88275
14,245,49200,88285
14,246,49400,88285
14,247,49600,88285
14,248,49800,88285
14,249,50000,88289
14,250,50200,88289
14,251,50400,88289
14,252,50600,88289
14,253,50800,88289
14,254,51000,88289
14,255,51200,88312
14,256,51400,88312
14,257,51600,88312
14,258,51800,88312
14,259,52000,88312
14,260,52200,88312
14,261,52400,88312
14,262,52600,88312
14,263,52800,88312
14,264,53000,88312
14,265,53200,88312
14,266,53400,88312
14,267,53600,88314
14,268,53800,88314
14,269,54000,88314
14,270,54200,88314
14,271,54400,88315
14,272,54600,88315
14,273,54800,88315
14,274,55000,88315
14,275,55200,88315
14,276,55400,88315
14,277,55600,88315
14,278,55800,88315
14,279,56000,88315
14,280,56200,88315
14,281,56400,88315
14,282,56600,88315
14,283,56800,88315
14,284,57000,88315
14,285,57200,88315
14,286,57400,88315
14,287,57600,88315
14,288,57800,88315
14,289,58000,88315
14,290,58200,88315
14,291,58400,88315
14,292,58600,88315
14,293,58800,88315
14,294,59000,88315
14,295,59200,88315
14,296,59400,88315
14,297,59600,88315
14,298,59800,88315
14,299,60000,88315
14,300,60200,88315
14,301,60400,88315
14,302,60600,88315
14,303,60800,88315
14,304,61000,88315
14,305,61200,88315
14,306,61400,88315
14,307,61600,88315
14,308,61800,88315
14,309,62000,88315
14,310,62200,88315
14,311,62400,88315
14,312,62600,88315
14,313,62800,88315
14,314,63000,88315
14,315,63200,88315
14,316,63400,88337
14,317,63600,88337
14,318,63800,88337
14,319,64000,88337
14,320,64200,88337
14,321,64400,88337
14,322,64600,88337
14,323,64800,88337
14,324,65000,88337
14,325,65200,88337
14,326,65400,88337
14,327,65600,88343
14,328,65800,88343
14,329,66000,88343
14,330,66200,88343
14,331,66400,88343
14,332,66600,88343
14,333,66800,88343
14,334,67000,88343
14,335,67200,88362
14,336,67400,88362
14,337,67600,88362
14,338,67800,88362
14,339,68000,88362
14,340,68200,88362
14,341,68400,88362
14,342,68600,88362
14,343,68800,88362
14,344,69000,88362
14,345,69200,88364
14,346,69400,88364
14,347,69600,88371
14,348,69800,88371
14,349,70000,88384
14,350,70200,88384
14,351,70400,88384
14,352,70600,88386
14,353,70800,88387
14,354,71000,88387
14,355,71200,88387
14,356,71400,88387
14,357,71600,88389
14,358,71800,88389
14,359,72000,88391
14,360,72200,88397
14,361,72400,88397
14,362,72600,88397
14,363,72800,88397
14,364,73000,88397
14,365,73200,88397
14,366,73400,88398
14,367,73600,88398
14,368,73800,88398
14,369,74000,88398
14,370,74200,88398
14,371,74400,88399
14,372,74600,88399
14,373,74800,88399
14,374,75000,88411
14,375,75200,88415
14,376,75400,88415
14,377,75600,88415
14,378,75800,88415
14,379,76000,88415
14,380,76200,88419
14,381,76400,88419
14,382,76600,88419
14,383,76800,88419
14,384,77000,88430
14,385,77200,88430
14,386,77400,88430
14,387,77600,88430
14,388,77800,88430
14,389,78000,88430
14,390,78200,88430
14,391,78400,88430
14,392,78600,88430
14,393,78800,88430
14,394,79000,88430
14,395,79200,88434
14,396,79400,88434
14,397,79600,88434
14,398,79800,88440
14,399,80000,88440
14,400,80200,88440
14,401,80400,88442
14,402,80600,88446
14,403,80800,88448
14,404,81000,88450
14,405,81200,88453
14,406,81400,88453
14,407,81600,88453
14,408,81800,88463
14,409,82000,88463
14,410,82200,88463
14,411,82400,88463
14,412,82600,88463
14,413,82800,88463
14,414,83000,88472
14,415,83200,88472
14,416,83400,88472
14,417,83600,88472
14,418,83800,88480
14,419,84000,88480
14,420,84200,88495
14,421,84400,88495
14,422,84600,88495
14,423,84800,88495
14,424,85000,88495
14,425,85200,88495
14,426,85400,88495
14,427,85600,88495
14,428,85800,88495
14,429,86000,88495
14,430,86200,88495
14,431,86400,88495
14,432,86600,88495
14,433,86800,88495
14,434,87000,88495
14,435,87200,88495
14,436,87400,88495
14,437,87600,88495
14,438,87800,88495
14,439,88000,88495
14,440,88200,88495
14,441,88400,88495
14,442,88600,88495
14,443,88800,88495
14,444,89000,88495
14,445,89200,88495
14,446,89400,88498
14,447,89600,88507
14,448,89800,88507
14,449,90000,88510
14,450,90200,88510
14,451,90400,88510
14,452,90600,88510
14,453,90800,88510
14,454,91000,88510
14,455,91200,88510
14,456,91400,88510
14,457,91600,88510
14,458,91800,88510
14,459,92000,88510
14,460,92200,88510
14,461,92400,88510
14,462,92600,88510
14,463,92800,88510
14,464,93000,88510
14,465,93200,88510
14,466,93400,88510
14,467,93600,88510
14,468,93800,88510
14,469,94000,88510
14,470,94200,88510
14,471,94400,88510
14,472,94600,88510
14,473,94800,88510
14,474,95000,88510
14,475,95200,88510
14,476,95400,88510
14,477,95600,88510
14,478,95800,88510
14,479,96000,88510
14,480,96200,88510
14,481,96400,88510
14,482,96600,88510
14,483,96800,88510
14,484,97000,88510
14,485,97200,88510
14,486,97400,88510
14,487,97600,88510
14,488,97800,88510
14,489,98000,88510
14,490,98200,88510
14,491,98400,88510
14,492,98600,88510
14,493,98800,88510
14,494,99000,88510
14,495,99200,88510
14,496,99400,88510
14,497,99600,88510
14,498,99800,88510
14,499,100000,88510
15,0,200,72508
15,1,400,75502
15,2,600,76837
15,3,800,77359
15,4,1000,78225
15,5,1200,79175
15,6,1400,79556
15,7,1600,80054
15,8,1800,80453
15,9,2000,81210
15,10,2200,81222
15,11,2400,81640
15,12,2600,81696
15,13,2800,82677
15,14,3000,82794
15,15,3200,82956
15,16,3400,82978
15,17,3600,83047
15,18,3800,83109
15,19,4000,83174
15,20,4200,83670
15,21,4400,83739
15,22,4600,83746
15,23,4800,83982
15,24,5000,83998
15,25,5200,84127
15,26,5400,84144
15,27,5600,84318
15,28,5800,84422
15,29,6000,85131
15,30,6200,85242
15,31,6400,85242
15,32,6600,85453
15,33,6800,85487
15,34,7000,85536
15,35,7200,85691
15,36,7400,85794
15,37,7600,85796
15,38,7800,85873
15,39,8000,85928
15,40,8200,85928
15,41,8400,85966
15,42,8600,86022
15,43,8800,86026
15,44,9000,86033
15,45,9200,86042
15,46,9400,86043
15,47,9600,86117
15,48,9800,86122
15,49,10000,86270
15,50,10200,86526
15,51,10400,86547
15,52,10600,86566
15,53,10800,86617
15,54,11000,86623
15,55,11200,86630
15,56,11400,86838
15,57,11600,86841
15,58,11800,86915
15,59,12000,86978
15,60,12200,86980
15,61,12400,87002
15,62,12600,87022
15,63,12800,87077
15,64,13000,87080
15,65,13200,87125
15,66,13400,87127
15,67,13600,87140
15,68,13800,87199
15,69,14000,87253
15,70,14200,87324
15,71,14400,87327
15,72,14600,87329
15,73,14800,87372
15,74,15000,87372
15,75,15200,87404
15,76,15400,87420
15,77,15600,87456
15,78,15800,87464
15,79,16000,87468
15,80,16200,87480
15,81,16400,87504
15,82,16600,87504
15,83,16800,87509
15,84,17000,87609
15,85,17200,87612
15,86,17400,87642
15,87,17600,87676
15,88,17800,87679
15,89,18000,87697
15,90,18200,87720
15,91,18400,87720
15,92,18600,87723
15,93,18800,87735
15,94,19000,87737
15,95,19200,87769
15,96,19400,87769
15,97,19600,87814
15,98,19800,87827
15,99,20000,87847
15,100,20200,87905
15,101,20400,87927
15,102,20600,87937
15,103,20800,87945
15,104,21000,87945
15,105,21200,87956
15,106,21400,87964
15,107,21600,87964
15,108,21800,87965
15,109,22000,87973
15,110,22200,87973
15,111,22400,87973
15,112,22600,87996
15,113,22800,87996
15,114,23000,87997
15,115,23200,87997
15,116,23400,88005
15,117,23600,88005
15,118,23800,88026
15,119,24000,88026
15,120,24200,88062
15,121,24400,88062
15,122,24600,88084
15,123,24800,88092
15,124,25000,88097
15,125,25200,88097
15,126,25400,88097
15,127,25600,88097
15,128,25800,88098
15,129,26000,88098
15,130,26200,88098
15,131,26400,88098
15,132,26600,88104
15,133,26800,88104
15,134,27000,88108
15,135,27200,88108
15,136,27400,88108
15,137,27600,88108
15,138,27800,88108
15,139,28000,88119
15,140,28200,88139
15,141,28400,88139
15,142,28600,88139
15,143,28800,88139
15,144,29000,88152
15,145,29200,88152
15,146,29400,88152
15,147,29600,88152
15,148,29800,88152
15,149,30000,88152
15,150,30200,88154
15,151,30400,88154
15,152,30600,88154
15,153,30800,88154
15,154,31000,88154
15,155,31200,88154
15,156,31400,88154
15,157,31600,88154
15,158,31800,88154
15,159,32000,88154
15,160,32200,88154
15,161,32400,88154
15,162,32600,88154
15,163,32800,88154
15,164,33000,88154
15,165,33200,88154
15,166,33400,88154
15,167,33600,88154
15,168,33800,88154
15,169,34000,88154
15,170,34200,88154
15,171,34400,88154
15,172,34600,88154
15,173,34800,88154
15,174,35000,88154
15,175,35200,88154
15,176,35400,88154
15,177,35600,88154
15,178,35800,88154
15,179,36000,88154
15,180,36200,88154
15,181,36400,88154
15,182,36600,88154
15,183,36800,88154
15,184,37000,88154
15,185,37200,88154
15,186,37400,88154
15,187,37600,88154
15,188,37800,88154
15,189,38000,88154
15,190,38200,88154
15,191,38400,88154
15,192,38600,88154
15,193,38800,88154
15,194,39000,88154
15,195,39200,88167
15,196,39400,88167
15,197,39600,88167
15,198,39800,88167
15,199,40000,88192
15,200,40200,88198
15,201,40400,88217
15,202,40600,88217
15,203,40800,88222
15,204,41000,88222
15,205,41200,88223
15,206,41400,88232
15,207,41600,88237
15,208,41800,88237
15,209,42000,88237
15,210,42200,88237
15,211,42400,88237
15,212,42600,88237
15,213,42800,88237
15,214,43000,88237
15,215,43200,88237
15,216,43400,88237
15,217,43600,88237
15,218,43800,88237
15,219,44000,88237
15,220,44200,88237
15,221,44400,88237
15,222,44600,88237
15,223,44800,88237
15,224,45000,88237
15,225,45200,88237
15,226,45400,88237
15,227,45600,88237
15,228,45800,88237
15,229,46000,88237
15,230,46200,88237
15,231,46400,88251
15,232,46600,88251
15,233,46800,88251
15,234,47000,88258
15,235,47200,88258
15,236,47400,88260
15,237,47600,88270
15,238,47800,88275
15,239,48000,88285
15,240,48200,88292
15,241,48400,88292
15,242,48600,88295
15,243,48800,88301
15,244,49000,88302
15,245,49200,88308
15,246,49400,88308
15,247,49600,88308
15,248,49800,88308
15,249,50000,88308
15,250,50200,88308
15,251,50400,88308
15,252,50600,88308
15,253,50800,88309
15,254,51000,88313
15,255,51200,88313
15,256,51400,88313
15,257,51600,88321
15,258,51800,88321
15,259,52000,88325
15,260,52200,88325
15,261,52400,88329
15,262,52600,88333
15,263,52800,88333
15,264,53000,88354
15,265,53200,88364
15,266,53400,88364
15,267,53600,88364
15,268,53800,88364
15,269,54000,88364
15,270,54200,88365
15,271,54400,88365
15,272,54600,88365
15,273,54800,88365
15,274,55000,88365
15,275,55200,88365
15,276,55400,88365
15,277,55600,88365
15,278,55800,88365
15,279,56000,88379
15,280,56200,88379
15,281,56400,88379
15,282,56600,88388
15,283,56800,88388
15,284,57000,88388
15,285,57200,88388
15,286,57400,88388
15,287,57600,88388
15,288,57800,88388
15,289,58000,88388
15,290,58200,88388
15,291,58400,88388
15,292,58600,88388
15,293,58800,88388
15,294,59000,88388
15,295,59200,88388
15,296,59400,88388
15,297,59600,88388
15,298,59800,88388
15,299,60000,88388
15,300,60200,88388
15,301,60400,88388
15,302,60600,88388
15,303,60800,88395
15,304,61000,88395
15,305,61200,88395
15,306,61400,88395
15,307,61600,88395
15,308,61800,88395
15,309,62000,88395
15,310,62200,88395
15,311,62400,88395
15,312,62600,88395
15,313,62800,88395
15,314,63000,88395
15,315,63200,88395
15,316,63400,88395
15,317,63600,88395
15,318,63800,88395
15,319,64000,88395
15,320,64200,88395
15,321,64400,88395
15,322,64600,88395
15,323,64800,88395
15,324,65000,88395
15,325,65200,88395
15,326,65400,88395
15,327,65600,88395
15,328,65800,88395
15,329,66000,88395
15,330,66200,88395
15,331,66400,88395
15,332,66600,88395
15,333,66800,88395
15,334,67000,88395
15,335,67200,88395
15,336,67400,88395
15,337,67600,88398
15,338,67800,88398
15,339,68000,88410
15,340,68200,88420
15,341,68400,88420
15,342,68600,88435
15,343,68800,88435
15,344,69000,88437
15,345,69200,88437
15,346,69400,88437
15,347,69600,88441
15,348,69800,88441
15,349,70000,88441
15,350,70200,88441
15,351,70400,88441
15,352,70600,88441
15,353,70800,88441
15,354,71000,88441
15,355,71200,88441
15,356,71400,88441
15,357,71600,88441
15,358,71800,88441
15,359,72000,88441
15,360,72200,88445
15,361,72400,88445
15,362,72600,88445
15,363,72800,88445
15,364,73000,88445
15,365,73200,88445
15,366,73400,88445
15,367,73600,88445
15,368,73800,88446
15,369,74000,88446
15,370,74200,88446
15,371,74400,88455
15,372,74600,88455
15,373,74800,88455
15,374,75000,88465
15,375,75200,88465
15,376,75400,88466
15,377,75600,88466
15,378,75800,88466
15,379,76000,88466
15,380,76200,88466
15,381,76400,88466
15,382,76600,88466
15,383,76800,88466
15,384,77000,88466
15,385,77200,88466
15,386,77400,88490
15,387,77600,88490
15,388,77800,88490
15,389,78000,88490
15,390,78200,88490
15,391,78400,88490
15,392,78600,88490
15,393,78800,88494
15,394,79000,88494
15,395,79200,88497
15,396,79400,88497
15,397,79600,88497
15,398,79800,88498
15,399,80000,88498
15,400,80200,88500
15,401,80400,88500
15,402,80600,88500
15,403,80800,88500
15,404,81000,88500
15,405,81200,88500
15,406,81400,88500
15,407,81600,88500
15,408,81800,88500
15,409,82000,88500
15,410,82200,88500
15,411,82400,88500
15,412,82600,88500
15,413,82800,88500
15,414,83000,88500
15,415,83200,88500
15,416,83400,88500
15,417,83600,88500
15,418,83800,88500
15,419,84000,88500
15,420,84200,88500
15,421,84400,88500
15,422,84600,88500
15,423,84800,88500
15,424,85000,88500
15,425,85200,88500
15,426,85400,88500
15,427,85600,88500
15,428,85800,88500
15,429,86000,88500
15,430,86200,88500
15,431,86400,88500
15,432,86600,88500
15,433,86800,88500
15,434,87000,88500
15,435,87200,88500
15,436,87400,88500
15,437,87600,88500
15,438,87800,88500
15,439,88000,88500
15,440,88200,88500
15,441,88400,88504
15,442,88600,88504
15,443,88800,88504
15,444,89000,88504
15,445,89200,88504
15,446,89400,88516
15,447,89600,88516
15,448,89800,88517
15,449,90000,88522
15,450,90200,88522
15,451,90400,88522
15,452,90600,88522
15,453,90800,88522
15,454,91000,88522
15,455,91200,88522
15,456,91400,88545
15,457,91600,88545
15,458,91800,88545
15,459,92000,88545
15,460,92200,88545
15,461,92400,88545
15,462,92600,88545
15,463,92800,88545
15,464,93000,88545
15,465,93200,88545
15,466,93400,88545
15,467,93600,88545
15,468,93800,88545
15,469,94000,88545
15,470,94200,88545
15,471,94400,88545
15,472,94600,88545
15,473,94800,88549
15,474,95000,88549
15,475,95200,88549
15,476,95400,88549
15,477,95600,88549
15,478,95800,88549
15,479,96000,88549
15,480,96200,88549
15,481,96400,88549
15,482,96600,88549
15,483,96800,88549
15,484,97000,88549
15,485,97200,88549
15,486,97400,88549
15,487,97600,88549
15,488,97800,88549
15,489,98000,88549
15,490,98200,88549
15,491,98400,88549
15,492,98600,88549
15,493,98800,88549
15,494,99000,88549
15,495,99200,88549
15,496,99400,88549
15,497,99600,88549
15,498,99800,88549
15,499,100000,88549
