run,generation,evaluations,best_fitness
1,0,2000,73119
1,1,4000,76634
1,2,6000,77798
1,3,8000,79789
1,4,10000,80654
1,5,12000,81792
1,6,14000,82343
1,7,16000,82669
1,8,18000,83071
1,9,20000,83661
1,10,22000,83945
1,11,24000,84532
1,12,26000,85045
1,13,28000,85327
1,14,30000,85407
1,15,32000,85593
1,16,34000,85765
1,17,36000,85985
1,18,38000,86146
1,19,40000,86288
1,20,42000,86388
1,21,44000,86687
1,22,46000,86691
1,23,48000,86729
1,24,50000,86816
1,25,52000,86927
1,26,54000,87148
1,27,56000,87172
1,28,58000,87276
1,29,60000,87315
1,30,62000,87325
1,31,64000,87375
1,32,66000,87501
1,33,68000,87585
1,34,70000,87603
1,35,72000,87616
1,36,74000,87631
1,37,76000,87639
1,38,78000,87655
1,39,80000,87672
1,40,82000,87684
1,41,84000,87726
1,42,86000,87750
1,43,88000,87767
1,44,90000,87788
1,45,92000,87824
1,46,94000,87851
1,47,96000,87861
1,48,98000,87903
1,49,100000,87926
1,50,102000,87934
1,51,104000,87943
1,52,106000,87965
1,53,108000,88039
1,54,110000,88050
1,55,112000,88105
1,56,114000,88119
1,57,116000,88119
1,58,118000,88150
1,59,120000,88160
1,60,122000,88192
1,61,124000,88211
1,62,126000,88222
1,63,128000,88257
1,64,130000,88262
1,65,132000,88289
1,66,134000,88289
1,67,136000,88308
1,68,138000,88314
1,69,140000,88343
1,70,142000,88349
1,71,144000,88370
1,72,146000,88372
1,73,148000,88373
1,74,150000,88389
1,75,152000,88389
1,76,154000,88403
1,77,156000,88403
1,78,158000,88410
1,79,160000,88413
1,80,162000,88421
1,81,164000,88428
1,82,166000,88437
1,83,168000,88450
1,84,170000,88460
1,85,172000,88484
1,86,174000,88499
1,87,176000,88502
1,88,178000,88509
1,89,180000,88530
1,90,182000,88530
1,91,184000,88553
1,92,186000,88574
1,93,188000,88574
1,94,190000,88587
1,95,192000,88606
1,96,194000,88612
1,97,196000,88625
1,98,198000,88628
1,99,200000,88629
1,100,202000,88638
1,101,204000,88648
1,102,206000,88656
1,103,208000,88656
1,104,210000,88660
1,105,212000,88664
1,106,214000,88665
1,107,216000,88669
1,108,218000,88671
1,109,220000,88674
1,110,222000,88676
1,111,224000,88677
1,112,226000,88681
1,113,228000,88682
1,114,230000,88685
1,115,232000,88687
1,116,234000,88687
1,117,236000,88687
1,118,238000,88688
1,119,240000,88688
1,120,242000,88688
1,121,244000,88715
1,122,246000,88715
1,123,248000,88715
1,124,250000,88721
1,125,252000,88721
1,126,254000,88721
1,127,256000,88722
1,128,258000,88725
1,129,260000,88725
1,130,262000,88729
1,131,264000,88730
1,132,266000,88730
1,133,268000,88730
1,134,270000,88730
1,135,272000,88730
1,136,274000,88730
1,137,276000,88730
1,138,278000,88738
1,139,280000,88738
1,140,282000,88738
1,141,284000,88738
1,142,286000,88738
1,143,288000,88738
1,144,290000,88738
1,145,292000,88742
1,146,294000,88742
1,147,296000,88742
1,148,298000,88742
1,149,300000,88742
1,150,302000,88742
1,151,304000,88753
1,152,306000,88753
1,153,308000,88753
1,154,310000,88753
1,155,312000,88753
1,156,314000,88753
1,157,316000,88753
1,158,318000,88753
1,159,320000,88753
1,160,322000,88753
1,161,324000,88753
1,162,326000,88753
1,163,328000,88753
1,164,330000,88753
1,165,332000,88753
1,166,334000,88753
1,167,336000,88753
1,168,338000,88753
1,169,340000,88762
1,170,342000,88762
1,171,344000,88768
1,172,346000,88768
1,173,348000,88768
1,174,350000,88769
1,175,352000,88769
1,176,354000,88772
1,177,356000,88773
1,178,358000,88773
1,179,360000,88773
1,180,362000,88773
1,181,364000,88773
1,182,366000,88773
1,183,368000,88773
1,184,370000,88773
1,185,372000,88773
1,186,374000,88777
1,187,376000,88777
1,188,378000,88777
1,189,380000,88777
1,190,382000,88777
1,191,384000,88777
1,192,386000,88777
1,193,388000,88777
1,194,390000,88777
1,195,392000,88777
1,196,394000,88777
1,197,396000,88777
1,198,398000,88777
1,199,400000,88777
1,200,402000,88777
1,201,404000,88777
1,202,406000,88777
1,203,408000,88777
1,204,410000,88777
1,205,412000,88777
1,206,414000,88777
1,207,416000,88777
1,208,418000,88777
1,209,420000,88777
1,210,422000,88777
1,211,424000,88777
1,212,426000,88781
1,213,428000,88781
1,214,430000,88781
1,215,432000,88781
1,216,434000,88781
1,217,436000,88781
1,218,438000,88781
1,219,440000,88781
1,220,442000,88781
1,221,444000,88781
1,222,446000,88785
1,223,448000,88785
1,224,450000,88785
1,225,452000,88785
1,226,454000,88785
1,227,456000,88785
1,228,458000,88789
1,229,460000,88789
1,230,462000,88789
1,231,464000,88789
1,232,466000,88789
1,233,468000,88789
1,234,470000,88789
1,235,472000,88789
1,236,474000,88789
1,237,476000,88789
1,238,478000,88789
1,239,480000,88789
1,240,482000,88789
1,241,484000,88789
1,242,486000,88789
1,243,488000,88789
1,244,490000,88789
1,245,492000,88789
1,246,494000,88789
1,247,496000,88789
1,248,498000,88789
1,249,500000,88789
1,250,502000,88791
1,251,504000,88791
1,252,506000,88791
1,253,508000,88791
1,254,510000,88791
1,255,512000,88795
1,256,514000,88795
1,257,516000,88795
1,258,518000,88795
1,259,520000,88795
1,260,522000,88795
1,261,524000,88795
1,262,526000,88795
1,263,528000,88795
1,264,530000,88795
1,265,532000,88795
1,266,534000,88795
1,267,536000,88795
1,268,538000,88795
1,269,540000,88795
1,270,542000,88795
1,271,544000,88795
1,272,546000,88795
1,273,548000,88795
1,274,550000,88795
1,275,552000,88795
1,276,554000,88795
1,277,556000,88795
1,278,558000,88795
1,279,560000,88795
1,280,562000,88795
1,281,564000,88795
1,282,566000,88795
1,283,568000,88795
1,284,570000,88795
1,285,572000,88795
1,286,574000,88795
1,287,576000,88795
1,288,578000,88795
1,289,580000,88795
1,290,582000,88795
1,291,584000,88795
1,292,586000,88795
1,293,588000,88795
1,294,590000,88795
1,295,592000,88795
1,296,594000,88795
1,297,596000,88795
1,298,598000,88795
1,299,600000,88795
1,300,602000,88795
1,301,604000,88795
1,302,606000,88795
1,303,608000,88795
1,304,610000,88795
1,305,612000,88795
1,306,614000,88795
1,307,616000,88795
1,308,618000,88795
1,309,620000,88795
1,310,622000,88795
1,311,624000,88795
1,312,626000,88795
1,313,628000,88795
1,314,630000,88795
1,315,632000,88795
1,316,634000,88795
1,317,636000,88795
1,318,638000,88795
1,319,640000,88795
1,320,642000,88795
1,321,644000,88795
1,322,646000,88795
1,323,648000,88795
1,324,650000,88795
1,325,652000,88795
1,326,654000,88795
1,327,656000,88795
1,328,658000,88795
1,329,660000,88795
1,330,662000,88795
1,331,664000,88795
1,332,666000,88795
1,333,668000,88795
1,334,670000,88795
1,335,672000,88795
1,336,674000,88795
1,337,676000,88795
1,338,678000,88795
1,339,680000,88795
1,340,682000,88795
1,341,684000,88795
1,342,686000,88795
1,343,688000,88795
1,344,690000,88795
1,345,692000,88795
1,346,694000,88795
1,347,696000,88795
1,348,698000,88795
1,349,700000,88795
1,350,702000,88795
1,351,704000,88795
1,352,706000,88795
1,353,708000,88795
1,354,710000,88795
1,355,712000,88795
1,356,714000,88795
1,357,716000,88795
1,358,718000,88795
1,359,720000,88795
1,360,722000,88795
1,361,724000,88795
1,362,726000,88795
1,363,728000,88795
1,364,730000,88795
1,365,732000,88795
1,366,734000,88795
1,367,736000,88795
1,368,738000,88795
1,369,740000,88795
1,370,742000,88795
1,371,744000,88795
1,372,746000,88795
1,373,748000,88795
1,374,750000,88795
1,375,752000,88795
1,376,754000,88795
1,377,756000,88795
1,378,758000,88795
1,379,760000,88795
1,380,762000,88795
1,381,764000,88795
1,382,766000,88795
1,383,768000,88795
1,384,770000,88795
1,385,772000,88795
1,386,774000,88795
1,387,776000,88795
1,388,778000,88795
1,389,780000,88795
1,390,782000,88795
1,391,784000,88795
1,392,786000,88795
1,393,788000,88795
1,394,790000,88795
1,395,792000,88795
1,396,794000,88795
1,397,796000,88795
1,398,798000,88795
1,399,800000,88795
1,400,802000,88795
1,401,804000,88795
1,402,806000,88795
1,403,808000,88795
1,404,810000,88795
1,405,812000,88795
1,406,814000,88795
1,407,816000,88795
1,408,818000,88795
1,409,820000,88795
1,410,822000,88795
1,411,824000,88795
1,412,826000,88795
1,413,828000,88795
1,414,830000,88795
1,415,832000,88795
1,416,834000,88795
1,417,836000,88795
1,418,838000,88795
1,419,840000,88795
1,420,842000,88795
1,421,844000,88795
1,422,846000,88795
1,423,848000,88795
1,424,850000,88795
1,425,852000,88795
1,426,854000,88795
1,427,856000,88795
1,428,858000,88795
1,429,860000,88795
1,430,862000,88795
1,431,864000,88795
1,432,866000,88795
1,433,868000,88795
1,434,870000,88795
1,435,872000,88795
1,436,874000,88795
1,437,876000,88795
1,438,878000,88795
1,439,880000,88795
1,440,882000,88795
1,441,884000,88795
1,442,886000,88795
1,443,888000,88795
1,444,890000,88795
1,445,892000,88795
1,446,894000,88795
1,447,896000,88795
1,448,898000,88795
1,449,900000,88795
1,450,902000,88795
1,451,904000,88795
1,452,906000,88795
1,453,908000,88795
1,454,910000,88795
1,455,912000,88795
1,456,914000,88795
1,457,916000,88795
1,458,918000,88795
1,459,920000,88795
1,460,922000,88795
1,461,924000,88795
1,462,926000,88795
1,463,928000,88795
1,464,930000,88795
1,465,932000,88795
1,466,934000,88795
1,467,936000,88795
1,468,938000,88795
1,469,940000,88795
1,470,942000,88795
1,471,944000,88795
1,472,946000,88795
1,473,948000,88795
1,474,950000,88795
1,475,952000,88795
1,476,954000,88795
1,477,956000,88795
1,478,958000,88795
1,479,960000,88795
1,480,962000,88795
1,481,964000,88795
1,482,966000,88795
1,483,968000,88795
1,484,970000,88795
1,485,972000,88795
1,486,974000,88795
1,487,976000,88795
1,488,978000,88795
1,489,980000,88795
1,490,982000,88795
1,491,984000,88795
1,492,986000,88795
1,493,988000,88795
1,494,990000,88795
1,495,992000,88795
1,496,994000,88795
1,497,996000,88795
1,498,998000,88795
1,499,1000000,88795
2,0,2000,73077
2,1,4000,76217
2,2,6000,77673
2,3,8000,79632
2,4,10000,80392
2,5,12000,81525
2,6,14000,82138
2,7,16000,82697
2,8,18000,83240
2,9,20000,83940
2,10,22000,84277
2,11,24000,84428
2,12,26000,84611
2,13,28000,85102
2,14,30000,85204
2,15,32000,85416
2,16,34000,85525
2,17,36000,85762
2,18,38000,85935
2,19,40000,85988
2,20,42000,86238
2,21,44000,86328
2,22,46000,86559
2,23,48000,86664
2,24,50000,86743
2,25,52000,86925
2,26,54000,86969
2,27,56000,87161
2,28,58000,87175
2,29,60000,87191
2,30,62000,87242
2,31,64000,87275
2,32,66000,87361
2,33,68000,87379
2,34,70000,87445
2,35,72000,87473
2,36,74000,87553
2,37,76000,87576
2,38,78000,87604
2,39,80000,87626
2,40,82000,87674
2,41,84000,87709
2,42,86000,87721
2,43,88000,87788
2,44,90000,87866
2,45,92000,87886
2,46,94000,87911
2,47,96000,87927
2,48,98000,87960
2,49,100000,87977
2,50,102000,88011
2,51,104000,88051
2,52,106000,88091
2,53,108000,88128
2,54,110000,88128
2,55,112000,88135
2,56,114000,88146
2,57,116000,88168
2,58,118000,88194
2,59,120000,88194
2,60,122000,88203
2,61,124000,88229
2,62,126000,88235
2,63,128000,88251
2,64,130000,88259
2,65,132000,88267
2,66,134000,88284
2,67,136000,88284
2,68,138000,88310
2,69,140000,88329
2,70,142000,88340
2,71,144000,88340
2,72,146000,88345
2,73,148000,88354
2,74,150000,88356
2,75,152000,88363
2,76,154000,88398
2,77,156000,88405
2,78,158000,88424
2,79,160000,88429
2,80,162000,88448
2,81,164000,88452
2,82,166000,88460
2,83,168000,88479
2,84,170000,88485
2,85,172000,88488
2,86,174000,88491
2,87,176000,88491
2,88,178000,88494
2,89,180000,88494
2,90,182000,88503
2,91,184000,88503
2,92,186000,88503
2,93,188000,88508
2,94,190000,88508
2,95,192000,88513
2,96,194000,88513
2,97,196000,88513
2,98,198000,88513
2,99,200000,88517
2,100,202000,88517
2,101,204000,88517
2,102,206000,88517
2,103,208000,88527
2,104,210000,88529
2,105,212000,88533
2,106,214000,88533
2,107,216000,88536
2,108,218000,88542
2,109,220000,88545
2,110,222000,88548
2,111,224000,88554
2,112,226000,88555
2,113,228000,88571
2,114,230000,88578
2,115,232000,88581
2,116,234000,88588
2,117,236000,88588
2,118,238000,88590
2,119,240000,88590
2,120,242000,88590
2,121,244000,88590
2,122,246000,88590
2,123,248000,88602
2,124,250000,88602
2,125,252000,88602
2,126,254000,88621
2,127,256000,88621
2,128,258000,88621
2,129,260000,88621
2,130,262000,88621
2,131,264000,88633
2,132,266000,88633
2,133,268000,88633
2,134,270000,88635
2,135,272000,88635
2,136,274000,88635
2,137,276000,88635
2,138,278000,88635
2,139,280000,88635
2,140,282000,88639
2,141,284000,88643
2,142,286000,88643
2,143,288000,88643
2,144,290000,88643
2,145,292000,88647
2,146,294000,88647
2,147,296000,88647
2,148,298000,88647
2,149,300000,88647
2,150,302000,88647
2,151,304000,88647
2,152,306000,88647
2,153,308000,88647
2,154,310000,88647
2,155,312000,88647
2,156,314000,88647
2,157,316000,88647
2,158,318000,88647
2,159,320000,88647
2,160,322000,88647
2,161,324000,88647
2,162,326000,88647
2,163,328000,88647
2,164,330000,88647
2,165,332000,88647
2,166,334000,88647
2,167,336000,88655
2,168,338000,88655
2,169,340000,88655
2,170,342000,88655
2,171,344000,88655
2,172,346000,88655
2,173,348000,88655
2,174,350000,88655
2,175,352000,88655
2,176,354000,88655
2,177,356000,88666
2,178,358000,88666
2,179,360000,88666
2,180,362000,88672
2,181,364000,88681
2,182,366000,88681
2,183,368000,88681
2,184,370000,88681
2,185,372000,88681
2,186,374000,88685
2,187,376000,88685
2,188,378000,88685
2,189,380000,88685
2,190,382000,88685
2,191,384000,88685
2,192,386000,88685
2,193,388000,88685
2,194,390000,88689
2,195,392000,88689
2,196,394000,88689
2,197,396000,88689
2,198,398000,88689
2,199,400000,88693
2,200,402000,88693
2,201,404000,88693
2,202,406000,88693
2,203,408000,88693
2,204,410000,88693
2,205,412000,88693
2,206,414000,88693
2,207,416000,88693
2,208,418000,88693
2,209,420000,88693
2,210,422000,88693
2,211,424000,88693
2,212,426000,88693
2,213,428000,88693
2,214,430000,88693
2,215,432000,88693
2,216,434000,88693
2,217,436000,88693
2,218,438000,88697
2,219,440000,88697
2,220,442000,88697
2,221,444000,88697
2,222,446000,88697
2,223,448000,88697
2,224,450000,88697
2,225,452000,88697
2,226,454000,88697
2,227,456000,88697
2,228,458000,88697
2,229,460000,88697
2,230,462000,88697
2,231,464000,88697
2,232,466000,88697
2,233,468000,88697
2,234,470000,88697
2,235,472000,88697
2,236,474000,88697
2,237,476000,88697
2,238,478000,88697
2,239,480000,88697
2,240,482000,88697
2,241,484000,88697
2,242,486000,88697
2,243,488000,88697
2,244,490000,88697
2,245,492000,88697
2,246,494000,88697
2,247,496000,88697
2,248,498000,88697
2,249,500000,88697
2,250,502000,88697
2,251,504000,88697
2,252,506000,88697
2,253,508000,88697
2,254,510000,88697
2,255,512000,88697
2,256,514000,88697
2,257,516000,88697
2,258,518000,88697
2,259,520000,88697
2,260,522000,88697
2,261,524000,88697
2,262,526000,88697
2,263,528000,88697
2,264,530000,88697
2,265,532000,88697
2,266,534000,88697
2,267,536000,88697
2,268,538000,88697
2,269,540000,88697
2,270,542000,88697
2,271,544000,88701
2,272,546000,88701
2,273,548000,88701
2,274,550000,88701
2,275,552000,88701
2,276,554000,88701
2,277,556000,88701
2,278,558000,88701
2,279,560000,88701
2,280,562000,88701
2,281,564000,88701
2,282,566000,88701
2,283,568000,88701
2,284,570000,88701
2,285,572000,88701
2,286,574000,88701
2,287,576000,88701
2,288,578000,88701
2,289,580000,88701
2,290,582000,88701
2,291,584000,88701
2,292,586000,88701
2,293,588000,88701
2,294,590000,88701
2,295,592000,88701
2,296,594000,88701
2,297,596000,88701
2,298,598000,88701
2,299,600000,88701
2,300,602000,88701
2,301,604000,88701
2,302,606000,88701
2,303,608000,88701
2,304,610000,88701
2,305,612000,88701
2,306,614000,88701
2,307,616000,88701
2,308,618000,88701
2,309,620000,88701
2,310,622000,88712
2,311,624000,88712
2,312,626000,88712
2,313,628000,88712
2,314,630000,88712
2,315,632000,88712
2,316,634000,88712
2,317,636000,88721
2,318,638000,88721
2,319,640000,88721
2,320,642000,88721
2,321,644000,88721
2,322,646000,88721
2,323,648000,88721
2,324,650000,88721
2,325,652000,88721
2,326,654000,88721
2,327,656000,88721
2,328,658000,88721
2,329,660000,88721
2,330,662000,88721
2,331,664000,88721
2,332,666000,88721
2,333,668000,88721
2,334,670000,88721
2,335,672000,88721
2,336,674000,88721
2,337,676000,88721
2,338,678000,88721
2,339,680000,88721
2,340,682000,88721
2,341,684000,88721
2,342,686000,88721
2,343,688000,88721
2,344,690000,88721
2,345,692000,88721
2,346,694000,88721
2,347,696000,88721
2,348,698000,88721
2,349,700000,88721
2,350,702000,88721
2,351,704000,88721
2,352,706000,88721
2,353,708000,88721
2,354,710000,88721
2,355,712000,88721
2,356,714000,88721
2,357,716000,88721
2,358,718000,88721
2,359,720000,88721
2,360,722000,88721
2,361,724000,88721
2,362,726000,88721
2,363,728000,88721
2,364,730000,88721
2,365,732000,88721
2,366,734000,88721
2,367,736000,88721
2,368,738000,88721
2,369,740000,88721
2,370,742000,88721
2,371,744000,88721
2,372,746000,88721
2,373,748000,88721
2,374,750000,88721
2,375,752000,88721
2,376,754000,88721
2,377,756000,88721
2,378,758000,88721
2,379,760000,88721
2,380,762000,88721
2,381,764000,88725
2,382,766000,88725
2,383,768000,88725
2,384,770000,88725
2,385,772000,88725
2,386,774000,88725
2,387,776000,88725
2,388,778000,88725
2,389,780000,88725
2,390,782000,88725
2,391,784000,88725
2,392,786000,88725
2,393,788000,88725
2,394,790000,88725
2,395,792000,88725
2,396,794000,88725
2,397,796000,88725
2,398,798000,88725
2,399,800000,88725
2,400,802000,88725
2,401,804000,88725
2,402,806000,88725
2,403,808000,88725
2,404,810000,88725
2,405,812000,88725
2,406,814000,88725
2,407,816000,88725
2,408,818000,88725
2,409,820000,88725
2,410,822000,88725
2,411,824000,88725
2,412,826000,88725
2,413,828000,88725
2,414,830000,88725
2,415,832000,88725
2,416,834000,88725
2,417,836000,88725
2,418,838000,88725
2,419,840000,88725
2,420,842000,88725
2,421,844000,88725
2,422,846000,88725
2,423,848000,88725
2,424,850000,88725
2,425,852000,88725
2,426,854000,88725
2,427,856000,88725
2,428,858000,88725
2,429,860000,88725
2,430,862000,88725
2,431,864000,88725
2,432,866000,88725
2,433,868000,88725
2,434,870000,88725
2,435,872000,88725
2,436,874000,88725
2,437,876000,88725
2,438,878000,88725
2,439,880000,88725
2,440,882000,88725
2,441,884000,88725
2,442,886000,88725
2,443,888000,88725
2,444,890000,88725
2,445,892000,88725
2,446,894000,88725
2,447,896000,88725
2,448,898000,88725
2,449,900000,88725
2,450,902000,88725
2,451,904000,88725
2,452,906000,88725
2,453,908000,88725
2,454,910000,88725
2,455,912000,88725
2,456,914000,88725
2,457,916000,88725
2,458,918000,88725
2,459,920000,88725
2,460,922000,88725
2,461,924000,88725
2,462,926000,88725
2,463,928000,88725
2,464,930000,88725
2,465,932000,88725
2,466,934000,88725
2,467,936000,88725
2,468,938000,88725
2,469,940000,88725
2,470,942000,88725
2,471,944000,88725
2,472,946000,88725
2,473,948000,88725
2,474,950000,88725
2,475,952000,88725
2,476,954000,88725
2,477,956000,88725
2,478,958000,88725
2,479,960000,88725
2,480,962000,88725
2,481,964000,88725
2,482,966000,88725
2,483,968000,88725
2,484,970000,88725
2,485,972000,88725
2,486,974000,88725
2,487,976000,88725
2,488,978000,88725
2,489,980000,88725
2,490,982000,88725
2,491,984000,88725
2,492,986000,88725
2,493,988000,88725
2,494,990000,88725
2,495,992000,88725
2,496,994000,88725
2,497,996000,88725
2,498,998000,88725
2,499,1000000,88725
3,0,2000,73363
3,1,4000,76040
3,2,6000,78470
3,3,8000,79578
3,4,10000,80749
3,5,12000,81824
3,6,14000,82406
3,7,16000,82957
3,8,18000,83456
3,9,20000,83991
3,10,22000,84552
3,11,24000,85091
3,12,26000,85210
3,13,28000,85357
3,14,30000,85445
3,15,32000,85582
3,16,34000,85699
3,17,36000,85854
3,18,38000,86042
3,19,40000,86153
3,20,42000,86345
3,21,44000,86532
3,22,46000,86705
3,23,48000,86780
3,24,50000,86962
3,25,52000,87056
3,26,54000,87185
3,27,56000,87209
3,28,58000,87310
3,29,60000,87335
3,30,62000,87403
3,31,64000,87465
3,32,66000,87549
3,33,68000,87569
3,34,70000,87652
3,35,72000,87694
3,36,74000,87727
3,37,76000,87741
3,38,78000,87773
3,39,80000,87806
3,40,82000,87828
3,41,84000,87841
3,42,86000,87886
3,43,88000,87898
3,44,90000,87951
3,45,92000,88008
3,46,94000,88015
3,47,96000,88057
3,48,98000,88075
3,49,100000,88080
3,50,102000,88094
3,51,104000,88109
3,52,106000,88132
3,53,108000,88132
3,54,110000,88157
3,55,112000,88192
3,56,114000,88205
3,57,116000,88218
3,58,118000,88236
3,59,120000,88263
3,60,122000,88280
3,61,124000,88321
3,62,126000,88322
3,63,128000,88339
3,64,130000,88354
3,65,132000,88354
3,66,134000,88367
3,67,136000,88367
3,68,138000,88377
3,69,140000,88391
3,70,142000,88404
3,71,144000,88411
3,72,146000,88411
3,73,148000,88412
3,74,150000,88417
3,75,152000,88423
3,76,154000,88424
3,77,156000,88429
3,78,158000,88429
3,79,160000,88437
3,80,162000,88445
3,81,164000,88447
3,82,166000,88453
3,83,168000,88459
3,84,170000,88468
3,85,172000,88468
3,86,174000,88473
3,87,176000,88485
3,88,178000,88497
3,89,180000,88567
3,90,182000,88581
3,91,184000,88587
3,92,186000,88593
3,93,188000,88610
3,94,190000,88623
3,95,192000,88633
3,96,194000,88634
3,97,196000,88652
3,98,198000,88656
3,99,200000,88664
3,100,202000,88664
3,101,204000,88674
3,102,206000,88676
3,103,208000,88690
3,104,210000,88696
3,105,212000,88696
3,106,214000,88701
3,107,216000,88706
3,108,218000,88720
3,109,220000,88724
3,110,222000,88728
3,111,224000,88732
3,112,226000,88734
3,113,228000,88739
3,114,230000,88739
3,115,232000,88743
3,116,234000,88749
3,117,236000,88765
3,118,238000,88765
3,119,240000,88769
3,120,242000,88769
3,121,244000,88771
3,122,246000,88771
3,123,248000,88777
3,124,250000,88777
3,125,252000,88780
3,126,254000,88780
3,127,256000,88788
3,128,258000,88788
3,129,260000,88789
3,130,262000,88789
3,131,264000,88789
3,132,266000,88793
3,133,268000,88793
3,134,270000,88797
3,135,272000,88797
3,136,274000,88797
3,137,276000,88797
3,138,278000,88797
3,139,280000,88797
3,140,282000,88797
3,141,284000,88797
3,142,286000,88797
3,143,288000,88797
3,144,290000,88797
3,145,292000,88803
3,146,294000,88827
3,147,296000,88827
3,148,298000,88838
3,149,300000,88838
3,150,302000,88843
3,151,304000,88846
3,152,306000,88854
3,153,308000,88858
3,154,310000,88858
3,155,312000,88861
3,156,314000,88864
3,157,316000,88864
3,158,318000,88864
3,159,320000,88876
3,160,322000,88876
3,161,324000,88876
3,162,326000,88881
3,163,328000,88881
3,164,330000,88881
3,165,332000,88885
3,166,334000,88885
3,167,336000,88885
3,168,338000,88887
3,169,340000,88890
3,170,342000,88890
3,171,344000,88890
3,172,346000,88890
3,173,348000,88894
3,174,350000,88894
3,175,352000,88894
3,176,354000,88907
3,177,356000,88907
3,178,358000,88921
3,179,360000,88945
3,180,362000,88945
3,181,364000,88945
3,182,366000,88951
3,183,368000,88951
3,184,370000,88958
3,185,372000,88960
3,186,374000,88967
3,187,376000,88967
3,188,378000,88967
3,189,380000,88971
3,190,382000,88971
3,191,384000,88971
3,192,386000,88971
3,193,388000,88971
3,194,390000,88975
3,195,392000,88975
3,196,394000,88976
3,197,396000,88976
3,198,398000,88976
3,199,400000,88980
3,200,402000,88980
3,201,404000,88980
3,202,406000,88980
3,203,408000,88980
3,204,410000,88984
3,205,412000,88984
3,206,414000,88984
3,207,416000,88984
3,208,418000,88995
3,209,420000,88995
3,210,422000,88995
3,211,424000,88995
3,212,426000,88995
3,213,428000,88995
3,214,430000,88995
3,215,432000,88995
3,216,434000,88995
3,217,436000,88995
3,218,438000,88995
3,219,440000,88995
3,220,442000,88995
3,221,444000,88995
3,222,446000,88995
3,223,448000,88995
3,224,450000,88995
3,225,452000,88995
3,226,454000,88995
3,227,456000,88995
3,228,458000,88995
3,229,460000,88995
3,230,462000,88995
3,231,464000,88995
3,232,466000,88995
3,233,468000,88995
3,234,470000,88995
3,235,472000,88995
3,236,474000,88995
3,237,476000,88995
3,238,478000,88995
3,239,480000,88995
3,240,482000,88995
3,241,484000,88995
3,242,486000,88995
3,243,488000,88995
3,244,490000,88995
3,245,492000,88995
3,246,494000,88995
3,247,496000,88995
3,248,498000,88995
3,249,500000,88995
3,250,502000,88995
3,251,504000,88995
3,252,506000,88995
3,253,508000,88995
3,254,510000,88995
3,255,512000,88995
3,256,514000,88995
3,257,516000,88995
3,258,518000,88995
3,259,520000,88995
3,260,522000,88995
3,261,524000,88995
3,262,526000,88995
3,263,528000,88995
3,264,530000,88995
3,265,532000,88995
3,266,534000,88995
3,267,536000,88995
3,268,538000,88995
3,269,540000,88995
3,270,542000,88995
3,271,544000,88995
3,272,546000,88995
3,273,548000,88995
3,274,550000,88995
3,275,552000,88995
3,276,554000,88995
3,277,556000,88995
3,278,558000,88995
3,279,560000,88995
3,280,562000,88995
3,281,564000,88995
3,282,566000,88995
3,283,568000,88995
3,284,570000,88995
3,285,572000,88995
3,286,574000,89004
3,287,576000,89004
3,288,578000,89004
3,289,580000,89004
3,290,582000,89004
3,291,584000,89004
3,292,586000,89004
3,293,588000,89004
3,294,590000,89004
3,295,592000,89004
3,296,594000,89004
3,297,596000,89004
3,298,598000,89004
3,299,600000,89004
3,300,602000,89004
3,301,604000,89004
3,302,606000,89004
3,303,608000,89004
3,304,610000,89004
3,305,612000,89004
3,306,614000,89004
3,307,616000,89004
3,308,618000,89004
3,309,620000,89004
3,310,622000,89004
3,311,624000,89004
3,312,626000,89004
3,313,628000,89004
3,314,630000,89004
3,315,632000,89004
3,316,634000,89004
3,317,636000,89004
3,318,638000,89004
3,319,640000,89004
3,320,642000,89004
3,321,644000,89004
3,322,646000,89004
3,323,648000,89004
3,324,650000,89004
3,325,652000,89004
3,326,654000,89004
3,327,656000,89008
3,328,658000,89008
3,329,660000,89008
3,330,662000,89008
3,331,664000,89008
3,332,666000,89008
3,333,668000,89008
3,334,670000,89008
3,335,672000,89008
3,336,674000,89008
3,337,676000,89008
3,338,678000,89008
3,339,680000,89008
3,340,682000,89008
3,341,684000,89008
3,342,686000,89008
3,343,688000,89008
3,344,690000,89008
3,345,692000,89008
3,346,694000,89008
3,347,696000,89008
3,348,698000,89008
3,349,700000,89008
3,350,702000,89008
3,351,704000,89008
3,352,706000,89008
3,353,708000,89008
3,354,710000,89008
3,355,712000,89008
3,356,714000,89008
3,357,716000,89008
3,358,718000,89008
3,359,720000,89008
3,360,722000,89008
3,361,724000,89009
3,362,726000,89009
3,363,728000,89009
3,364,730000,89009
3,365,732000,89009
3,366,734000,89010
3,367,736000,89010
3,368,738000,89010
3,369,740000,89010
3,370,742000,89010
3,371,744000,89010
3,372,746000,89010
3,373,748000,89010
3,374,750000,89010
3,375,752000,89010
3,376,754000,89010
3,377,756000,89010
3,378,758000,89010
3,379,760000,89010
3,380,762000,89010
3,381,764000,89010
3,382,766000,89010
3,383,768000,89010
3,384,770000,89010
3,385,772000,89010
3,386,774000,89010
3,387,776000,89010
3,388,778000,89010
3,389,780000,89010
3,390,782000,89010
3,391,784000,89010
3,392,786000,89010
3,393,788000,89010
3,394,790000,89010
3,395,792000,89010
3,396,794000,89010
3,397,796000,89010
3,398,798000,89010
3,399,800000,89010
3,400,802000,89010
3,401,804000,89010
3,402,806000,89010
3,403,808000,89010
3,404,810000,89010
3,405,812000,89010
3,406,814000,89010
3,407,816000,89010
3,408,818000,89010
3,409,820000,89010
3,410,822000,89010
3,411,824000,89010
3,412,826000,89010
3,413,828000,89010
3,414,830000,89010
3,415,832000,89010
3,416,834000,89010
3,417,836000,89010
3,418,838000,89010
3,419,840000,89010
3,420,842000,89010
3,421,844000,89010
3,422,846000,89010
3,423,848000,89010
3,424,850000,89010
3,425,852000,89010
3,426,854000,89010
3,427,856000,89010
3,428,858000,89010
3,429,860000,89010
3,430,862000,89010
3,431,864000,89010
3,432,866000,89010
3,433,868000,89010
3,434,870000,89010
3,435,872000,89010
3,436,874000,89010
3,437,876000,89010
3,438,878000,89010
3,439,880000,89010
3,440,882000,89010
3,441,884000,89010
3,442,886000,89010
3,443,888000,89010
3,444,890000,89010
3,445,892000,89010
3,446,894000,89010
3,447,896000,89010
3,448,898000,89010
3,449,900000,89010
3,450,902000,89010
3,451,904000,89010
3,452,906000,89010
3,453,908000,89010
3,454,910000,89010
3,455,912000,89010
3,456,914000,89010
3,457,916000,89010
3,458,918000,89010
3,459,920000,89010
3,460,922000,89010
3,461,924000,89010
3,462,926000,89010
3,463,928000,89010
3,464,930000,89010
3,465,932000,89010
3,466,934000,89010
3,467,936000,89010
3,468,938000,89010
3,469,940000,89010
3,470,942000,89010
3,471,944000,89010
3,472,946000,89010
3,473,948000,89010
3,474,950000,89010
3,475,952000,89010
3,476,954000,89010
3,477,956000,89010
3,478,958000,89010
3,479,960000,89010
3,480,962000,89010
3,481,964000,89010
3,482,966000,89010
3,483,968000,89010
3,484,970000,89010
3,485,972000,89010
3,486,974000,89010
3,487,976000,89010
3,488,978000,89010
3,489,980000,89010
3,490,982000,89010
3,491,984000,89010
3,492,986000,89010
3,493,988000,89010
3,494,990000,89010
3,495,992000,89010
3,496,994000,89010
3,497,996000,89010
3,498,998000,89010
3,499,1000000,89010
4,0,2000,73160
4,1,4000,75868
4,2,6000,77727
4,3,8000,78931
4,4,10000,80284
4,5,12000,81705
4,6,14000,82517
4,7,16000,83330
4,8,18000,83728
4,9,20000,84007
4,10,22000,84831
4,11,24000,85100
4,12,26000,85120
4,13,28000,85277
4,14,30000,85348
4,15,32000,85469
4,16,34000,85704
4,17,36000,85917
4,18,38000,86145
4,19,40000,86348
4,20,42000,86480
4,21,44000,86690
4,22,46000,86701
4,23,48000,86895
4,24,50000,87011
4,25,52000,87021
4,26,54000,87233
4,27,56000,87363
4,28,58000,87399
4,29,60000,87462
4,30,62000,87567
4,31,64000,87657
4,32,66000,87686
4,33,68000,87733
4,34,70000,87758
4,35,72000,87798
4,36,74000,87803
4,37,76000,87825
4,38,78000,87895
4,39,80000,87911
4,40,82000,87932
4,41,84000,87974
4,42,86000,87985
4,43,88000,87985
4,44,90000,88007
4,45,92000,88067
4,46,94000,88082
4,47,96000,88096
4,48,98000,88103
4,49,100000,88144
4,50,102000,88152
4,51,104000,88179
4,52,106000,88203
4,53,108000,88212
4,54,110000,88228
4,55,112000,88247
4,56,114000,88260
4,57,116000,88271
4,58,118000,88279
4,59,120000,88291
4,60,122000,88292
4,61,124000,88304
4,62,126000,88307
4,63,128000,88320
4,64,130000,88333
4,65,132000,88335
4,66,134000,88344
4,67,136000,88364
4,68,138000,88364
4,69,140000,88376
4,70,142000,88380
4,71,144000,88381
4,72,146000,88406
4,73,148000,88406
4,74,150000,88409
4,75,152000,88428
4,76,154000,88428
4,77,156000,88438
4,78,158000,88448
4,79,160000,88448
4,80,162000,88456
4,81,164000,88463
4,82,166000,88469
4,83,168000,88477
4,84,170000,88484
4,85,172000,88496
4,86,174000,88513
4,87,176000,88513
4,88,178000,88523
4,89,180000,88535
4,90,182000,88540
4,91,184000,88550
4,92,186000,88553
4,93,188000,88557
4,94,190000,88562
4,95,192000,88569
4,96,194000,88575
4,97,196000,88582
4,98,198000,88585
4,99,200000,88585
4,100,202000,88592
4,101,204000,88598
4,102,206000,88601
4,103,208000,88602
4,104,210000,88607
4,105,212000,88607
4,106,214000,88612
4,107,216000,88617
4,108,218000,88621
4,109,220000,88621
4,110,222000,88623
4,111,224000,88623
4,112,226000,88627
4,113,228000,88627
4,114,230000,88627
4,115,232000,88628
4,116,234000,88628
4,117,236000,88628
4,118,238000,88647
4,119,240000,88660
4,120,242000,88660
4,121,244000,88660
4,122,246000,88660
4,123,248000,88660
4,124,250000,88660
4,125,252000,88660
4,126,254000,88660
4,127,256000,88660
4,128,258000,88660
4,129,260000,88660
4,130,262000,88668
4,131,264000,88668
4,132,266000,88668
4,133,268000,88668
4,134,270000,88668
4,135,272000,88668
4,136,274000,88668
4,137,276000,88668
4,138,278000,88668
4,139,280000,88668
4,140,282000,88668
4,141,284000,88669
4,142,286000,88669
4,143,288000,88669
4,144,290000,88669
4,145,292000,88669
4,146,294000,88669
4,147,296000,88669
4,148,298000,88669
4,149,300000,88669
4,150,302000,88673
4,151,304000,88673
4,152,306000,88673
4,153,308000,88673
4,154,310000,88673
4,155,312000,88673
4,156,314000,88673
4,157,316000,88673
4,158,318000,88673
4,159,320000,88675
4,160,322000,88675
4,161,324000,88675
4,162,326000,88675
4,163,328000,88675
4,164,330000,88676
4,165,332000,88676
4,166,334000,88683
4,167,336000,88683
4,168,338000,88684
4,169,340000,88684
4,170,342000,88684
4,171,344000,88684
4,172,346000,88695
4,173,348000,88695
4,174,350000,88695
4,175,352000,88695
4,176,354000,88695
4,177,356000,88695
4,178,358000,88704
4,179,360000,88704
4,180,362000,88704
4,181,364000,88704
4,182,366000,88704
4,183,368000,88704
4,184,370000,88704
4,185,372000,88704
4,186,374000,88708
4,187,376000,88708
4,188,378000,88708
4,189,380000,88708
4,190,382000,88708
4,191,384000,88719
4,192,386000,88726
4,193,388000,88726
4,194,390000,88726
4,195,392000,88730
4,196,394000,88730
4,197,396000,88730
4,198,398000,88730
4,199,400000,88730
4,200,402000,88730
4,201,404000,88730
4,202,406000,88730
4,203,408000,88730
4,204,410000,88730
4,205,412000,88730
4,206,414000,88730
4,207,416000,88734
4,208,418000,88734
4,209,420000,88734
4,210,422000,88734
4,211,424000,88734
4,212,426000,88734
4,213,428000,88734
4,214,430000,88734
4,215,432000,88734
4,216,434000,88734
4,217,436000,88734
4,218,438000,88734
4,219,440000,88734
4,220,442000,88738
4,221,444000,88738
4,222,446000,88738
4,223,448000,88738
4,224,450000,88738
4,225,452000,88738
4,226,454000,88738
4,227,456000,88738
4,228,458000,88738
4,229,460000,88738
4,230,462000,88738
4,231,464000,88738
4,232,466000,88738
4,233,468000,88738
4,234,470000,88738
4,235,472000,88738
4,236,474000,88738
4,237,476000,88738
4,238,478000,88738
4,239,480000,88738
4,240,482000,88738
4,241,484000,88742
4,242,486000,88742
4,243,488000,88742
4,244,490000,88742
4,245,492000,88742
4,246,494000,88742
4,247,496000,88742
4,248,498000,88742
4,249,500000,88742
4,250,502000,88742
4,251,504000,88742
4,252,506000,88742
4,253,508000,88742
4,254,510000,88742
4,255,512000,88742
4,256,514000,88742
4,257,516000,88742
4,258,518000,88742
4,259,520000,88742
4,260,522000,88742
4,261,524000,88742
4,262,526000,88742
4,263,528000,88742
4,264,530000,88742
4,265,532000,88742
4,266,534000,88742
4,267,536000,88742
4,268,538000,88742
4,269,540000,88742
4,270,542000,88742
4,271,544000,88742
4,272,546000,88742
4,273,548000,88742
4,274,550000,88742
4,275,552000,88742
4,276,554000,88742
4,277,556000,88742
4,278,558000,88742
4,279,560000,88742
4,280,562000,88742
4,281,564000,88742
4,282,566000,88742
4,283,568000,88742
4,284,570000,88753
4,285,572000,88753
4,286,574000,88753
4,287,576000,88753
4,288,578000,88762
4,289,580000,88762
4,290,582000,88762
4,291,584000,88762
4,292,586000,88772
4,293,588000,88772
4,294,590000,88772
4,295,592000,88774
4,296,594000,88774
4,297,596000,88774
4,298,598000,88774
4,299,600000,88774
4,300,602000,88774
4,301,604000,88778
4,302,606000,88778
4,303,608000,88778
4,304,610000,88778
4,305,612000,88778
4,306,614000,88778
4,307,616000,88778
4,308,618000,88778
4,309,620000,88784
4,310,622000,88784
4,311,624000,88784
4,312,626000,88784
4,313,628000,88784
4,314,630000,88784
4,315,632000,88784
4,316,634000,88784
4,317,636000,88784
4,318,638000,88784
4,319,640000,88784
4,320,642000,88784
4,321,644000,88784
4,322,646000,88784
4,323,648000,88784
4,324,650000,88784
4,325,652000,88784
4,326,654000,88784
4,327,656000,88784
4,328,658000,88784
4,329,660000,88784
4,330,662000,88784
4,331,664000,88784
4,332,666000,88784
4,333,668000,88784
4,334,670000,88784
4,335,672000,88784
4,336,674000,88784
4,337,676000,88784
4,338,678000,88784
4,339,680000,88784
4,340,682000,88784
4,341,684000,88784
4,342,686000,88784
4,343,688000,88784
4,344,690000,88784
4,345,692000,88784
4,346,694000,88784
4,347,696000,88784
4,348,698000,88784
4,349,700000,88784
4,350,702000,88784
4,351,704000,88784
4,352,706000,88784
4,353,708000,88784
4,354,710000,88784
4,355,712000,88784
4,356,714000,88784
4,357,716000,88784
4,358,718000,88784
4,359,720000,88784
4,360,722000,88784
4,361,724000,88784
4,362,726000,88784
4,363,728000,88784
4,364,730000,88784
4,365,732000,88784
4,366,734000,88784
4,367,736000,88784
4,368,738000,88784
4,369,740000,88784
4,370,742000,88784
4,371,744000,88784
4,372,746000,88784
4,373,748000,88784
4,374,750000,88784
4,375,752000,88784
4,376,754000,88784
4,377,756000,88784
4,378,758000,88784
4,379,760000,88784
4,380,762000,88784
4,381,764000,88784
4,382,766000,88784
4,383,768000,88784
4,384,770000,88784
4,385,772000,88784
4,386,774000,88784
4,387,776000,88784
4,388,778000,88784
4,389,780000,88784
4,390,782000,88784
4,391,784000,88784
4,392,786000,88784
4,393,788000,88784
4,394,790000,88784
4,395,792000,88784
4,396,794000,88784
4,397,796000,88784
4,398,798000,88784
4,399,800000,88784
4,400,802000,88784
4,401,804000,88784
4,402,806000,88784
4,403,808000,88784
4,404,810000,88784
4,405,812000,88784
4,406,814000,88784
4,407,816000,88784
4,408,818000,88784
4,409,820000,88784
4,410,822000,88784
4,411,824000,88784
4,412,826000,88784
4,413,828000,88784
4,414,830000,88784
4,415,832000,88784
4,416,834000,88784
4,417,836000,88784
4,418,838000,88784
4,419,840000,88784
4,420,842000,88784
4,421,844000,88784
4,422,846000,88784
4,423,848000,88784
4,424,850000,88784
4,425,852000,88784
4,426,854000,88784
4,427,856000,88784
4,428,858000,88784
4,429,860000,88784
4,430,862000,88784
4,431,864000,88784
4,432,866000,88784
4,433,868000,88784
4,434,870000,88784
4,435,872000,88784
4,436,874000,88784
4,437,876000,88784
4,438,878000,88784
4,439,880000,88784
4,440,882000,88784
4,441,884000,88784
4,442,886000,88784
4,443,888000,88784
4,444,890000,88784
4,445,892000,88784
4,446,894000,88784
4,447,896000,88784
4,448,898000,88784
4,449,900000,88784
4,450,902000,88784
4,451,904000,88784
4,452,906000,88784
4,453,908000,88784
4,454,910000,88784
4,455,912000,88784
4,456,914000,88784
4,457,916000,88784
4,458,918000,88784
4,459,920000,88784
4,460,922000,88784
4,461,924000,88784
4,462,926000,88784
4,463,928000,88784
4,464,930000,88784
4,465,932000,88784
4,466,934000,88784
4,467,936000,88784
4,468,938000,88784
4,469,940000,88784
4,470,942000,88784
4,471,944000,88784
4,472,946000,88784
4,473,948000,88784
4,474,950000,88784
4,475,952000,88784
4,476,954000,88784
4,477,956000,88784
4,478,958000,88784
4,479,960000,88784
4,480,962000,88784
4,481,964000,88784
4,482,966000,88784
4,483,968000,88784
4,484,970000,88784
4,485,972000,88784
4,486,974000,88784
4,487,976000,88784
4,488,978000,88784
4,489,980000,88784
4,490,982000,88784
4,491,984000,88784
4,492,986000,88784
4,493,988000,88784
4,494,990000,88784
4,495,992000,88784
4,496,994000,88784
4,497,996000,88784
4,498,998000,88784
4,499,1000000,88784
5,0,2000,73719
5,1,4000,76997
5,2,6000,78553
5,3,8000,79526
5,4,10000,80790
5,5,12000,81959
5,6,14000,82762
5,7,16000,83255
5,8,18000,84366
5,9,20000,84537
5,10,22000,84611
5,11,24000,84818
5,12,26000,85181
5,13,28000,85291
5,14,30000,85450
5,15,32000,85584
5,16,34000,85861
5,17,36000,85861
5,18,38000,85959
5,19,40000,86035
5,20,42000,86126
5,21,44000,86229
5,22,46000,86350
5,23,48000,86406
5,24,50000,86793
5,25,52000,86869
5,26,54000,86871
5,27,56000,87004
5,28,58000,87096
5,29,60000,87096
5,30,62000,87183
5,31,64000,87266
5,32,66000,87270
5,33,68000,87367
5,34,70000,87450
5,35,72000,87452
5,36,74000,87486
5,37,76000,87496
5,38,78000,87539
5,39,80000,87685
5,40,82000,87697
5,41,84000,87747
5,42,86000,87766
5,43,88000,87803
5,44,90000,87838
5,45,92000,87960
5,46,94000,87970
5,47,96000,88000
5,48,98000,88065
5,49,100000,88065
5,50,102000,88081
5,51,104000,88127
5,52,106000,88127
5,53,108000,88179
5,54,110000,88205
5,55,112000,88210
5,56,114000,88228
5,57,116000,88228
5,58,118000,88241
5,59,120000,88257
5,60,122000,88280
5,61,124000,88299
5,62,126000,88321
5,63,128000,88331
5,64,130000,88337
5,65,132000,88352
5,66,134000,88353
5,67,136000,88368
5,68,138000,88375
5,69,140000,88378
5,70,142000,88395
5,71,144000,88400
5,72,146000,88400
5,73,148000,88407
5,74,150000,88411
5,75,152000,88414
5,76,154000,88416
5,77,156000,88416
5,78,158000,88419
5,79,160000,88446
5,80,162000,88447
5,81,164000,88449
5,82,166000,88449
5,83,168000,88451
5,84,170000,88454
5,85,172000,88458
5,86,174000,88458
5,87,176000,88465
5,88,178000,88469
5,89,180000,88469
5,90,182000,88470
5,91,184000,88473
5,92,186000,88476
5,93,188000,88476
5,94,190000,88483
5,95,192000,88486
5,96,194000,88494
5,97,196000,88495
5,98,198000,88499
5,99,200000,88503
5,100,202000,88503
5,101,204000,88507
5,102,206000,88507
5,103,208000,88507
5,104,210000,88511
5,105,212000,88511
5,106,214000,88511
5,107,216000,88511
5,108,218000,88511
5,109,220000,88511
5,110,222000,88517
5,111,224000,88536
5,112,226000,88538
5,113,228000,88546
5,114,230000,88546
5,115,232000,88546
5,116,234000,88546
5,117,236000,88556
5,118,238000,88556
5,119,240000,88556
5,120,242000,88564
5,121,244000,88564
5,122,246000,88567
5,123,248000,88567
5,124,250000,88579
5,125,252000,88582
5,126,254000,88589
5,127,256000,88593
5,128,258000,88601
5,129,260000,88605
5,130,262000,88607
5,131,264000,88611
5,132,266000,88613
5,133,268000,88613
5,134,270000,88614
5,135,272000,88619
5,136,274000,88621
5,137,276000,88626
5,138,278000,88632
5,139,280000,88632
5,140,282000,88632
5,141,284000,88640
5,142,286000,88640
5,143,288000,88640
5,144,290000,88644
5,145,292000,88644
5,146,294000,88648
5,147,296000,88648
5,148,298000,88652
5,149,300000,88652
5,150,302000,88656
5,151,304000,88656
5,152,306000,88656
5,153,308000,88656
5,154,310000,88656
5,155,312000,88656
5,156,314000,88656
5,157,316000,88656
5,158,318000,88656
5,159,320000,88656
5,160,322000,88656
5,161,324000,88656
5,162,326000,88656
5,163,328000,88656
5,164,330000,88656
5,165,332000,88656
5,166,334000,88656
5,167,336000,88656
5,168,338000,88656
5,169,340000,88665
5,170,342000,88665
5,171,344000,88665
5,172,346000,88674
5,173,348000,88674
5,174,350000,88674
5,175,352000,88674
5,176,354000,88677
5,177,356000,88677
5,178,358000,88677
5,179,360000,88677
5,180,362000,88677
5,181,364000,88677
5,182,366000,88677
5,183,368000,88677
5,184,370000,88677
5,185,372000,88677
5,186,374000,88677
5,187,376000,88679
5,188,378000,88679
5,189,380000,88679
5,190,382000,88679
5,191,384000,88679
5,192,386000,88679
5,193,388000,88679
5,194,390000,88679
5,195,392000,88679
5,196,394000,88679
5,197,396000,88679
5,198,398000,88687
5,199,400000,88687
5,200,402000,88687
5,201,404000,88687
5,202,406000,88687
5,203,408000,88689
5,204,410000,88689
5,205,412000,88689
5,206,414000,88689
5,207,416000,88689
5,208,418000,88689
5,209,420000,88689
5,210,422000,88692
5,211,424000,88692
5,212,426000,88697
5,213,428000,88704
5,214,430000,88704
5,215,432000,88706
5,216,434000,88706
5,217,436000,88710
5,218,438000,88710
5,219,440000,88710
5,220,442000,88710
5,221,444000,88710
5,222,446000,88710
5,223,448000,88710
5,224,450000,88710
5,225,452000,88711
5,226,454000,88711
5,227,456000,88711
5,228,458000,88721
5,229,460000,88721
5,230,462000,88721
5,231,464000,88721
5,232,466000,88721
5,233,468000,88721
5,234,470000,88730
5,235,472000,88730
5,236,474000,88730
5,237,476000,88730
5,238,478000,88730
5,239,480000,88730
5,240,482000,88730
5,241,484000,88730
5,242,486000,88734
5,243,488000,88734
5,244,490000,88734
5,245,492000,88734
5,246,494000,88746
5,247,496000,88746
5,248,498000,88746
5,249,500000,88746
5,250,502000,88746
5,251,504000,88746
5,252,506000,88746
5,253,508000,88750
5,254,510000,88750
5,255,512000,88750
5,256,514000,88750
5,257,516000,88750
5,258,518000,88750
5,259,520000,88750
5,260,522000,88750
5,261,524000,88750
5,262,526000,88750
5,263,528000,88750
5,264,530000,88750
5,265,532000,88750
5,266,534000,88750
5,267,536000,88750
5,268,538000,88750
5,269,540000,88750
5,270,542000,88750
5,271,544000,88750
5,272,546000,88750
5,273,548000,88750
5,274,550000,88750
5,275,552000,88750
5,276,554000,88750
5,277,556000,88750
5,278,558000,88750
5,279,560000,88750
5,280,562000,88750
5,281,564000,88750
5,282,566000,88750
5,283,568000,88750
5,284,570000,88750
5,285,572000,88750
5,286,574000,88750
5,287,576000,88750
5,288,578000,88750
5,289,580000,88750
5,290,582000,88750
5,291,584000,88750
5,292,586000,88750
5,293,588000,88750
5,294,590000,88750
5,295,592000,88750
5,296,594000,88750
5,297,596000,88750
5,298,598000,88750
5,299,600000,88750
5,300,602000,88750
5,301,604000,88750
5,302,606000,88750
5,303,608000,88750
5,304,610000,88750
5,305,612000,88750
5,306,614000,88750
5,307,616000,88750
5,308,618000,88750
5,309,620000,88750
5,310,622000,88750
5,311,624000,88750
5,312,626000,88750
5,313,628000,88750
5,314,630000,88750
5,315,632000,88750
5,316,634000,88750
5,317,636000,88750
5,318,638000,88750
5,319,640000,88750
5,320,642000,88750
5,321,644000,88750
5,322,646000,88750
5,323,648000,88750
5,324,650000,88750
5,325,652000,88750
5,326,654000,88750
5,327,656000,88750
5,328,658000,88750
5,329,660000,88750
5,330,662000,88750
5,331,664000,88750
5,332,666000,88750
5,333,668000,88750
5,334,670000,88750
5,335,672000,88750
5,336,674000,88750
5,337,676000,88750
5,338,678000,88750
5,339,680000,88750
5,340,682000,88750
5,341,684000,88750
5,342,686000,88750
5,343,688000,88750
5,344,690000,88750
5,345,692000,88750
5,346,694000,88750
5,347,696000,88750
5,348,698000,88750
5,349,700000,88750
5,350,702000,88750
5,351,704000,88750
5,352,706000,88750
5,353,708000,88750
5,354,710000,88750
5,355,712000,88750
5,356,714000,88750
5,357,716000,88750
5,358,718000,88750
5,359,720000,88750
5,360,722000,88750
5,361,724000,88750
5,362,726000,88750
5,363,728000,88750
5,364,730000,88750
5,365,732000,88750
5,366,734000,88750
5,367,736000,88750
5,368,738000,88750
5,369,740000,88750
5,370,742000,88750
5,371,744000,88750
5,372,746000,88750
5,373,748000,88750
5,374,750000,88750
5,375,752000,88750
5,376,754000,88750
5,377,756000,88750
5,378,758000,88750
5,379,760000,88750
5,380,762000,88750
5,381,764000,88750
5,382,766000,88750
5,383,768000,88750
5,384,770000,88750
5,385,772000,88750
5,386,774000,88750
5,387,776000,88750
5,388,778000,88750
5,389,780000,88750
5,390,782000,88750
5,391,784000,88750
5,392,786000,88750
5,393,788000,88750
5,394,790000,88750
5,395,792000,88750
5,396,794000,88750
5,397,796000,88750
5,398,798000,88750
5,399,800000,88750
5,400,802000,88750
5,401,804000,88750
5,402,806000,88750
5,403,808000,88750
5,404,810000,88750
5,405,812000,88750
5,406,814000,88750
5,407,816000,88750
5,408,818000,88750
5,409,820000,88750
5,410,822000,88750
5,411,824000,88750
5,412,826000,88750
5,413,828000,88750
5,414,830000,88750
5,415,832000,88750
5,416,834000,88750
5,417,836000,88750
5,418,838000,88750
5,419,840000,88750
5,420,842000,88750
5,421,844000,88750
5,422,846000,88750
5,423,848000,88750
5,424,850000,88750
5,425,852000,88750
5,426,854000,88750
5,427,856000,88750
5,428,858000,88750
5,429,860000,88750
5,430,862000,88750
5,431,864000,88750
5,432,866000,88750
5,433,868000,88750
5,434,870000,88750
5,435,872000,88750
5,436,874000,88750
5,437,876000,88750
5,438,878000,88750
5,439,880000,88750
5,440,882000,88750
5,441,884000,88750
5,442,886000,88750
5,443,888000,88750
5,444,890000,88750
5,445,892000,88750
5,446,894000,88750
5,447,896000,88750
5,448,898000,88750
5,449,900000,88750
5,450,902000,88750
5,451,904000,88750
5,452,906000,88750
5,453,908000,88750
5,454,910000,88750
5,455,912000,88750
5,456,914000,88750
5,457,916000,88750
5,458,918000,88750
5,459,920000,88750
5,460,922000,88750
5,461,924000,88750
5,462,926000,88750
5,463,928000,88750
5,464,930000,88750
5,465,932000,88750
5,466,934000,88750
5,467,936000,88750
5,468,938000,88750
5,469,940000,88750
5,470,942000,88750
5,471,944000,88750
5,472,946000,88750
5,473,948000,88750
5,474,950000,88750
5,475,952000,88750
5,476,954000,88750
5,477,956000,88750
5,478,958000,88750
5,479,960000,88750
5,480,962000,88750
5,481,964000,88750
5,482,966000,88750
5,483,968000,88750
5,484,970000,88750
5,485,972000,88750
5,486,974000,88750
5,487,976000,88750
5,488,978000,88750
5,489,980000,88750
5,490,982000,88750
5,491,984000,88750
5,492,986000,88750
5,493,988000,88750
5,494,990000,88750
5,495,992000,88750
5,496,994000,88750
5,497,996000,88750
5,498,998000,88750
5,499,1000000,88750
6,0,2000,73013
6,1,4000,76905
6,2,6000,77748
6,3,8000,79091
6,4,10000,80476
6,5,12000,81047
6,6,14000,81735
6,7,16000,82547
6,8,18000,83048
6,9,20000,83686
6,10,22000,83805
6,11,24000,84116
6,12,26000,84251
6,13,28000,84400
6,14,30000,84660
6,15,32000,85018
6,16,34000,85189
6,17,36000,85473
6,18,38000,85762
6,19,40000,85762
6,20,42000,85871
6,21,44000,85984
6,22,46000,86325
6,23,48000,86325
6,24,50000,86477
6,25,52000,86592
6,26,54000,86684
6,27,56000,86835
6,28,58000,86933
6,29,60000,87024
6,30,62000,87083
6,31,64000,87103
6,32,66000,87238
6,33,68000,87338
6,34,70000,87434
6,35,72000,87512
6,36,74000,87581
6,37,76000,87631
6,38,78000,87641
6,39,80000,87691
6,40,82000,87705
6,41,84000,87744
6,42,86000,87793
6,43,88000,87824
6,44,90000,87855
6,45,92000,87871
6,46,94000,87873
6,47,96000,87937
6,48,98000,87970
6,49,100000,88003
6,50,102000,88046
6,51,104000,88074
6,52,106000,88092
6,53,108000,88102
6,54,110000,88158
6,55,112000,88161
6,56,114000,88176
6,57,116000,88219
6,58,118000,88223
6,59,120000,88229
6,60,122000,88256
6,61,124000,88268
6,62,126000,88295
6,63,128000,88311
6,64,130000,88317
6,65,132000,88320
6,66,134000,88333
6,67,136000,88333
6,68,138000,88337
6,69,140000,88353
6,70,142000,88386
6,71,144000,88386
6,72,146000,88392
6,73,148000,88394
6,74,150000,88410
6,75,152000,88412
6,76,154000,88423
6,77,156000,88423
6,78,158000,88437
6,79,160000,88439
6,80,162000,88451
6,81,164000,88458
6,82,166000,88464
6,83,168000,88473
6,84,170000,88480
6,85,172000,88487
6,86,174000,88494
6,87,176000,88501
6,88,178000,88512
6,89,180000,88515
6,90,182000,88519
6,91,184000,88524
6,92,186000,88524
6,93,188000,88528
6,94,190000,88531
6,95,192000,88531
6,96,194000,88536
6,97,196000,88543
6,98,198000,88543
6,99,200000,88548
6,100,202000,88553
6,101,204000,88555
6,102,206000,88562
6,103,208000,88571
6,104,210000,88576
6,105,212000,88577
6,106,214000,88584
6,107,216000,88591
6,108,218000,88603
6,109,220000,88603
6,110,222000,88618
6,111,224000,88634
6,112,226000,88647
6,113,228000,88647
6,114,230000,88647
6,115,232000,88653
6,116,234000,88659
6,117,236000,88659
6,118,238000,88664
6,119,240000,88666
6,120,242000,88670
6,121,244000,88675
6,122,246000,88687
6,123,248000,88697
6,124,250000,88703
6,125,252000,88709
6,126,254000,88719
6,127,256000,88734
6,128,258000,88736
6,129,260000,88743
6,130,262000,88745
6,131,264000,88748
6,132,266000,88752
6,133,268000,88763
6,134,270000,88763
6,135,272000,88763
6,136,274000,88771
6,137,276000,88779
6,138,278000,88779
6,139,280000,88784
6,140,282000,88795
6,141,284000,88798
6,142,286000,88798
6,143,288000,88798
6,144,290000,88802
6,145,292000,88802
6,146,294000,88802
6,147,296000,88802
6,148,298000,88802
6,149,300000,88802
6,150,302000,88802
6,151,304000,88802
6,152,306000,88802
6,153,308000,88802
6,154,310000,88802
6,155,312000,88802
6,156,314000,88802
6,157,316000,88806
6,158,318000,88810
6,159,320000,88812
6,160,322000,88814
6,161,324000,88816
6,162,326000,88820
6,163,328000,88820
6,164,330000,88820
6,165,332000,88820
6,166,334000,88820
6,167,336000,88820
6,168,338000,88820
6,169,340000,88820
6,170,342000,88820
6,171,344000,88820
6,172,346000,88820
6,173,348000,88820
6,174,350000,88820
6,175,352000,88820
6,176,354000,88820
6,177,356000,88820
6,178,358000,88820
6,179,360000,88820
6,180,362000,88820
6,181,364000,88820
6,182,366000,88820
6,183,368000,88820
6,184,370000,88820
6,185,372000,88831
6,186,374000,88831
6,187,376000,88831
6,188,378000,88831
6,189,380000,88831
6,190,382000,88831
6,191,384000,88831
6,192,386000,88831
6,193,388000,88843
6,194,390000,88843
6,195,392000,88843
6,196,394000,88843
6,197,396000,88843
6,198,398000,88843
6,199,400000,88843
6,200,402000,88843
6,201,404000,88843
6,202,406000,88843
6,203,408000,88843
6,204,410000,88843
6,205,412000,88843
6,206,414000,88843
6,207,416000,88843
6,208,418000,88847
6,209,420000,88847
6,210,422000,88847
6,211,424000,88847
6,212,426000,88847
6,213,428000,88847
6,214,430000,88847
6,215,432000,88851
6,216,434000,88851
6,217,436000,88851
6,218,438000,88851
6,219,440000,88851
6,220,442000,88855
6,221,444000,88855
6,222,446000,88855
6,223,448000,88855
6,224,450000,88855
6,225,452000,88855
6,226,454000,88859
6,227,456000,88859
6,228,458000,88859
6,229,460000,88859
6,230,462000,88859
6,231,464000,88859
6,232,466000,88859
6,233,468000,88859
6,234,470000,88859
6,235,472000,88859
6,236,474000,88859
6,237,476000,88859
6,238,478000,88859
6,239,480000,88859
6,240,482000,88859
6,241,484000,88859
6,242,486000,88859
6,243,488000,88859
6,244,490000,88859
6,245,492000,88859
6,246,494000,88859
6,247,496000,88859
6,248,498000,88859
6,249,500000,88859
6,250,502000,88859
6,251,504000,88859
6,252,506000,88859
6,253,508000,88859
6,254,510000,88859
6,255,512000,88859
6,256,514000,88859
6,257,516000,88859
6,258,518000,88859
6,259,520000,88859
6,260,522000,88859
6,261,524000,88859
6,262,526000,88859
6,263,528000,88859
6,264,530000,88859
6,265,532000,88859
6,266,534000,88859
6,267,536000,88859
6,268,538000,88859
6,269,540000,88859
6,270,542000,88859
6,271,544000,88859
6,272,546000,88859
6,273,548000,88859
6,274,550000,88859
6,275,552000,88859
6,276,554000,88859
6,277,556000,88863
6,278,558000,88863
6,279,560000,88863
6,280,562000,88863
6,281,564000,88863
6,282,566000,88863
6,283,568000,88863
6,284,570000,88863
6,285,572000,88863
6,286,574000,88863
6,287,576000,88863
6,288,578000,88863
6,289,580000,88863
6,290,582000,88863
6,291,584000,88863
6,292,586000,88863
6,293,588000,88863
6,294,590000,88863
6,295,592000,88863
6,296,594000,88863
6,297,596000,88863
6,298,598000,88863
6,299,600000,88863
6,300,602000,88863
6,301,604000,88863
6,302,606000,88863
6,303,608000,88863
6,304,610000,88863
6,305,612000,88863
6,306,614000,88863
6,307,616000,88863
6,308,618000,88863
6,309,620000,88863
6,310,622000,88863
6,311,624000,88874
6,312,626000,88874
6,313,628000,88874
6,314,630000,88874
6,315,632000,88874
6,316,634000,88874
6,317,636000,88874
6,318,638000,88874
6,319,640000,88874
6,320,642000,88874
6,321,644000,88874
6,322,646000,88883
6,323,648000,88883
6,324,650000,88883
6,325,652000,88883
6,326,654000,88890
6,327,656000,88890
6,328,658000,88890
6,329,660000,88896
6,330,662000,88896
6,331,664000,88896
6,332,666000,88896
6,333,668000,88896
6,334,670000,88896
6,335,672000,88896
6,336,674000,88896
6,337,676000,88896
6,338,678000,88896
6,339,680000,88896
6,340,682000,88896
6,341,684000,88896
6,342,686000,88896
6,343,688000,88896
6,344,690000,88896
6,345,692000,88896
6,346,694000,88896
6,347,696000,88896
6,348,698000,88896
6,349,700000,88896
6,350,702000,88896
6,351,704000,88896
6,352,706000,88896
6,353,708000,88896
6,354,710000,88896
6,355,712000,88896
6,356,714000,88896
6,357,716000,88896
6,358,718000,88896
6,359,720000,88896
6,360,722000,88896
6,361,724000,88896
6,362,726000,88896
6,363,728000,88896
6,364,730000,88896
6,365,732000,88896
6,366,734000,88896
6,367,736000,88896
6,368,738000,88896
6,369,740000,88896
6,370,742000,88896
6,371,744000,88896
6,372,746000,88896
6,373,748000,88896
6,374,750000,88896
6,375,752000,88896
6,376,754000,88896
6,377,756000,88896
6,378,758000,88896
6,379,760000,88896
6,380,762000,88896
6,381,764000,88896
6,382,766000,88896
6,383,768000,88896
6,384,770000,88896
6,385,772000,88896
6,386,774000,88896
6,387,776000,88896
6,388,778000,88896
6,389,780000,88896
6,390,782000,88896
6,391,784000,88896
6,392,786000,88896
6,393,788000,88896
6,394,790000,88896
6,395,792000,88896
6,396,794000,88896
6,397,796000,88896
6,398,798000,88896
6,399,800000,88896
6,400,802000,88896
6,401,804000,88896
6,402,806000,88896
6,403,808000,88896
6,404,810000,88896
6,405,812000,88896
6,406,814000,88896
6,407,816000,88896
6,408,818000,88896
6,409,820000,88896
6,410,822000,88896
6,411,824000,88896
6,412,826000,88896
6,413,828000,88896
6,414,830000,88896
6,415,832000,88896
6,416,834000,88896
6,417,836000,88896
6,418,838000,88896
6,419,840000,88896
6,420,842000,88896
6,421,844000,88896
6,422,846000,88900
6,423,848000,88900
6,424,850000,88900
6,425,852000,88900
6,426,854000,88900
6,427,856000,88900
6,428,858000,88900
6,429,860000,88900
6,430,862000,88900
6,431,864000,88900
6,432,866000,88900
6,433,868000,88900
6,434,870000,88900
6,435,872000,88900
6,436,874000,88900
6,437,876000,88900
6,438,878000,88900
6,439,880000,88900
6,440,882000,88900
6,441,884000,88900
6,442,886000,88900
6,443,888000,88900
6,444,890000,88900
6,445,892000,88900
6,446,894000,88900
6,447,896000,88900
6,448,898000,88900
6,449,900000,88900
6,450,902000,88900
6,451,904000,88900
6,452,906000,88900
6,453,908000,88900
6,454,910000,88900
6,455,912000,88900
6,456,914000,88900
6,457,916000,88900
6,458,918000,88900
6,459,920000,88900
6,460,922000,88900
6,461,924000,88900
6,462,926000,88900
6,463,928000,88900
6,464,930000,88900
6,465,932000,88900
6,466,934000,88900
6,467,936000,88900
6,468,938000,88900
6,469,940000,88900
6,470,942000,88900
6,471,944000,88900
6,472,946000,88900
6,473,948000,88900
6,474,950000,88900
6,475,952000,88900
6,476,954000,88900
6,477,956000,88900
6,478,958000,88900
6,479,960000,88900
6,480,962000,88900
6,481,964000,88900
6,482,966000,88900
6,483,968000,88900
6,484,970000,88900
6,485,972000,88900
6,486,974000,88900
6,487,976000,88900
6,488,978000,88900
6,489,980000,88900
6,490,982000,88900
6,491,984000,88900
6,492,986000,88900
6,493,988000,88900
6,494,990000,88900
6,495,992000,88900
6,496,994000,88900
6,497,996000,88900
6,498,998000,88900
6,499,1000000,88900
7,0,2000,73056
7,1,4000,77096
7,2,6000,77911
7,3,8000,79669
7,4,10000,80730
7,5,12000,81207
7,6,14000,82315
7,7,16000,82510
7,8,18000,82912
7,9,20000,83126
7,10,22000,83616
7,11,24000,84307
7,12,26000,84431
7,13,28000,84618
7,14,30000,84840
7,15,32000,85099
7,16,34000,85228
7,17,36000,85337
7,18,38000,85463
7,19,40000,85699
7,20,42000,85907
7,21,44000,86101
7,22,46000,86188
7,23,48000,86292
7,24,50000,86361
7,25,52000,86464
7,26,54000,86532
7,27,56000,86706
7,28,58000,86739
7,29,60000,86832
7,30,62000,86877
7,31,64000,86950
7,32,66000,86966
7,33,68000,87014
7,34,70000,87035
7,35,72000,87157
7,36,74000,87203
7,37,76000,87242
7,38,78000,87351
7,39,80000,87389
7,40,82000,87489
7,41,84000,87604
7,42,86000,87632
7,43,88000,87655
7,44,90000,87695
7,45,92000,87731
7,46,94000,87823
7,47,96000,87898
7,48,98000,87905
7,49,100000,87925
7,50,102000,87943
7,51,104000,87955
7,52,106000,87978
7,53,108000,88004
7,54,110000,88047
7,55,112000,88050
7,56,114000,88073
7,57,116000,88092
7,58,118000,88096
7,59,120000,88112
7,60,122000,88135
7,61,124000,88135
7,62,126000,88138
7,63,128000,88158
7,64,130000,88188
7,65,132000,88191
7,66,134000,88193
7,67,136000,88222
7,68,138000,88229
7,69,140000,88256
7,70,142000,88256
7,71,144000,88267
7,72,146000,88271
7,73,148000,88277
7,74,150000,88286
7,75,152000,88308
7,76,154000,88308
7,77,156000,88313
7,78,158000,88323
7,79,160000,88324
7,80,162000,88324
7,81,164000,88353
7,82,166000,88353
7,83,168000,88359
7,84,170000,88372
7,85,172000,88372
7,86,174000,88375
7,87,176000,88375
7,88,178000,88383
7,89,180000,88392
7,90,182000,88406
7,91,184000,88410
7,92,186000,88410
7,93,188000,88420
7,94,190000,88428
7,95,192000,88429
7,96,194000,88439
7,97,196000,88444
7,98,198000,88456
7,99,200000,88462
7,100,202000,88466
7,101,204000,88470
7,102,206000,88471
7,103,208000,88480
7,104,210000,88480
7,105,212000,88484
7,106,214000,88484
7,107,216000,88502
7,108,218000,88502
7,109,220000,88507
7,110,222000,88508
7,111,224000,88520
7,112,226000,88522
7,113,228000,88526
7,114,230000,88526
7,115,232000,88528
7,116,234000,88535
7,117,236000,88535
7,118,238000,88535
7,119,240000,88536
7,120,242000,88537
7,121,244000,88538
7,122,246000,88539
7,123,248000,88539
7,124,250000,88541
7,125,252000,88541
7,126,254000,88542
7,127,256000,88542
7,128,258000,88542
7,129,260000,88543
7,130,262000,88544
7,131,264000,88545
7,132,266000,88545
7,133,268000,88547
7,134,270000,88547
7,135,272000,88553
7,136,274000,88553
7,137,276000,88553
7,138,278000,88553
7,139,280000,88553
7,140,282000,88553
7,141,284000,88553
7,142,286000,88553
7,143,288000,88553
7,144,290000,88571
7,145,292000,88571
7,146,294000,88571
7,147,296000,88571
7,148,298000,88571
7,149,300000,88571
7,150,302000,88574
7,151,304000,88576
7,152,306000,88576
7,153,308000,88576
7,154,310000,88586
7,155,312000,88586
7,156,314000,88586
7,157,316000,88586
7,158,318000,88586
7,159,320000,88586
7,160,322000,88588
7,161,324000,88588
7,162,326000,88588
7,163,328000,88596
7,164,330000,88596
7,165,332000,88596
7,166,334000,88596
7,167,336000,88596
7,168,338000,88606
7,169,340000,88613
7,170,342000,88616
7,171,344000,88628
7,172,346000,88634
7,173,348000,88639
7,174,350000,88639
7,175,352000,88647
7,176,354000,88647
7,177,356000,88659
7,178,358000,88659
7,179,360000,88659
7,180,362000,88659
7,181,364000,88659
7,182,366000,88659
7,183,368000,88659
7,184,370000,88659
7,185,372000,88661
7,186,374000,88661
7,187,376000,88661
7,188,378000,88661
7,189,380000,88661
7,190,382000,88661
7,191,384000,88661
7,192,386000,88661
7,193,388000,88663
7,194,390000,88663
7,195,392000,88672
7,196,394000,88672
7,197,396000,88675
7,198,398000,88675
7,199,400000,88686
7,200,402000,88686
7,201,404000,88686
7,202,406000,88686
7,203,408000,88695
7,204,410000,88695
7,205,412000,88695
7,206,414000,88699
7,207,416000,88699
7,208,418000,88699
7,209,420000,88699
7,210,422000,88699
7,211,424000,88703
7,212,426000,88703
7,213,428000,88703
7,214,430000,88703
7,215,432000,88703
7,216,434000,88703
7,217,436000,88703
7,218,438000,88703
7,219,440000,88703
7,220,442000,88703
7,221,444000,88703
7,222,446000,88703
7,223,448000,88703
7,224,450000,88707
7,225,452000,88707
7,226,454000,88707
7,227,456000,88707
7,228,458000,88707
7,229,460000,88707
7,230,462000,88707
7,231,464000,88707
7,232,466000,88707
7,233,468000,88707
7,234,470000,88707
7,235,472000,88707
7,236,474000,88711
7,237,476000,88711
7,238,478000,88711
7,239,480000,88711
7,240,482000,88711
7,241,484000,88711
7,242,486000,88711
7,243,488000,88711
7,244,490000,88715
7,245,492000,88715
7,246,494000,88715
7,247,496000,88715
7,248,498000,88715
7,249,500000,88715
7,250,502000,88715
7,251,504000,88715
7,252,506000,88717
7,253,508000,88717
7,254,510000,88717
7,255,512000,88726
7,256,514000,88726
7,257,516000,88726
7,258,518000,88726
7,259,520000,88726
7,260,522000,88726
7,261,524000,88726
7,262,526000,88726
7,263,528000,88726
7,264,530000,88726
7,265,532000,88726
7,266,534000,88726
7,267,536000,88726
7,268,538000,88726
7,269,540000,88726
7,270,542000,88726
7,271,544000,88735
7,272,546000,88735
7,273,548000,88735
7,274,550000,88735
7,275,552000,88735
7,276,554000,88735
7,277,556000,88736
7,278,558000,88736
7,279,560000,88736
7,280,562000,88740
7,281,564000,88740
7,282,566000,88740
7,283,568000,88740
7,284,570000,88740
7,285,572000,88740
7,286,574000,88740
7,287,576000,88740
7,288,578000,88740
7,289,580000,88743
7,290,582000,88743
7,291,584000,88743
7,292,586000,88743
7,293,588000,88743
7,294,590000,88743
7,295,592000,88743
7,296,594000,88743
7,297,596000,88743
7,298,598000,88743
7,299,600000,88743
7,300,602000,88743
7,301,604000,88743
7,302,606000,88743
7,303,608000,88743
7,304,610000,88743
7,305,612000,88743
7,306,614000,88743
7,307,616000,88743
7,308,618000,88743
7,309,620000,88743
7,310,622000,88743
7,311,624000,88743
7,312,626000,88743
7,313,628000,88743
7,314,630000,88743
7,315,632000,88743
7,316,634000,88743
7,317,636000,88743
7,318,638000,88747
7,319,640000,88747
7,320,642000,88747
7,321,644000,88747
7,322,646000,88747
7,323,648000,88747
7,324,650000,88747
7,325,652000,88747
7,326,654000,88747
7,327,656000,88747
7,328,658000,88747
7,329,660000,88747
7,330,662000,88747
7,331,664000,88747
7,332,666000,88747
7,333,668000,88747
7,334,670000,88747
7,335,672000,88747
7,336,674000,88747
7,337,676000,88747
7,338,678000,88747
7,339,680000,88747
7,340,682000,88747
7,341,684000,88747
7,342,686000,88747
7,343,688000,88747
7,344,690000,88747
7,345,692000,88747
7,346,694000,88747
7,347,696000,88747
7,348,698000,88747
7,349,700000,88747
7,350,702000,88747
7,351,704000,88747
7,352,706000,88747
7,353,708000,88747
7,354,710000,88747
7,355,712000,88747
7,356,714000,88747
7,357,716000,88747
7,358,718000,88747
7,359,720000,88747
7,360,722000,88747
7,361,724000,88747
7,362,726000,88747
7,363,728000,88747
7,364,730000,88747
7,365,732000,88747
7,366,734000,88747
7,367,736000,88747
7,368,738000,88747
7,369,740000,88747
7,370,742000,88747
7,371,744000,88747
7,372,746000,88747
7,373,748000,88747
7,374,750000,88747
7,375,752000,88747
7,376,754000,88747
7,377,756000,88747
7,378,758000,88747
7,379,760000,88747
7,380,762000,88747
7,381,764000,88747
7,382,766000,88747
7,383,768000,88747
7,384,770000,88747
7,385,772000,88747
7,386,774000,88747
7,387,776000,88747
7,388,778000,88747
7,389,780000,88747
7,390,782000,88747
7,391,784000,88747
7,392,786000,88747
7,393,788000,88747
7,394,790000,88747
7,395,792000,88747
7,396,794000,88747
7,397,796000,88747
7,398,798000,88747
7,399,800000,88747
7,400,802000,88747
7,401,804000,88747
7,402,806000,88747
7,403,808000,88747
7,404,810000,88747
7,405,812000,88747
7,406,814000,88747
7,407,816000,88747
7,408,818000,88747
7,409,820000,88747
7,410,822000,88747
7,411,824000,88747
7,412,826000,88747
7,413,828000,88747
7,414,830000,88747
7,415,832000,88747
7,416,834000,88747
7,417,836000,88747
7,418,838000,88747
7,419,840000,88747
7,420,842000,88747
7,421,844000,88747
7,422,846000,88747
7,423,848000,88747
7,424,850000,88747
7,425,852000,88747
7,426,854000,88747
7,427,856000,88747
7,428,858000,88747
7,429,860000,88747
7,430,862000,88747
7,431,864000,88747
7,432,866000,88747
7,433,868000,88747
7,434,870000,88747
7,435,872000,88747
7,436,874000,88747
7,437,876000,88747
7,438,878000,88747
7,439,880000,88747
7,440,882000,88747
7,441,884000,88747
7,442,886000,88747
7,443,888000,88747
7,444,890000,88747
7,445,892000,88747
7,446,894000,88747
7,447,896000,88747
7,448,898000,88747
7,449,900000,88747
7,450,902000,88747
7,451,904000,88747
7,452,906000,88747
7,453,908000,88747
7,454,910000,88747
7,455,912000,88747
7,456,914000,88747
7,457,916000,88747
7,458,918000,88747
7,459,920000,88747
7,460,922000,88747
7,461,924000,88747
7,462,926000,88747
7,463,928000,88747
7,464,930000,88747
7,465,932000,88747
7,466,934000,88747
7,467,936000,88747
7,468,938000,88747
7,469,940000,88747
7,470,942000,88747
7,471,944000,88747
7,472,946000,88747
7,473,948000,88747
7,474,950000,88747
7,475,952000,88747
7,476,954000,88747
7,477,956000,88747
7,478,958000,88747
7,479,960000,88747
7,480,962000,88747
7,481,964000,88747
7,482,966000,88747
7,483,968000,88747
7,484,970000,88747
7,485,972000,88747
7,486,974000,88747
7,487,976000,88747
7,488,978000,88747
7,489,980000,88747
7,490,982000,88747
7,491,984000,88747
7,492,986000,88747
7,493,988000,88747
7,494,990000,88747
7,495,992000,88747
7,496,994000,88747
7,497,996000,88747
7,498,998000,88747
7,499,1000000,88747
8,0,2000,73099
8,1,4000,76355
8,2,6000,78119
8,3,8000,79010
8,4,10000,80497
8,5,12000,81492
8,6,14000,82028
8,7,16000,82616
8,8,18000,83441
8,9,20000,84268
8,10,22000,84400
8,11,24000,84701
8,12,26000,84971
8,13,28000,85162
8,14,30000,85409
8,15,32000,85568
8,16,34000,85723
8,17,36000,85833
8,18,38000,85927
8,19,40000,86067
8,20,42000,86122
8,21,44000,86361
8,22,46000,86430
8,23,48000,86640
8,24,50000,86727
8,25,52000,86834
8,26,54000,86878
8,27,56000,87017
8,28,58000,87053
8,29,60000,87284
8,30,62000,87354
8,31,64000,87403
8,32,66000,87469
8,33,68000,87478
8,34,70000,87543
8,35,72000,87567
8,36,74000,87620
8,37,76000,87683
8,38,78000,87737
8,39,80000,87781
8,40,82000,87832
8,41,84000,87832
8,42,86000,87900
8,43,88000,87900
8,44,90000,87931
8,45,92000,87959
8,46,94000,87984
8,47,96000,88013
8,48,98000,88030
8,49,100000,88039
8,50,102000,88052
8,51,104000,88059
8,52,106000,88090
8,53,108000,88122
8,54,110000,88138
8,55,112000,88154
8,56,114000,88162
8,57,116000,88172
8,58,118000,88179
8,59,120000,88185
8,60,122000,88224
8,61,124000,88224
8,62,126000,88225
8,63,128000,88243
8,64,130000,88265
8,65,132000,88286
8,66,134000,88286
8,67,136000,88302
8,68,138000,88333
8,69,140000,88333
8,70,142000,88356
8,71,144000,88370
8,72,146000,88377
8,73,148000,88377
8,74,150000,88384
8,75,152000,88388
8,76,154000,88391
8,77,156000,88393
8,78,158000,88393
8,79,160000,88419
8,80,162000,88425
8,81,164000,88431
8,82,166000,88431
8,83,168000,88431
8,84,170000,88447
8,85,172000,88447
8,86,174000,88447
8,87,176000,88455
8,88,178000,88455
8,89,180000,88475
8,90,182000,88486
8,91,184000,88486
8,92,186000,88487
8,93,188000,88491
8,94,190000,88491
8,95,192000,88491
8,96,194000,88495
8,97,196000,88503
8,98,198000,88503
8,99,200000,88507
8,100,202000,88508
8,101,204000,88508
8,102,206000,88508
8,103,208000,88519
8,104,210000,88520
8,105,212000,88520
8,106,214000,88524
8,107,216000,88525
8,108,218000,88525
8,109,220000,88529
8,110,222000,88529
8,111,224000,88533
8,112,226000,88534
8,113,228000,88538
8,114,230000,88559
8,115,232000,88559
8,116,234000,88559
8,117,236000,88575
8,118,238000,88575
8,119,240000,88591
8,120,242000,88602
8,121,244000,88602
8,122,246000,88602
8,123,248000,88605
8,124,250000,88605
8,125,252000,88605
8,126,254000,88606
8,127,256000,88606
8,128,258000,88606
8,129,260000,88609
8,130,262000,88610
8,131,264000,88610
8,132,266000,88612
8,133,268000,88612
8,134,270000,88612
8,135,272000,88612
8,136,274000,88612
8,137,276000,88612
8,138,278000,88612
8,139,280000,88612
8,140,282000,88612
8,141,284000,88620
8,142,286000,88620
8,143,288000,88620
8,144,290000,88620
8,145,292000,88620
8,146,294000,88620
8,147,296000,88620
8,148,298000,88635
8,149,300000,88635
8,150,302000,88635
8,151,304000,88635
8,152,306000,88635
8,153,308000,88635
8,154,310000,88644
8,155,312000,88644
8,156,314000,88644
8,157,316000,88644
8,158,318000,88644
8,159,320000,88644
8,160,322000,88644
8,161,324000,88648
8,162,326000,88648
8,163,328000,88648
8,164,330000,88648
8,165,332000,88648
8,166,334000,88648
8,167,336000,88648
8,168,338000,88648
8,169,340000,88648
8,170,342000,88648
8,171,344000,88652
8,172,346000,88652
8,173,348000,88664
8,174,350000,88670
8,175,352000,88674
8,176,354000,88674
8,177,356000,88674
8,178,358000,88674
8,179,360000,88679
8,180,362000,88679
8,181,364000,88679
8,182,366000,88692
8,183,368000,88694
8,184,370000,88694
8,185,372000,88698
8,186,374000,88698
8,187,376000,88702
8,188,378000,88705
8,189,380000,88707
8,190,382000,88713
8,191,384000,88713
8,192,386000,88713
8,193,388000,88718
8,194,390000,88718
8,195,392000,88718
8,196,394000,88720
8,197,396000,88720
8,198,398000,88721
8,199,400000,88721
8,200,402000,88721
8,201,404000,88721
8,202,406000,88721
8,203,408000,88721
8,204,410000,88721
8,205,412000,88721
8,206,414000,88721
8,207,416000,88721
8,208,418000,88721
8,209,420000,88721
8,210,422000,88721
8,211,424000,88721
8,212,426000,88721
8,213,428000,88721
8,214,430000,88721
8,215,432000,88721
8,216,434000,88721
8,217,436000,88721
8,218,438000,88721
8,219,440000,88721
8,220,442000,88721
8,221,444000,88721
8,222,446000,88721
8,223,448000,88721
8,224,450000,88721
8,225,452000,88721
8,226,454000,88721
8,227,456000,88721
8,228,458000,88721
8,229,460000,88721
8,230,462000,88721
8,231,464000,88721
8,232,466000,88721
8,233,468000,88721
8,234,470000,88721
8,235,472000,88721
8,236,474000,88721
8,237,476000,88721
8,238,478000,88721
8,239,480000,88721
8,240,482000,88721
8,241,484000,88721
8,242,486000,88721
8,243,488000,88721
8,244,490000,88721
8,245,492000,88721
8,246,494000,88721
8,247,496000,88721
8,248,498000,88721
8,249,500000,88721
8,250,502000,88721
8,251,504000,88721
8,252,506000,88721
8,253,508000,88721
8,254,510000,88721
8,255,512000,88721
8,256,514000,88721
8,257,516000,88721
8,258,518000,88721
8,259,520000,88721
8,260,522000,88721
8,261,524000,88721
8,262,526000,88721
8,263,528000,88721
8,264,530000,88721
8,265,532000,88721
8,266,534000,88721
8,267,536000,88721
8,268,538000,88721
8,269,540000,88721
8,270,542000,88721
8,271,544000,88721
8,272,546000,88721
8,273,548000,88721
8,274,550000,88721
8,275,552000,88721
8,276,554000,88721
8,277,556000,88721
8,278,558000,88721
8,279,560000,88721
8,280,562000,88721
8,281,564000,88721
8,282,566000,88721
8,283,568000,88721
8,284,570000,88721
8,285,572000,88721
8,286,574000,88721
8,287,576000,88721
8,288,578000,88721
8,289,580000,88721
8,290,582000,88721
8,291,584000,88721
8,292,586000,88721
8,293,588000,88721
8,294,590000,88721
8,295,592000,88721
8,296,594000,88721
8,297,596000,88721
8,298,598000,88721
8,299,600000,88721
8,300,602000,88721
8,301,604000,88721
8,302,606000,88721
8,303,608000,88721
8,304,610000,88721
8,305,612000,88721
8,306,614000,88721
8,307,616000,88721
8,308,618000,88721
8,309,620000,88721
8,310,622000,88721
8,311,624000,88721
8,312,626000,88721
8,313,628000,88721
8,314,630000,88721
8,315,632000,88721
8,316,634000,88721
8,317,636000,88721
8,318,638000,88721
8,319,640000,88721
8,320,642000,88721
8,321,644000,88721
8,322,646000,88721
8,323,648000,88721
8,324,650000,88721
8,325,652000,88721
8,326,654000,88721
8,327,656000,88721
8,328,658000,88721
8,329,660000,88721
8,330,662000,88721
8,331,664000,88721
8,332,666000,88721
8,333,668000,88721
8,334,670000,88721
8,335,672000,88721
8,336,674000,88721
8,337,676000,88722
8,338,678000,88722
8,339,680000,88722
8,340,682000,88722
8,341,684000,88722
8,342,686000,88722
8,343,688000,88722
8,344,690000,88722
8,345,692000,88722
8,346,694000,88722
8,347,696000,88722
8,348,698000,88722
8,349,700000,88722
8,350,702000,88722
8,351,704000,88722
8,352,706000,88722
8,353,708000,88722
8,354,710000,88722
8,355,712000,88722
8,356,714000,88722
8,357,716000,88722
8,358,718000,88722
8,359,720000,88722
8,360,722000,88722
8,361,724000,88722
8,362,726000,88722
8,363,728000,88722
8,364,730000,88722
8,365,732000,88722
8,366,734000,88722
8,367,736000,88722
8,368,738000,88722
8,369,740000,88722
8,370,742000,88722
8,371,744000,88722
8,372,746000,88722
8,373,748000,88722
8,374,750000,88722
8,375,752000,88722
8,376,754000,88722
8,377,756000,88722
8,378,758000,88722
8,379,760000,88722
8,380,762000,88722
8,381,764000,88722
8,382,766000,88722
8,383,768000,88722
8,384,770000,88722
8,385,772000,88722
8,386,774000,88722
8,387,776000,88722
8,388,778000,88722
8,389,780000,88722
8,390,782000,88722
8,391,784000,88722
8,392,786000,88722
8,393,788000,88722
8,394,790000,88722
8,395,792000,88722
8,396,794000,88722
8,397,796000,88722
8,398,798000,88722
8,399,800000,88722
8,400,802000,88722
8,401,804000,88722
8,402,806000,88722
8,403,808000,88722
8,404,810000,88722
8,405,812000,88722
8,406,814000,88722
8,407,816000,88722
8,408,818000,88722
8,409,820000,88722
8,410,822000,88722
8,411,824000,88722
8,412,826000,88722
8,413,828000,88722
8,414,830000,88722
8,415,832000,88722
8,416,834000,88722
8,417,836000,88722
8,418,838000,88722
8,419,840000,88722
8,420,842000,88722
8,421,844000,88722
8,422,846000,88722
8,423,848000,88722
8,424,850000,88722
8,425,852000,88722
8,426,854000,88722
8,427,856000,88722
8,428,858000,88722
8,429,860000,88722
8,430,862000,88722
8,431,864000,88722
8,432,866000,88722
8,433,868000,88722
8,434,870000,88722
8,435,872000,88722
8,436,874000,88722
8,437,876000,88722
8,438,878000,88722
8,439,880000,88722
8,440,882000,88722
8,441,884000,88722
8,442,886000,88722
8,443,888000,88722
8,444,890000,88722
8,445,892000,88722
8,446,894000,88722
8,447,896000,88722
8,448,898000,88722
8,449,900000,88722
8,450,902000,88722
8,451,904000,88722
8,452,906000,88722
8,453,908000,88722
8,454,910000,88722
8,455,912000,88722
8,456,914000,88722
8,457,916000,88722
8,458,918000,88722
8,459,920000,88722
8,460,922000,88722
8,461,924000,88722
8,462,926000,88722
8,463,928000,88722
8,464,930000,88722
8,465,932000,88722
8,466,934000,88722
8,467,936000,88722
8,468,938000,88722
8,469,940000,88722
8,470,942000,88722
8,471,944000,88722
8,472,946000,88722
8,473,948000,88722
8,474,950000,88722
8,475,952000,88722
8,476,954000,88722
8,477,956000,88722
8,478,958000,88722
8,479,960000,88722
8,480,962000,88722
8,481,964000,88722
8,482,966000,88722
8,483,968000,88722
8,484,970000,88722
8,485,972000,88722
8,486,974000,88722
8,487,976000,88722
8,488,978000,88722
8,489,980000,88722
8,490,982000,88722
8,491,984000,88722
8,492,986000,88722
8,493,988000,88722
8,494,990000,88722
8,495,992000,88722
8,496,994000,88722
8,497,996000,88722
8,498,998000,88722
8,499,1000000,88722
9,0,2000,73015
9,1,4000,76083
9,2,6000,77890
9,3,8000,79715
9,4,10000,80455
9,5,12000,81239
9,6,14000,82309
9,7,16000,82883
9,8,18000,83413
9,9,20000,83961
9,10,22000,84206
9,11,24000,84638
9,12,26000,84676
9,13,28000,84824
9,14,30000,85353
9,15,32000,85426
9,16,34000,85593
9,17,36000,85849
9,18,38000,85916
9,19,40000,86088
9,20,42000,86217
9,21,44000,86384
9,22,46000,86471
9,23,48000,86568
9,24,50000,86708
9,25,52000,86931
9,26,54000,87030
9,27,56000,87099
9,28,58000,87189
9,29,60000,87216
9,30,62000,87287
9,31,64000,87330
9,32,66000,87403
9,33,68000,87473
9,34,70000,87524
9,35,72000,87621
9,36,74000,87667
9,37,76000,87711
9,38,78000,87781
9,39,80000,87810
9,40,82000,87876
9,41,84000,87890
9,42,86000,87908
9,43,88000,87920
9,44,90000,87989
9,45,92000,88008
9,46,94000,88037
9,47,96000,88067
9,48,98000,88106
9,49,100000,88132
9,50,102000,88156
9,51,104000,88208
9,52,106000,88218
9,53,108000,88244
9,54,110000,88248
9,55,112000,88284
9,56,114000,88312
9,57,116000,88330
9,58,118000,88348
9,59,120000,88361
9,60,122000,88378
9,61,124000,88402
9,62,126000,88430
9,63,128000,88443
9,64,130000,88450
9,65,132000,88461
9,66,134000,88465
9,67,136000,88474
9,68,138000,88504
9,69,140000,88506
9,70,142000,88533
9,71,144000,88537
9,72,146000,88551
9,73,148000,88551
9,74,150000,88553
9,75,152000,88563
9,76,154000,88572
9,77,156000,88572
9,78,158000,88587
9,79,160000,88588
9,80,162000,88596
9,81,164000,88601
9,82,166000,88612
9,83,168000,88616
9,84,170000,88635
9,85,172000,88635
9,86,174000,88648
9,87,176000,88651
9,88,178000,88651
9,89,180000,88651
9,90,182000,88652
9,91,184000,88665
9,92,186000,88665
9,93,188000,88665
9,94,190000,88673
9,95,192000,88673
9,96,194000,88695
9,97,196000,88695
9,98,198000,88700
9,99,200000,88702
9,100,202000,88703
9,101,204000,88711
9,102,206000,88712
9,103,208000,88717
9,104,210000,88727
9,105,212000,88730
9,106,214000,88738
9,107,216000,88738
9,108,218000,88739
9,109,220000,88741
9,110,222000,88743
9,111,224000,88752
9,112,226000,88753
9,113,228000,88755
9,114,230000,88760
9,115,232000,88761
9,116,234000,88761
9,117,236000,88769
9,118,238000,88769
9,119,240000,88769
9,120,242000,88771
9,121,244000,88771
9,122,246000,88771
9,123,248000,88771
9,124,250000,88771
9,125,252000,88771
9,126,254000,88771
9,127,256000,88771
9,128,258000,88771
9,129,260000,88771
9,130,262000,88774
9,131,264000,88775
9,132,266000,88775
9,133,268000,88779
9,134,270000,88785
9,135,272000,88785
9,136,274000,88785
9,137,276000,88793
9,138,278000,88793
9,139,280000,88793
9,140,282000,88797
9,141,284000,88797
9,142,286000,88797
9,143,288000,88797
9,144,290000,88797
9,145,292000,88797
9,146,294000,88797
9,147,296000,88797
9,148,298000,88797
9,149,300000,88797
9,150,302000,88797
9,151,304000,88808
9,152,306000,88808
9,153,308000,88808
9,154,310000,88808
9,155,312000,88809
9,156,314000,88809
9,157,316000,88836
9,158,318000,88836
9,159,320000,88851
9,160,322000,88851
9,161,324000,88859
9,162,326000,88859
9,163,328000,88861
9,164,330000,88862
9,165,332000,88863
9,166,334000,88865
9,167,336000,88865
9,168,338000,88865
9,169,340000,88865
9,170,342000,88865
9,171,344000,88865
9,172,346000,88869
9,173,348000,88869
9,174,350000,88869
9,175,352000,88869
9,176,354000,88869
9,177,356000,88869
9,178,358000,88869
9,179,360000,88869
9,180,362000,88869
9,181,364000,88869
9,182,366000,88869
9,183,368000,88869
9,184,370000,88869
9,185,372000,88869
9,186,374000,88869
9,187,376000,88869
9,188,378000,88869
9,189,380000,88869
9,190,382000,88869
9,191,384000,88869
9,192,386000,88869
9,193,388000,88869
9,194,390000,88869
9,195,392000,88869
9,196,394000,88869
9,197,396000,88869
9,198,398000,88869
9,199,400000,88869
9,200,402000,88869
9,201,404000,88869
9,202,406000,88869
9,203,408000,88869
9,204,410000,88869
9,205,412000,88869
9,206,414000,88873
9,207,416000,88873
9,208,418000,88873
9,209,420000,88873
9,210,422000,88873
9,211,424000,88873
9,212,426000,88873
9,213,428000,88873
9,214,430000,88873
9,215,432000,88873
9,216,434000,88877
9,217,436000,88877
9,218,438000,88877
9,219,440000,88877
9,220,442000,88877
9,221,444000,88877
9,222,446000,88881
9,223,448000,88881
9,224,450000,88881
9,225,452000,88881
9,226,454000,88881
9,227,456000,88881
9,228,458000,88881
9,229,460000,88892
9,230,462000,88892
9,231,464000,88892
9,232,466000,88892
9,233,468000,88892
9,234,470000,88892
9,235,472000,88892
9,236,474000,88892
9,237,476000,88892
9,238,478000,88901
9,239,480000,88901
9,240,482000,88901
9,241,484000,88901
9,242,486000,88901
9,243,488000,88901
9,244,490000,88901
9,245,492000,88901
9,246,494000,88901
9,247,496000,88901
9,248,498000,88901
9,249,500000,88901
9,250,502000,88901
9,251,504000,88903
9,252,506000,88903
9,253,508000,88903
9,254,510000,88903
9,255,512000,88904
9,256,514000,88904
9,257,516000,88904
9,258,518000,88904
9,259,520000,88904
9,260,522000,88904
9,261,524000,88904
9,262,526000,88904
9,263,528000,88904
9,264,530000,88904
9,265,532000,88904
9,266,534000,88904
9,267,536000,88904
9,268,538000,88910
9,269,540000,88910
9,270,542000,88910
9,271,544000,88910
9,272,546000,88917
9,273,548000,88917
9,274,550000,88917
9,275,552000,88917
9,276,554000,88919
9,277,556000,88920
9,278,558000,88920
9,279,560000,88920
9,280,562000,88936
9,281,564000,88944
9,282,566000,88944
9,283,568000,88952
9,284,570000,88952
9,285,572000,88954
9,286,574000,88957
9,287,576000,88957
9,288,578000,88957
9,289,580000,88960
9,290,582000,88961
9,291,584000,88961
9,292,586000,88962
9,293,588000,88962
9,294,590000,88964
9,295,592000,88964
9,296,594000,88967
9,297,596000,88967
9,298,598000,88967
9,299,600000,88977
9,300,602000,88977
9,301,604000,88977
9,302,606000,88977
9,303,608000,88977
9,304,610000,88977
9,305,612000,88977
9,306,614000,88977
9,307,616000,88977
9,308,618000,88977
9,309,620000,88977
9,310,622000,88977
9,311,624000,88977
9,312,626000,88977
9,313,628000,88977
9,314,630000,88977
9,315,632000,88977
9,316,634000,88977
9,317,636000,88977
9,318,638000,88977
9,319,640000,88977
9,320,642000,88977
9,321,644000,88977
9,322,646000,88977
9,323,648000,88977
9,324,650000,88977
9,325,652000,88977
9,326,654000,88977
9,327,656000,88977
9,328,658000,88977
9,329,660000,88977
9,330,662000,88977
9,331,664000,88977
9,332,666000,88977
9,333,668000,88977
9,334,670000,88977
9,335,672000,88977
9,336,674000,88977
9,337,676000,88977
9,338,678000,88977
9,339,680000,88977
9,340,682000,88977
9,341,684000,88977
9,342,686000,88977
9,343,688000,88977
9,344,690000,88977
9,345,692000,88977
9,346,694000,88977
9,347,696000,88977
9,348,698000,88977
9,349,700000,88977
9,350,702000,88977
9,351,704000,88977
9,352,706000,88977
9,353,708000,88977
9,354,710000,88977
9,355,712000,88977
9,356,714000,88977
9,357,716000,88977
9,358,718000,88977
9,359,720000,88977
9,360,722000,88977
9,361,724000,88977
9,362,726000,88977
9,363,728000,88977
9,364,730000,88977
9,365,732000,88977
9,366,734000,88977
9,367,736000,88977
9,368,738000,88977
9,369,740000,88977
9,370,742000,88977
9,371,744000,88977
9,372,746000,88977
9,373,748000,88977
9,374,750000,88977
9,375,752000,88977
9,376,754000,88977
9,377,756000,88977
9,378,758000,88977
9,379,760000,88977
9,380,762000,88977
9,381,764000,88977
9,382,766000,88977
9,383,768000,88977
9,384,770000,88977
9,385,772000,88977
9,386,774000,88977
9,387,776000,88977
9,388,778000,88977
9,389,780000,88977
9,390,782000,88977
9,391,784000,88977
9,392,786000,88977
9,393,788000,88977
9,394,790000,88977
9,395,792000,88977
9,396,794000,88977
9,397,796000,88977
9,398,798000,88977
9,399,800000,88977
9,400,802000,88977
9,401,804000,88977
9,402,806000,88977
9,403,808000,88977
9,404,810000,88977
9,405,812000,88977
9,406,814000,88977
9,407,816000,88977
9,408,818000,88977
9,409,820000,88977
9,410,822000,88977
9,411,824000,88977
9,412,826000,88977
9,413,828000,88977
9,414,830000,88977
9,415,832000,88977
9,416,834000,88977
9,417,836000,88977
9,418,838000,88977
9,419,840000,88977
9,420,842000,88977
9,421,844000,88977
9,422,846000,88977
9,423,848000,88977
9,424,850000,88977
9,425,852000,88977
9,426,854000,88977
9,427,856000,88977
9,428,858000,88977
9,429,860000,88977
9,430,862000,88977
9,431,864000,88977
9,432,866000,88977
9,433,868000,88977
9,434,870000,88977
9,435,872000,88977
9,436,874000,88977
9,437,876000,88977
9,438,878000,88977
9,439,880000,88977
9,440,882000,88977
9,441,884000,88977
9,442,886000,88977
9,443,888000,88977
9,444,890000,88977
9,445,892000,88977
9,446,894000,88977
9,447,896000,88977
9,448,898000,88977
9,449,900000,88977
9,450,902000,88977
9,451,904000,88977
9,452,906000,88977
9,453,908000,88977
9,454,910000,88977
9,455,912000,88977
9,456,914000,88977
9,457,916000,88977
9,458,918000,88977
9,459,920000,88977
9,460,922000,88977
9,461,924000,88977
9,462,926000,88977
9,463,928000,88977
9,464,930000,88977
9,465,932000,88977
9,466,934000,88977
9,467,936000,88977
9,468,938000,88977
9,469,940000,88977
9,470,942000,88977
9,471,944000,88977
9,472,946000,88977
9,473,948000,88981
9,474,950000,88981
9,475,952000,88981
9,476,954000,88981
9,477,956000,88981
9,478,958000,88981
9,479,960000,88981
9,480,962000,88981
9,481,964000,88981
9,482,966000,88981
9,483,968000,88981
9,484,970000,88981
9,485,972000,88981
9,486,974000,88981
9,487,976000,88981
9,488,978000,88981
9,489,980000,88981
9,490,982000,88981
9,491,984000,88981
9,492,986000,88981
9,493,988000,88981
9,494,990000,88981
9,495,992000,88981
9,496,994000,88981
9,497,996000,88981
9,498,998000,88981
9,499,1000000,88981
10,0,2000,73216
10,1,4000,76538
10,2,6000,78988
10,3,8000,79512
10,4,10000,80666
10,5,12000,81521
10,6,14000,82384
10,7,16000,83229
10,8,18000,84102
10,9,20000,84426
10,10,22000,84627
10,11,24000,84952
10,12,26000,85131
10,13,28000,85542
10,14,30000,85896
10,15,32000,85896
10,16,34000,85928
10,17,36000,86077
10,18,38000,86209
10,19,40000,86306
10,20,42000,86385
10,21,44000,86567
10,22,46000,86590
10,23,48000,86709
10,24,50000,86856
10,25,52000,86905
10,26,54000,87023
10,27,56000,87029
10,28,58000,87102
10,29,60000,87146
10,30,62000,87192
10,31,64000,87250
10,32,66000,87330
10,33,68000,87391
10,34,70000,87494
10,35,72000,87570
10,36,74000,87633
10,37,76000,87640
10,38,78000,87678
10,39,80000,87753
10,40,82000,87804
10,41,84000,87816
10,42,86000,87883
10,43,88000,87883
10,44,90000,87895
10,45,92000,87920
10,46,94000,87979
10,47,96000,88007
10,48,98000,88030
10,49,100000,88074
10,50,102000,88088
10,51,104000,88092
10,52,106000,88110
10,53,108000,88127
10,54,110000,88153
10,55,112000,88153
10,56,114000,88180
10,57,116000,88211
10,58,118000,88227
10,59,120000,88246
10,60,122000,88257
10,61,124000,88283
10,62,126000,88298
10,63,128000,88340
10,64,130000,88368
10,65,132000,88368
10,66,134000,88392
10,67,136000,88405
10,68,138000,88411
10,69,140000,88421
10,70,142000,88422
10,71,144000,88438
10,72,146000,88441
10,73,148000,88454
10,74,150000,88469
10,75,152000,88477
10,76,154000,88485
10,77,156000,88504
10,78,158000,88504
10,79,160000,88516
10,80,162000,88532
10,81,164000,88538
10,82,166000,88538
10,83,168000,88561
10,84,170000,88576
10,85,172000,88579
10,86,174000,88579
10,87,176000,88588
10,88,178000,88601
10,89,180000,88604
10,90,182000,88609
10,91,184000,88615
10,92,186000,88622
10,93,188000,88623
10,94,190000,88627
10,95,192000,88627
10,96,194000,88635
10,97,196000,88635
10,98,198000,88645
10,99,200000,88651
10,100,202000,88651
10,101,204000,88657
10,102,206000,88666
10,103,208000,88674
10,104,210000,88679
10,105,212000,88697
10,106,214000,88711
10,107,216000,88719
10,108,218000,88719
10,109,220000,88719
10,110,222000,88726
10,111,224000,88726
10,112,226000,88736
10,113,228000,88736
10,114,230000,88736
10,115,232000,88740
10,116,234000,88744
10,117,236000,88745
10,118,238000,88749
10,119,240000,88753
10,120,242000,88759
10,121,244000,88759
10,122,246000,88760
10,123,248000,88760
10,124,250000,88760
10,125,252000,88763
10,126,254000,88764
10,127,256000,88764
10,128,258000,88764
10,129,260000,88764
10,130,262000,88764
10,131,264000,88764
10,132,266000,88764
10,133,268000,88764
10,134,270000,88764
10,135,272000,88764
10,136,274000,88764
10,137,276000,88764
10,138,278000,88768
10,139,280000,88768
10,140,282000,88772
10,141,284000,88772
10,142,286000,88772
10,143,288000,88772
10,144,290000,88772
10,145,292000,88772
10,146,294000,88778
10,147,296000,88781
10,148,298000,88782
10,149,300000,88796
10,150,302000,88797
10,151,304000,88797
10,152,306000,88799
10,153,308000,88799
10,154,310000,88814
10,155,312000,88815
10,156,314000,88815
10,157,316000,88815
10,158,318000,88815
10,159,320000,88815
10,160,322000,88815
10,161,324000,88815
10,162,326000,88815
10,163,328000,88815
10,164,330000,88815
10,165,332000,88838
10,166,334000,88838
10,167,336000,88838
10,168,338000,88838
10,169,340000,88838
10,170,342000,88838
10,171,344000,88838
10,172,346000,88838
10,173,348000,88842
10,174,350000,88842
10,175,352000,88842
10,176,354000,88842
10,177,356000,88842
10,178,358000,88842
10,179,360000,88842
10,180,362000,88842
10,181,364000,88842
10,182,366000,88842
10,183,368000,88842
10,184,370000,88842
10,185,372000,88842
10,186,374000,88842
10,187,376000,88842
10,188,378000,88842
10,189,380000,88842
10,190,382000,88842
10,191,384000,88842
10,192,386000,88842
10,193,388000,88842
10,194,390000,88842
10,195,392000,88842
10,196,394000,88842
10,197,396000,88846
10,198,398000,88846
10,199,400000,88846
10,200,402000,88846
10,201,404000,88846
10,202,406000,88846
10,203,408000,88846
10,204,410000,88846
10,205,412000,88846
10,206,414000,88846
10,207,416000,88846
10,208,418000,88846
10,209,420000,88846
10,210,422000,88846
10,211,424000,88846
10,212,426000,88850
10,213,428000,88850
10,214,430000,88850
10,215,432000,88850
10,216,434000,88850
10,217,436000,88850
10,218,438000,88850
10,219,440000,88850
10,220,442000,88850
10,221,444000,88854
10,222,446000,88854
10,223,448000,88854
10,224,450000,88854
10,225,452000,88854
10,226,454000,88854
10,227,456000,88854
10,228,458000,88854
10,229,460000,88854
10,230,462000,88854
10,231,464000,88854
10,232,466000,88854
10,233,468000,88854
10,234,470000,88854
10,235,472000,88858
10,236,474000,88858
10,237,476000,88858
10,238,478000,88858
10,239,480000,88858
10,240,482000,88858
10,241,484000,88858
10,242,486000,88858
10,243,488000,88858
10,244,490000,88858
10,245,492000,88858
10,246,494000,88858
10,247,496000,88858
10,248,498000,88858
10,249,500000,88858
10,250,502000,88858
10,251,504000,88858
10,252,506000,88858
10,253,508000,88858
10,254,510000,88858
10,255,512000,88858
10,256,514000,88858
10,257,516000,88858
10,258,518000,88858
10,259,520000,88858
10,260,522000,88858
10,261,524000,88858
10,262,526000,88858
10,263,528000,88858
10,264,530000,88858
10,265,532000,88858
10,266,534000,88858
10,267,536000,88858
10,268,538000,88858
10,269,540000,88858
10,270,542000,88858
10,271,544000,88858
10,272,546000,88858
10,273,548000,88858
10,274,550000,88858
10,275,552000,88858
10,276,554000,88869
10,277,556000,88869
10,278,558000,88869
10,279,560000,88869
10,280,562000,88869
10,281,564000,88869
10,282,566000,88869
10,283,568000,88869
10,284,570000,88869
10,285,572000,88869
10,286,574000,88869
10,287,576000,88869
10,288,578000,88869
10,289,580000,88869
10,290,582000,88869
10,291,584000,88869
10,292,586000,88869
10,293,588000,88869
10,294,590000,88869
10,295,592000,88869
10,296,594000,88869
10,297,596000,88869
10,298,598000,88869
10,299,600000,88869
10,300,602000,88869
10,301,604000,88869
10,302,606000,88869
10,303,608000,88869
10,304,610000,88869
10,305,612000,88869
10,306,614000,88869
10,307,616000,88869
10,308,618000,88869
10,309,620000,88869
10,310,622000,88869
10,311,624000,88869
10,312,626000,88869
10,313,628000,88869
10,314,630000,88869
10,315,632000,88869
10,316,634000,88869
10,317,636000,88869
10,318,638000,88869
10,319,640000,88869
10,320,642000,88869
10,321,644000,88869
10,322,646000,88869
10,323,648000,88869
10,324,650000,88869
10,325,652000,88869
10,326,654000,88869
10,327,656000,88869
10,328,658000,88869
10,329,660000,88869
10,330,662000,88869
10,331,664000,88869
10,332,666000,88869
10,333,668000,88869
10,334,670000,88869
10,335,672000,88869
10,336,674000,88869
10,337,676000,88869
10,338,678000,88869
10,339,680000,88869
10,340,682000,88869
10,341,684000,88869
10,342,686000,88869
10,343,688000,88869
10,344,690000,88869
10,345,692000,88869
10,346,694000,88869
10,347,696000,88869
10,348,698000,88869
10,349,700000,88869
10,350,702000,88869
10,351,704000,88869
10,352,706000,88869
10,353,708000,88869
10,354,710000,88869
10,355,712000,88869
10,356,714000,88869
10,357,716000,88869
10,358,718000,88869
10,359,720000,88869
10,360,722000,88869
10,361,724000,88869
10,362,726000,88869
10,363,728000,88869
10,364,730000,88869
10,365,732000,88869
10,366,734000,88869
10,367,736000,88869
10,368,738000,88869
10,369,740000,88869
10,370,742000,88869
10,371,744000,88869
10,372,746000,88878
10,373,748000,88878
10,374,750000,88878
10,375,752000,88878
10,376,754000,88878
10,377,756000,88878
10,378,758000,88878
10,379,760000,88878
10,380,762000,88878
10,381,764000,88878
10,382,766000,88878
10,383,768000,88878
10,384,770000,88878
10,385,772000,88878
10,386,774000,88878
10,387,776000,88878
10,388,778000,88878
10,389,780000,88878
10,390,782000,88878
10,391,784000,88878
10,392,786000,88882
10,393,788000,88882
10,394,790000,88882
10,395,792000,88882
10,396,794000,88882
10,397,796000,88882
10,398,798000,88882
10,399,800000,88882
10,400,802000,88882
10,401,804000,88882
10,402,806000,88882
10,403,808000,88882
10,404,810000,88882
10,405,812000,88882
10,406,814000,88882
10,407,816000,88882
10,408,818000,88882
10,409,820000,88882
10,410,822000,88882
10,411,824000,88882
10,412,826000,88882
10,413,828000,88882
10,414,830000,88882
10,415,832000,88882
10,416,834000,88882
10,417,836000,88882
10,418,838000,88882
10,419,840000,88882
10,420,842000,88882
10,421,844000,88882
10,422,846000,88882
10,423,848000,88882
10,424,850000,88882
10,425,852000,88882
10,426,854000,88882
10,427,856000,88882
10,428,858000,88882
10,429,860000,88882
10,430,862000,88882
10,431,864000,88882
10,432,866000,88882
10,433,868000,88882
10,434,870000,88882
10,435,872000,88882
10,436,874000,88882
10,437,876000,88882
10,438,878000,88882
10,439,880000,88882
10,440,882000,88882
10,441,884000,88882
10,442,886000,88882
10,443,888000,88882
10,444,890000,88882
10,445,892000,88882
10,446,894000,88882
10,447,896000,88882
10,448,898000,88882
10,449,900000,88882
10,450,902000,88882
10,451,904000,88882
10,452,906000,88882
10,453,908000,88882
10,454,910000,88882
10,455,912000,88882
10,456,914000,88882
10,457,916000,88882
10,458,918000,88882
10,459,920000,88882
10,460,922000,88882
10,461,924000,88882
10,462,926000,88882
10,463,928000,88882
10,464,930000,88882
10,465,932000,88882
10,466,934000,88882
10,467,936000,88882
10,468,938000,88882
10,469,940000,88882
10,470,942000,88882
10,471,944000,88882
10,472,946000,88882
10,473,948000,88882
10,474,950000,88882
10,475,952000,88882
10,476,954000,88882
10,477,956000,88882
10,478,958000,88882
10,479,960000,88882
10,480,962000,88882
10,481,964000,88882
10,482,966000,88882
10,483,968000,88882
10,484,970000,88882
10,485,972000,88882
10,486,974000,88882
10,487,976000,88882
10,488,978000,88882
10,489,980000,88882
10,490,982000,88882
10,491,984000,88882
10,492,986000,88882
10,493,988000,88882
10,494,990000,88882
10,495,992000,88882
10,496,994000,88882
10,497,996000,88882
10,498,998000,88882
10,499,1000000,88882
11,0,2000,73130
11,1,4000,76336
11,2,6000,77896
11,3,8000,78920
11,4,10000,80684
11,5,12000,81575
11,6,14000,82121
11,7,16000,82808
11,8,18000,83862
11,9,20000,84109
11,10,22000,84299
11,11,24000,84581
11,12,26000,85078
11,13,28000,85276
11,14,30000,85507
11,15,32000,85708
11,16,34000,85815
11,17,36000,85983
11,18,38000,86192
11,19,40000,86244
11,20,42000,86589
11,21,44000,86608
11,22,46000,86753
11,23,48000,86753
11,24,50000,86856
11,25,52000,86964
11,26,54000,87053
11,27,56000,87083
11,28,58000,87137
11,29,60000,87211
11,30,62000,87259
11,31,64000,87318
11,32,66000,87397
11,33,68000,87512
11,34,70000,87555
11,35,72000,87566
11,36,74000,87589
11,37,76000,87615
11,38,78000,87642
11,39,80000,87708
11,40,82000,87709
11,41,84000,87761
11,42,86000,87774
11,43,88000,87797
11,44,90000,87819
11,45,92000,87844
11,46,94000,87883
11,47,96000,87890
11,48,98000,87977
11,49,100000,87988
11,50,102000,88002
11,51,104000,88014
11,52,106000,88050
11,53,108000,88072
11,54,110000,88098
11,55,112000,88103
11,56,114000,88136
11,57,116000,88168
11,58,118000,88171
11,59,120000,88188
11,60,122000,88200
11,61,124000,88205
11,62,126000,88225
11,63,128000,88248
11,64,130000,88253
11,65,132000,88268
11,66,134000,88287
11,67,136000,88305
11,68,138000,88342
11,69,140000,88353
11,70,142000,88364
11,71,144000,88367
11,72,146000,88379
11,73,148000,88388
11,74,150000,88391
11,75,152000,88408
11,76,154000,88414
11,77,156000,88426
11,78,158000,88432
11,79,160000,88450
11,80,162000,88459
11,81,164000,88465
11,82,166000,88487
11,83,168000,88499
11,84,170000,88499
11,85,172000,88509
11,86,174000,88520
11,87,176000,88522
11,88,178000,88523
11,89,180000,88528
11,90,182000,88528
11,91,184000,88543
11,92,186000,88543
11,93,188000,88546
11,94,190000,88547
11,95,192000,88549
11,96,194000,88556
11,97,196000,88559
11,98,198000,88569
11,99,200000,88569
11,100,202000,88573
11,101,204000,88577
11,102,206000,88579
11,103,208000,88583
11,104,210000,88583
11,105,212000,88591
11,106,214000,88591
11,107,216000,88591
11,108,218000,88597
11,109,220000,88598
11,110,222000,88598
11,111,224000,88614
11,112,226000,88614
11,113,228000,88615
11,114,230000,88615
11,115,232000,88615
11,116,234000,88621
11,117,236000,88621
11,118,238000,88621
11,119,240000,88635
11,120,242000,88635
11,121,244000,88635
11,122,246000,88647
11,123,248000,88647
11,124,250000,88655
11,125,252000,88655
11,126,254000,88655
11,127,256000,88657
11,128,258000,88658
11,129,260000,88661
11,130,262000,88661
11,131,264000,88666
11,132,266000,88666
11,133,268000,88667
11,134,270000,88671
11,135,272000,88672
11,136,274000,88672
11,137,276000,88683
11,138,278000,88683
11,139,280000,88695
11,140,282000,88695
11,141,284000,88701
11,142,286000,88712
11,143,288000,88713
11,144,290000,88715
11,145,292000,88715
11,146,294000,88715
11,147,296000,88717
11,148,298000,88717
11,149,300000,88717
11,150,302000,88717
11,151,304000,88717
11,152,306000,88717
11,153,308000,88717
11,154,310000,88717
11,155,312000,88717
11,156,314000,88717
11,157,316000,88717
11,158,318000,88717
11,159,320000,88717
11,160,322000,88717
11,161,324000,88717
11,162,326000,88717
11,163,328000,88717
11,164,330000,88717
11,165,332000,88717
11,166,334000,88717
11,167,336000,88717
11,168,338000,88721
11,169,340000,88721
11,170,342000,88721
11,171,344000,88721
11,172,346000,88721
11,173,348000,88721
11,174,350000,88721
11,175,352000,88721
11,176,354000,88721
11,177,356000,88721
11,178,358000,88721
11,179,360000,88725
11,180,362000,88725
11,181,364000,88725
11,182,366000,88729
11,183,368000,88729
11,184,370000,88729
11,185,372000,88729
11,186,374000,88729
11,187,376000,88729
11,188,378000,88729
11,189,380000,88729
11,190,382000,88729
11,191,384000,88729
11,192,386000,88729
11,193,388000,88733
11,194,390000,88733
11,195,392000,88733
11,196,394000,88733
11,197,396000,88733
11,198,398000,88733
11,199,400000,88733
11,200,402000,88733
11,201,404000,88733
11,202,406000,88733
11,203,408000,88733
11,204,410000,88733
11,205,412000,88733
11,206,414000,88733
11,207,416000,88733
11,208,418000,88733
11,209,420000,88733
11,210,422000,88737
11,211,424000,88737
11,212,426000,88737
11,213,428000,88737
11,214,430000,88737
11,215,432000,88748
11,216,434000,88748
11,217,436000,88748
11,218,438000,88748
11,219,440000,88748
11,220,442000,88748
11,221,444000,88748
11,222,446000,88748
11,223,448000,88748
11,224,450000,88748
11,225,452000,88748
11,226,454000,88757
11,227,456000,88757
11,228,458000,88757
11,229,460000,88757
11,230,462000,88764
11,231,464000,88764
11,232,466000,88764
11,233,468000,88764
11,234,470000,88764
11,235,472000,88764
11,236,474000,88764
11,237,476000,88764
11,238,478000,88764
11,239,480000,88764
11,240,482000,88764
11,241,484000,88764
11,242,486000,88764
11,243,488000,88764
11,244,490000,88764
11,245,492000,88764
11,246,494000,88768
11,247,496000,88768
11,248,498000,88768
11,249,500000,88768
11,250,502000,88768
11,251,504000,88768
11,252,506000,88768
11,253,508000,88768
11,254,510000,88768
11,255,512000,88768
11,256,514000,88768
11,257,516000,88768
11,258,518000,88768
11,259,520000,88768
11,260,522000,88768
11,261,524000,88768
11,262,526000,88768
11,263,528000,88768
11,264,530000,88768
11,265,532000,88768
11,266,534000,88768
11,267,536000,88768
11,268,538000,88768
11,269,540000,88768
11,270,542000,88768
11,271,544000,88768
11,272,546000,88768
11,273,548000,88768
11,274,550000,88768
11,275,552000,88768
11,276,554000,88768
11,277,556000,88768
11,278,558000,88768
11,279,560000,88768
11,280,562000,88768
11,281,564000,88768
11,282,566000,88768
11,283,568000,88768
11,284,570000,88768
11,285,572000,88768
11,286,574000,88768
11,287,576000,88768
11,288,578000,88768
11,289,580000,88768
11,290,582000,88768
11,291,584000,88768
11,292,586000,88768
11,293,588000,88768
11,294,590000,88768
11,295,592000,88768
11,296,594000,88768
11,297,596000,88768
11,298,598000,88768
11,299,600000,88768
11,300,602000,88768
11,301,604000,88768
11,302,606000,88768
11,303,608000,88768
11,304,610000,88768
11,305,612000,88768
11,306,614000,88768
11,307,616000,88768
11,308,618000,88768
11,309,620000,88768
11,310,622000,88768
11,311,624000,88768
11,312,626000,88768
11,313,628000,88768
11,314,630000,88768
11,315,632000,88768
11,316,634000,88768
11,317,636000,88768
11,318,638000,88768
11,319,640000,88768
11,320,642000,88768
11,321,644000,88768
11,322,646000,88768
11,323,648000,88768
11,324,650000,88768
11,325,652000,88768
11,326,654000,88768
11,327,656000,88768
11,328,658000,88768
11,329,660000,88768
11,330,662000,88768
11,331,664000,88768
11,332,666000,88768
11,333,668000,88768
11,334,670000,88768
11,335,672000,88768
11,336,674000,88768
11,337,676000,88768
11,338,678000,88768
11,339,680000,88768
11,340,682000,88768
11,341,684000,88768
11,342,686000,88768
11,343,688000,88768
11,344,690000,88768
11,345,692000,88768
11,346,694000,88768
11,347,696000,88768
11,348,698000,88768
11,349,700000,88768
11,350,702000,88768
11,351,704000,88768
11,352,706000,88768
11,353,708000,88768
11,354,710000,88768
11,355,712000,88768
11,356,714000,88768
11,357,716000,88768
11,358,718000,88768
11,359,720000,88768
11,360,722000,88768
11,361,724000,88768
11,362,726000,88768
11,363,728000,88768
11,364,730000,88768
11,365,732000,88768
11,366,734000,88768
11,367,736000,88768
11,368,738000,88768
11,369,740000,88768
11,370,742000,88768
11,371,744000,88768
11,372,746000,88768
11,373,748000,88768
11,374,750000,88768
11,375,752000,88768
11,376,754000,88768
11,377,756000,88768
11,378,758000,88768
11,379,760000,88768
11,380,762000,88768
11,381,764000,88768
11,382,766000,88768
11,383,768000,88768
11,384,770000,88768
11,385,772000,88768
11,386,774000,88768
11,387,776000,88768
11,388,778000,88768
11,389,780000,88768
11,390,782000,88768
11,391,784000,88768
11,392,786000,88768
11,393,788000,88768
11,394,790000,88768
11,395,792000,88768
11,396,794000,88768
11,397,796000,88768
11,398,798000,88768
11,399,800000,88768
11,400,802000,88768
11,401,804000,88768
11,402,806000,88768
11,403,808000,88768
11,404,810000,88768
11,405,812000,88768
11,406,814000,88768
11,407,816000,88768
11,408,818000,88768
11,409,820000,88768
11,410,822000,88768
11,411,824000,88768
11,412,826000,88768
11,413,828000,88768
11,414,830000,88768
11,415,832000,88768
11,416,834000,88768
11,417,836000,88768
11,418,838000,88768
11,419,840000,88768
11,420,842000,88768
11,421,844000,88768
11,422,846000,88768
11,423,848000,88768
11,424,850000,88768
11,425,852000,88768
11,426,854000,88768
11,427,856000,88768
11,428,858000,88768
11,429,860000,88768
11,430,862000,88768
11,431,864000,88768
11,432,866000,88768
11,433,868000,88768
11,434,870000,88768
11,435,872000,88768
11,436,874000,88768
11,437,876000,88768
11,438,878000,88768
11,439,880000,88768
11,440,882000,88768
11,441,884000,88768
11,442,886000,88768
11,443,888000,88768
11,444,890000,88768
11,445,892000,88768
11,446,894000,88768
11,447,896000,88768
11,448,898000,88768
11,449,900000,88768
11,450,902000,88768
11,451,904000,88768
11,452,906000,88768
11,453,908000,88768
11,454,910000,88768
11,455,912000,88768
11,456,914000,88768
11,457,916000,88768
11,458,918000,88768
11,459,920000,88768
11,460,922000,88768
11,461,924000,88768
11,462,926000,88768
11,463,928000,88768
11,464,930000,88768
11,465,932000,88768
11,466,934000,88768
11,467,936000,88768
11,468,938000,88768
11,469,940000,88768
11,470,942000,88768
11,471,944000,88768
11,472,946000,88768
11,473,948000,88768
11,474,950000,88768
11,475,952000,88768
11,476,954000,88768
11,477,956000,88768
11,478,958000,88768
11,479,960000,88768
11,480,962000,88768
11,481,964000,88768
11,482,966000,88768
11,483,968000,88768
11,484,970000,88768
11,485,972000,88768
11,486,974000,88768
11,487,976000,88768
11,488,978000,88768
11,489,980000,88768
11,490,982000,88768
11,491,984000,88768
11,492,986000,88768
11,493,988000,88768
11,494,990000,88768
11,495,992000,88768
11,496,994000,88768
11,497,996000,88768
11,498,998000,88768
11,499,1000000,88768
12,0,2000,73245
12,1,4000,75988
12,2,6000,77515
12,3,8000,79075
12,4,10000,80078
12,5,12000,81312
12,6,14000,82662
12,7,16000,82662
12,8,18000,82998
12,9,20000,83479
12,10,22000,83887
12,11,24000,84447
12,12,26000,84748
12,13,28000,84771
12,14,30000,85276
12,15,32000,85537
12,16,34000,85728
12,17,36000,86293
12,18,38000,86300
12,19,40000,86378
12,20,42000,86496
12,21,44000,86501
12,22,46000,86585
12,23,48000,86712
12,24,50000,86730
12,25,52000,86858
12,26,54000,86915
12,27,56000,87063
12,28,58000,87175
12,29,60000,87274
12,30,62000,87373
12,31,64000,87463
12,32,66000,87516
12,33,68000,87598
12,34,70000,87624
12,35,72000,87674
12,36,74000,87692
12,37,76000,87724
12,38,78000,87770
12,39,80000,87818
12,40,82000,87899
12,41,84000,87939
12,42,86000,87953
12,43,88000,87953
12,44,90000,87995
12,45,92000,88005
12,46,94000,88035
12,47,96000,88064
12,48,98000,88084
12,49,100000,88099
12,50,102000,88119
12,51,104000,88137
12,52,106000,88171
12,53,108000,88197
12,54,110000,88221
12,55,112000,88243
12,56,114000,88260
12,57,116000,88282
12,58,118000,88325
12,59,120000,88325
12,60,122000,88334
12,61,124000,88338
12,62,126000,88355
12,63,128000,88372
12,64,130000,88390
12,65,132000,88408
12,66,134000,88414
12,67,136000,88423
12,68,138000,88423
12,69,140000,88438
12,70,142000,88442
12,71,144000,88446
12,72,146000,88457
12,73,148000,88464
12,74,150000,88477
12,75,152000,88484
12,76,154000,88488
12,77,156000,88498
12,78,158000,88498
12,79,160000,88502
12,80,162000,88506
12,81,164000,88506
12,82,166000,88512
12,83,168000,88512
12,84,170000,88512
12,85,172000,88514
12,86,174000,88541
12,87,176000,88541
12,88,178000,88541
12,89,180000,88547
12,90,182000,88547
12,91,184000,88547
12,92,186000,88559
12,93,188000,88559
12,94,190000,88563
12,95,192000,88563
12,96,194000,88563
12,97,196000,88563
12,98,198000,88563
12,99,200000,88563
12,100,202000,88563
12,101,204000,88563
12,102,206000,88565
12,103,208000,88565
12,104,210000,88565
12,105,212000,88565
12,106,214000,88580
12,107,216000,88580
12,108,218000,88580
12,109,220000,88589
12,110,222000,88589
12,111,224000,88596
12,112,226000,88596
12,113,228000,88596
12,114,230000,88596
12,115,232000,88596
12,116,234000,88596
12,117,236000,88596
12,118,238000,88596
12,119,240000,88596
12,120,242000,88596
12,121,244000,88598
12,122,246000,88598
12,123,248000,88598
12,124,250000,88598
12,125,252000,88598
12,126,254000,88598
12,127,256000,88606
12,128,258000,88606
12,129,260000,88606
12,130,262000,88606
12,131,264000,88606
12,132,266000,88606
12,133,268000,88606
12,134,270000,88606
12,135,272000,88606
12,136,274000,88606
12,137,276000,88608
12,138,278000,88608
12,139,280000,88608
12,140,282000,88608
12,141,284000,88608
12,142,286000,88608
12,143,288000,88608
12,144,290000,88608
12,145,292000,88608
12,146,294000,88623
12,147,296000,88623
12,148,298000,88623
12,149,300000,88623
12,150,302000,88635
12,151,304000,88635
12,152,306000,88635
12,153,308000,88639
12,154,310000,88639
12,155,312000,88639
12,156,314000,88639
12,157,316000,88639
12,158,318000,88639
12,159,320000,88639
12,160,322000,88639
12,161,324000,88639
12,162,326000,88643
12,163,328000,88643
12,164,330000,88647
12,165,332000,88647
12,166,334000,88651
12,167,336000,88651
12,168,338000,88656
12,169,340000,88660
12,170,342000,88660
12,171,344000,88664
12,172,346000,88664
12,173,348000,88664
12,174,350000,88664
12,175,352000,88664
12,176,354000,88664
12,177,356000,88668
12,178,358000,88668
12,179,360000,88668
12,180,362000,88668
12,181,364000,88668
12,182,366000,88668
12,183,368000,88668
12,184,370000,88668
12,185,372000,88668
12,186,374000,88668
12,187,376000,88668
12,188,378000,88668
12,189,380000,88668
12,190,382000,88668
12,191,384000,88668
12,192,386000,88668
12,193,388000,88668
12,194,390000,88668
12,195,392000,88668
12,196,394000,88668
12,197,396000,88668
12,198,398000,88668
12,199,400000,88672
12,200,402000,88672
12,201,404000,88672
12,202,406000,88676
12,203,408000,88676
12,204,410000,88676
12,205,412000,88676
12,206,414000,88676
12,207,416000,88676
12,208,418000,88687
12,209,420000,88687
12,210,422000,88687
12,211,424000,88687
12,212,426000,88687
12,213,428000,88687
12,214,430000,88687
12,215,432000,88687
12,216,434000,88692
12,217,436000,88692
12,218,438000,88692
12,219,440000,88692
12,220,442000,88701
12,221,444000,88701
12,222,446000,88701
12,223,448000,88701
12,224,450000,88701
12,225,452000,88701
12,226,454000,88701
12,227,456000,88701
12,228,458000,88701
12,229,460000,88701
12,230,462000,88701
12,231,464000,88701
12,232,466000,88701
12,233,468000,88701
12,234,470000,88701
12,235,472000,88701
12,236,474000,88701
12,237,476000,88701
12,238,478000,88701
12,239,480000,88701
12,240,482000,88701
12,241,484000,88701
12,242,486000,88701
12,243,488000,88701
12,244,490000,88701
12,245,492000,88701
12,246,494000,88701
12,247,496000,88701
12,248,498000,88710
12,249,500000,88710
12,250,502000,88710
12,251,504000,88710
12,252,506000,88710
12,253,508000,88710
12,254,510000,88710
12,255,512000,88710
12,256,514000,88710
12,257,516000,88710
12,258,518000,88714
12,259,520000,88714
12,260,522000,88714
12,261,524000,88714
12,262,526000,88714
12,263,528000,88714
12,264,530000,88714
12,265,532000,88714
12,266,534000,88714
12,267,536000,88714
12,268,538000,88714
12,269,540000,88714
12,270,542000,88714
12,271,544000,88714
12,272,546000,88714
12,273,548000,88714
12,274,550000,88714
12,275,552000,88714
12,276,554000,88714
12,277,556000,88714
12,278,558000,88714
12,279,560000,88714
12,280,562000,88714
12,281,564000,88714
12,282,566000,88714
12,283,568000,88714
12,284,570000,88714
12,285,572000,88714
12,286,574000,88714
12,287,576000,88714
12,288,578000,88714
12,289,580000,88714
12,290,582000,88714
12,291,584000,88714
12,292,586000,88714
12,293,588000,88714
12,294,590000,88714
12,295,592000,88714
12,296,594000,88714
12,297,596000,88714
12,298,598000,88714
12,299,600000,88714
12,300,602000,88714
12,301,604000,88714
12,302,606000,88714
12,303,608000,88714
12,304,610000,88714
12,305,612000,88714
12,306,614000,88714
12,307,616000,88714
12,308,618000,88714
12,309,620000,88714
12,310,622000,88714
12,311,624000,88714
12,312,626000,88714
12,313,628000,88714
12,314,630000,88714
12,315,632000,88714
12,316,634000,88714
12,317,636000,88714
12,318,638000,88714
12,319,640000,88714
12,320,642000,88714
12,321,644000,88714
12,322,646000,88714
12,323,648000,88714
12,324,650000,88714
12,325,652000,88714
12,326,654000,88714
12,327,656000,88714
12,328,658000,88714
12,329,660000,88714
12,330,662000,88714
12,331,664000,88714
12,332,666000,88714
12,333,668000,88714
12,334,670000,88714
12,335,672000,88714
12,336,674000,88714
12,337,676000,88714
12,338,678000,88714
12,339,680000,88714
12,340,682000,88714
12,341,684000,88714
12,342,686000,88714
12,343,688000,88714
12,344,690000,88714
12,345,692000,88714
12,346,694000,88714
12,347,696000,88714
12,348,698000,88714
12,349,700000,88714
12,350,702000,88714
12,351,704000,88714
12,352,706000,88714
12,353,708000,88714
12,354,710000,88714
12,355,712000,88714
12,356,714000,88714
12,357,716000,88714
12,358,718000,88714
12,359,720000,88714
12,360,722000,88714
12,361,724000,88714
12,362,726000,88714
12,363,728000,88714
12,364,730000,88714
12,365,732000,88714
12,366,734000,88714
12,367,736000,88714
12,368,738000,88714
12,369,740000,88714
12,370,742000,88714
12,371,744000,88714
12,372,746000,88714
12,373,748000,88714
12,374,750000,88714
12,375,752000,88714
12,376,754000,88714
12,377,756000,88714
12,378,758000,88714
12,379,760000,88714
12,380,762000,88714
12,381,764000,88714
12,382,766000,88714
12,383,768000,88714
12,384,770000,88714
12,385,772000,88714
12,386,774000,88714
12,387,776000,88714
12,388,778000,88714
12,389,780000,88714
12,390,782000,88714
12,391,784000,88714
12,392,786000,88714
12,393,788000,88714
12,394,790000,88714
12,395,792000,88714
12,396,794000,88714
12,397,796000,88714
12,398,798000,88714
12,399,800000,88714
12,400,802000,88714
12,401,804000,88714
12,402,806000,88714
12,403,808000,88714
12,404,810000,88714
12,405,812000,88714
12,406,814000,88714
12,407,816000,88714
12,408,818000,88714
12,409,820000,88714
12,410,822000,88714
12,411,824000,88714
12,412,826000,88714
12,413,828000,88714
12,414,830000,88714
12,415,832000,88714
12,416,834000,88714
12,417,836000,88714
12,418,838000,88714
12,419,840000,88714
12,420,842000,88714
12,421,844000,88714
12,422,846000,88714
12,423,848000,88714
12,424,850000,88714
12,425,852000,88714
12,426,854000,88714
12,427,856000,88714
12,428,858000,88714
12,429,860000,88714
12,430,862000,88714
12,431,864000,88714
12,432,866000,88714
12,433,868000,88714
12,434,870000,88714
12,435,872000,88714
12,436,874000,88714
12,437,876000,88714
12,438,878000,88714
12,439,880000,88714
12,440,882000,88714
12,441,884000,88714
12,442,886000,88714
12,443,888000,88714
12,444,890000,88714
12,445,892000,88714
12,446,894000,88714
12,447,896000,88714
12,448,898000,88714
12,449,900000,88714
12,450,902000,88714
12,451,904000,88714
12,452,906000,88714
12,453,908000,88714
12,454,910000,88714
12,455,912000,88714
12,456,914000,88714
12,457,916000,88714
12,458,918000,88714
12,459,920000,88714
12,460,922000,88714
12,461,924000,88714
12,462,926000,88714
12,463,928000,88714
12,464,930000,88714
12,465,932000,88714
12,466,934000,88714
12,467,936000,88714
12,468,938000,88714
12,469,940000,88714
12,470,942000,88714
12,471,944000,88714
12,472,946000,88714
12,473,948000,88714
12,474,950000,88714
12,475,952000,88714
12,476,954000,88714
12,477,956000,88714
12,478,958000,88714
12,479,960000,88714
12,480,962000,88714
12,481,964000,88714
12,482,966000,88714
12,483,968000,88714
12,484,970000,88714
12,485,972000,88714
12,486,974000,88714
12,487,976000,88714
12,488,978000,88714
12,489,980000,88714
12,490,982000,88714
12,491,984000,88714
12,492,986000,88714
12,493,988000,88714
12,494,990000,88714
12,495,992000,88714
12,496,994000,88714
12,497,996000,88714
12,498,998000,88714
12,499,1000000,88714
13,0,2000,73588
13,1,4000,75972
13,2,6000,77945
13,3,8000,79165
13,4,10000,80148
13,5,12000,81314
13,6,14000,81755
13,7,16000,82503
13,8,18000,83474
13,9,20000,84014
13,10,22000,84251
13,11,24000,84625
13,12,26000,85046
13,13,28000,85200
13,14,30000,85336
13,15,32000,85710
13,16,34000,85710
13,17,36000,85779
13,18,38000,86151
13,19,40000,86264
13,20,42000,86401
13,21,44000,86556
13,22,46000,86609
13,23,48000,86738
13,24,50000,86934
13,25,52000,87021
13,26,54000,87040
13,27,56000,87080
13,28,58000,87147
13,29,60000,87224
13,30,62000,87272
13,31,64000,87362
13,32,66000,87458
13,33,68000,87558
13,34,70000,87713
13,35,72000,87713
13,36,74000,87792
13,37,76000,87833
13,38,78000,87845
13,39,80000,87864
13,40,82000,87887
13,41,84000,87894
13,42,86000,87904
13,43,88000,87916
13,44,90000,87931
13,45,92000,87956
13,46,94000,87978
13,47,96000,87995
13,48,98000,88024
13,49,100000,88052
13,50,102000,88079
13,51,104000,88082
13,52,106000,88097
13,53,108000,88115
13,54,110000,88134
13,55,112000,88134
13,56,114000,88155
13,57,116000,88170
13,58,118000,88207
13,59,120000,88213
13,60,122000,88238
13,61,124000,88252
13,62,126000,88265
13,63,128000,88269
13,64,130000,88278
13,65,132000,88285
13,66,134000,88302
13,67,136000,88308
13,68,138000,88324
13,69,140000,88347
13,70,142000,88350
13,71,144000,88364
13,72,146000,88380
13,73,148000,88387
13,74,150000,88399
13,75,152000,88405
13,76,154000,88412
13,77,156000,88413
13,78,158000,88422
13,79,160000,88423
13,80,162000,88425
13,81,164000,88430
13,82,166000,88436
13,83,168000,88440
13,84,170000,88460
13,85,172000,88460
13,86,174000,88472
13,87,176000,88472
13,88,178000,88478
13,89,180000,88478
13,90,182000,88478
13,91,184000,88485
13,92,186000,88494
13,93,188000,88500
13,94,190000,88504
13,95,192000,88514
13,96,194000,88518
13,97,196000,88521
13,98,198000,88526
13,99,200000,88529
13,100,202000,88531
13,101,204000,88533
13,102,206000,88533
13,103,208000,88536
13,104,210000,88536
13,105,212000,88536
13,106,214000,88537
13,107,216000,88548
13,108,218000,88549
13,109,220000,88549
13,110,222000,88550
13,111,224000,88553
13,112,226000,88553
13,113,228000,88554
13,114,230000,88556
13,115,232000,88557
13,116,234000,88563
13,117,236000,88563
13,118,238000,88563
13,119,240000,88566
13,120,242000,88581
13,121,244000,88581
13,122,246000,88584
13,123,248000,88586
13,124,250000,88586
13,125,252000,88592
13,126,254000,88592
13,127,256000,88592
13,128,258000,88592
13,129,260000,88592
13,130,262000,88592
13,131,264000,88592
13,132,266000,88592
13,133,268000,88592
13,134,270000,88592
13,135,272000,88592
13,136,274000,88592
13,137,276000,88592
13,138,278000,88592
13,139,280000,88592
13,140,282000,88592
13,141,284000,88592
13,142,286000,88592
13,143,288000,88594
13,144,290000,88594
13,145,292000,88594
13,146,294000,88609
13,147,296000,88609
13,148,298000,88609
13,149,300000,88613
13,150,302000,88613
13,151,304000,88623
13,152,306000,88623
13,153,308000,88623
13,154,310000,88623
13,155,312000,88623
13,156,314000,88635
13,157,316000,88635
13,158,318000,88635
13,159,320000,88637
13,160,322000,88637
13,161,324000,88637
13,162,326000,88637
13,163,328000,88638
13,164,330000,88638
13,165,332000,88638
13,166,334000,88638
13,167,336000,88644
13,168,338000,88644
13,169,340000,88644
13,170,342000,88648
13,171,344000,88648
13,172,346000,88649
13,173,348000,88652
13,174,350000,88652
13,175,352000,88653
13,176,354000,88653
13,177,356000,88658
13,178,358000,88658
13,179,360000,88658
13,180,362000,88658
13,181,364000,88658
13,182,366000,88658
13,183,368000,88658
13,184,370000,88658
13,185,372000,88658
13,186,374000,88658
13,187,376000,88658
13,188,378000,88658
13,189,380000,88658
13,190,382000,88658
13,191,384000,88662
13,192,386000,88662
13,193,388000,88662
13,194,390000,88662
13,195,392000,88662
13,196,394000,88662
13,197,396000,88662
13,198,398000,88662
13,199,400000,88662
13,200,402000,88662
13,201,404000,88662
13,202,406000,88662
13,203,408000,88662
13,204,410000,88662
13,205,412000,88662
13,206,414000,88662
13,207,416000,88662
13,208,418000,88662
13,209,420000,88662
13,210,422000,88666
13,211,424000,88666
13,212,426000,88666
13,213,428000,88666
13,214,430000,88666
13,215,432000,88666
13,216,434000,88670
13,217,436000,88670
13,218,438000,88670
13,219,440000,88670
13,220,442000,88672
13,221,444000,88672
13,222,446000,88681
13,223,448000,88683
13,224,450000,88683
13,225,452000,88683
13,226,454000,88683
13,227,456000,88683
13,228,458000,88683
13,229,460000,88683
13,230,462000,88683
13,231,464000,88683
13,232,466000,88683
13,233,468000,88683
13,234,470000,88683
13,235,472000,88683
13,236,474000,88683
13,237,476000,88683
13,238,478000,88683
13,239,480000,88692
13,240,482000,88692
13,241,484000,88692
13,242,486000,88693
13,243,488000,88693
13,244,490000,88693
13,245,492000,88693
13,246,494000,88694
13,247,496000,88694
13,248,498000,88694
13,249,500000,88694
13,250,502000,88694
13,251,504000,88694
13,252,506000,88694
13,253,508000,88694
13,254,510000,88694
13,255,512000,88694
13,256,514000,88694
13,257,516000,88694
13,258,518000,88694
13,259,520000,88694
13,260,522000,88694
13,261,524000,88694
13,262,526000,88694
13,263,528000,88694
13,264,530000,88694
13,265,532000,88698
13,266,534000,88698
13,267,536000,88698
13,268,538000,88698
13,269,540000,88698
13,270,542000,88698
13,271,544000,88698
13,272,546000,88698
13,273,548000,88698
13,274,550000,88698
13,275,552000,88698
13,276,554000,88698
13,277,556000,88698
13,278,558000,88698
13,279,560000,88698
13,280,562000,88698
13,281,564000,88698
13,282,566000,88698
13,283,568000,88698
13,284,570000,88698
13,285,572000,88698
13,286,574000,88698
13,287,576000,88698
13,288,578000,88698
13,289,580000,88698
13,290,582000,88698
13,291,584000,88698
13,292,586000,88698
13,293,588000,88698
13,294,590000,88698
13,295,592000,88698
13,296,594000,88698
13,297,596000,88698
13,298,598000,88698
13,299,600000,88698
13,300,602000,88698
13,301,604000,88698
13,302,606000,88698
13,303,608000,88698
13,304,610000,88698
13,305,612000,88698
13,306,614000,88698
13,307,616000,88698
13,308,618000,88698
13,309,620000,88698
13,310,622000,88698
13,311,624000,88698
13,312,626000,88698
13,313,628000,88698
13,314,630000,88698
13,315,632000,88698
13,316,634000,88698
13,317,636000,88698
13,318,638000,88698
13,319,640000,88698
13,320,642000,88698
13,321,644000,88698
13,322,646000,88698
13,323,648000,88698
13,324,650000,88698
13,325,652000,88698
13,326,654000,88698
13,327,656000,88698
13,328,658000,88698
13,329,660000,88698
13,330,662000,88698
13,331,664000,88698
13,332,666000,88698
13,333,668000,88698
13,334,670000,88698
13,335,672000,88698
13,336,674000,88698
13,337,676000,88698
13,338,678000,88698
13,339,680000,88698
13,340,682000,88698
13,341,684000,88698
13,342,686000,88698
13,343,688000,88698
13,344,690000,88698
13,345,692000,88698
13,346,694000,88698
13,347,696000,88698
13,348,698000,88698
13,349,700000,88698
13,350,702000,88698
13,351,704000,88698
13,352,706000,88698
13,353,708000,88698
13,354,710000,88698
13,355,712000,88698
13,356,714000,88698
13,357,716000,88698
13,358,718000,88698
13,359,720000,88698
13,360,722000,88698
13,361,724000,88698
13,362,726000,88698
13,363,728000,88698
13,364,730000,88698
13,365,732000,88698
13,366,734000,88698
13,367,736000,88698
13,368,738000,88698
13,369,740000,88698
13,370,742000,88698
13,371,744000,88698
13,372,746000,88698
13,373,748000,88698
13,374,750000,88698
13,375,752000,88698
13,376,754000,88698
13,377,756000,88698
13,378,758000,88698
13,379,760000,88698
13,380,762000,88698
13,381,764000,88698
13,382,766000,88698
13,383,768000,88698
13,384,770000,88698
13,385,772000,88698
13,386,774000,88698
13,387,776000,88698
13,388,778000,88698
13,389,780000,88698
13,390,782000,88698
13,391,784000,88698
13,392,786000,88698
13,393,788000,88698
13,394,790000,88698
13,395,792000,88698
13,396,794000,88698
13,397,796000,88698
13,398,798000,88698
13,399,800000,88698
13,400,802000,88698
13,401,804000,88698
13,402,806000,88698
13,403,808000,88698
13,404,810000,88698
13,405,812000,88698
13,406,814000,88698
13,407,816000,88698
13,408,818000,88698
13,409,820000,88698
13,410,822000,88698
13,411,824000,88698
13,412,826000,88698
13,413,828000,88698
13,414,830000,88698
13,415,832000,88698
13,416,834000,88698
13,417,836000,88698
13,418,838000,88698
13,419,840000,88698
13,420,842000,88698
13,421,844000,88698
13,422,846000,88698
13,423,848000,88698
13,424,850000,88698
13,425,852000,88698
13,426,854000,88698
13,427,856000,88698
13,428,858000,88698
13,429,860000,88698
13,430,862000,88698
13,431,864000,88698
13,432,866000,88698
13,433,868000,88698
13,434,870000,88698
13,435,872000,88698
13,436,874000,88698
13,437,876000,88698
13,438,878000,88698
13,439,880000,88698
13,440,882000,88698
13,441,884000,88698
13,442,886000,88698
13,443,888000,88698
13,444,890000,88698
13,445,892000,88698
13,446,894000,88698
13,447,896000,88698
13,448,898000,88698
13,449,900000,88698
13,450,902000,88698
13,451,904000,88698
13,452,906000,88698
13,453,908000,88698
13,454,910000,88698
13,455,912000,88698
13,456,914000,88698
13,457,916000,88698
13,458,918000,88698
13,459,920000,88698
13,460,922000,88698
13,461,924000,88698
13,462,926000,88698
13,463,928000,88698
13,464,930000,88698
13,465,932000,88698
13,466,934000,88698
13,467,936000,88698
13,468,938000,88698
13,469,940000,88698
13,470,942000,88698
13,471,944000,88698
13,472,946000,88698
13,473,948000,88698
13,474,950000,88698
13,475,952000,88698
13,476,954000,88698
13,477,956000,88698
13,478,958000,88698
13,479,960000,88698
13,480,962000,88698
13,481,964000,88698
13,482,966000,88698
13,483,968000,88698
13,484,970000,88698
13,485,972000,88698
13,486,974000,88698
13,487,976000,88698
13,488,978000,88698
13,489,980000,88698
13,490,982000,88698
13,491,984000,88698
13,492,986000,88698
13,493,988000,88698
13,494,990000,88698
13,495,992000,88698
13,496,994000,88698
13,497,996000,88698
13,498,998000,88698
13,499,1000000,88698
14,0,2000,73170
14,1,4000,76195
14,2,6000,77826
14,3,8000,79144
14,4,10000,80810
14,5,12000,81571
14,6,14000,82089
14,7,16000,82555
14,8,18000,82857
14,9,20000,83384
14,10,22000,83739
14,11,24000,84072
14,12,26000,84827
14,13,28000,85103
14,14,30000,85314
14,15,32000,85431
14,16,34000,85671
14,17,36000,85732
14,18,38000,85858
14,19,40000,86069
14,20,42000,86116
14,21,44000,86244
14,22,46000,86353
14,23,48000,86459
14,24,50000,86712
14,25,52000,86728
14,26,54000,86833
14,27,56000,86921
14,28,58000,87164
14,29,60000,87198
14,30,62000,87302
14,31,64000,87314
14,32,66000,87380
14,33,68000,87415
14,34,70000,87443
14,35,72000,87553
14,36,74000,87570
14,37,76000,87617
14,38,78000,87646
14,39,80000,87698
14,40,82000,87743
14,41,84000,87807
14,42,86000,87829
14,43,88000,87876
14,44,90000,87922
14,45,92000,87980
14,46,94000,88033
14,47,96000,88087
14,48,98000,88096
14,49,100000,88125
14,50,102000,88128
14,51,104000,88154
14,52,106000,88165
14,53,108000,88176
14,54,110000,88212
14,55,112000,88218
14,56,114000,88232
14,57,116000,88245
14,58,118000,88261
14,59,120000,88282
14,60,122000,88295
14,61,124000,88314
14,62,126000,88359
14,63,128000,88372
14,64,130000,88395
14,65,132000,88402
14,66,134000,88412
14,67,136000,88413
14,68,138000,88420
14,69,140000,88427
14,70,142000,88432
14,71,144000,88436
14,72,146000,88441
14,73,148000,88452
14,74,150000,88454
14,75,152000,88469
14,76,154000,88475
14,77,156000,88483
14,78,158000,88483
14,79,160000,88483
14,80,162000,88504
14,81,164000,88504
14,82,166000,88504
14,83,168000,88508
14,84,170000,88536
14,85,172000,88536
14,86,174000,88536
14,87,176000,88549
14,88,178000,88558
14,89,180000,88558
14,90,182000,88565
14,91,184000,88567
14,92,186000,88568
14,93,188000,88586
14,94,190000,88586
14,95,192000,88603
14,96,194000,88610
14,97,196000,88610
14,98,198000,88612
14,99,200000,88623
14,100,202000,88623
14,101,204000,88634
14,102,206000,88643
14,103,208000,88647
14,104,210000,88649
14,105,212000,88653
14,106,214000,88653
14,107,216000,88658
14,108,218000,88665
14,109,220000,88674
14,110,222000,88676
14,111,224000,88683
14,112,226000,88683
14,113,228000,88686
14,114,230000,88689
14,115,232000,88703
14,116,234000,88705
14,117,236000,88707
14,118,238000,88710
14,119,240000,88722
14,120,242000,88722
14,121,244000,88727
14,122,246000,88745
14,123,248000,88745
14,124,250000,88757
14,125,252000,88765
14,126,254000,88772
14,127,256000,88772
14,128,258000,88782
14,129,260000,88782
14,130,262000,88783
14,131,264000,88783
14,132,266000,88796
14,133,268000,88797
14,134,270000,88797
14,135,272000,88797
14,136,274000,88805
14,137,276000,88805
14,138,278000,88805
14,139,280000,88813
14,140,282000,88813
14,141,284000,88813
14,142,286000,88817
14,143,288000,88817
14,144,290000,88817
14,145,292000,88821
14,146,294000,88832
14,147,296000,88832
14,148,298000,88832
14,149,300000,88832
14,150,302000,88832
14,151,304000,88832
14,152,306000,88832
14,153,308000,88836
14,154,310000,88836
14,155,312000,88848
14,156,314000,88848
14,157,316000,88848
14,158,318000,88848
14,159,320000,88848
14,160,322000,88848
14,161,324000,88848
14,162,326000,88848
14,163,328000,88848
14,164,330000,88848
14,165,332000,88857
14,166,334000,88857
14,167,336000,88857
14,168,338000,88857
14,169,340000,88857
14,170,342000,88857
14,171,344000,88857
14,172,346000,88861
14,173,348000,88861
14,174,350000,88861
14,175,352000,88861
14,176,354000,88861
14,177,356000,88861
14,178,358000,88861
14,179,360000,88861
14,180,362000,88861
14,181,364000,88861
14,182,366000,88861
14,183,368000,88861
14,184,370000,88861
14,185,372000,88861
14,186,374000,88861
14,187,376000,88865
14,188,378000,88865
14,189,380000,88865
14,190,382000,88865
14,191,384000,88869
14,192,386000,88869
14,193,388000,88869
14,194,390000,88869
14,195,392000,88869
14,196,394000,88869
14,197,396000,88869
14,198,398000,88869
14,199,400000,88869
14,200,402000,88869
14,201,404000,88869
14,202,406000,88873
14,203,408000,88873
14,204,410000,88873
14,205,412000,88873
14,206,414000,88873
14,207,416000,88873
14,208,418000,88873
14,209,420000,88873
14,210,422000,88877
14,211,424000,88877
14,212,426000,88877
14,213,428000,88888
14,214,430000,88888
14,215,432000,88888
14,216,434000,88888
14,217,436000,88888
14,218,438000,88888
14,219,440000,88888
14,220,442000,88888
14,221,444000,88888
14,222,446000,88888
14,223,448000,88888
14,224,450000,88888
14,225,452000,88888
14,226,454000,88888
14,227,456000,88888
14,228,458000,88888
14,229,460000,88888
14,230,462000,88888
14,231,464000,88888
14,232,466000,88888
14,233,468000,88888
14,234,470000,88888
14,235,472000,88888
14,236,474000,88888
14,237,476000,88888
14,238,478000,88888
14,239,480000,88888
14,240,482000,88888
14,241,484000,88888
14,242,486000,88888
14,243,488000,88888
14,244,490000,88888
14,245,492000,88888
14,246,494000,88888
14,247,496000,88888
14,248,498000,88888
14,249,500000,88888
14,250,502000,88888
14,251,504000,88888
14,252,506000,88888
14,253,508000,88888
14,254,510000,88888
14,255,512000,88888
14,256,514000,88888
14,257,516000,88888
14,258,518000,88888
14,259,520000,88888
14,260,522000,88888
14,261,524000,88888
14,262,526000,88888
14,263,528000,88888
14,264,530000,88888
14,265,532000,88888
14,266,534000,88888
14,267,536000,88888
14,268,538000,88888
14,269,540000,88888
14,270,542000,88888
14,271,544000,88888
14,272,546000,88888
14,273,548000,88888
14,274,550000,88888
14,275,552000,88888
14,276,554000,88888
14,277,556000,88888
14,278,558000,88888
14,279,560000,88888
14,280,562000,88888
14,281,564000,88888
14,282,566000,88888
14,283,568000,88888
14,284,570000,88888
14,285,572000,88888
14,286,574000,88888
14,287,576000,88888
14,288,578000,88888
14,289,580000,88888
14,290,582000,88888
14,291,584000,88897
14,292,586000,88897
14,293,588000,88897
14,294,590000,88904
14,295,592000,88904
14,296,594000,88904
14,297,596000,88904
14,298,598000,88904
14,299,600000,88904
14,300,602000,88904
14,301,604000,88904
14,302,606000,88904
14,303,608000,88904
14,304,610000,88904
14,305,612000,88904
14,306,614000,88904
14,307,616000,88904
14,308,618000,88904
14,309,620000,88904
14,310,622000,88904
14,311,624000,88904
14,312,626000,88904
14,313,628000,88904
14,314,630000,88908
14,315,632000,88908
14,316,634000,88908
14,317,636000,88908
14,318,638000,88908
14,319,640000,88908
14,320,642000,88908
14,321,644000,88908
14,322,646000,88908
14,323,648000,88908
14,324,650000,88908
14,325,652000,88908
14,326,654000,88908
14,327,656000,88908
14,328,658000,88908
14,329,660000,88908
14,330,662000,88908
14,331,664000,88908
14,332,666000,88908
14,333,668000,88908
14,334,670000,88908
14,335,672000,88908
14,336,674000,88908
14,337,676000,88908
14,338,678000,88908
14,339,680000,88908
14,340,682000,88908
14,341,684000,88908
14,342,686000,88908
14,343,688000,88908
14,344,690000,88908
14,345,692000,88908
14,346,694000,88908
14,347,696000,88908
14,348,698000,88908
14,349,700000,88908
14,350,702000,88908
14,351,704000,88908
14,352,706000,88908
14,353,708000,88908
14,354,710000,88908
14,355,712000,88908
14,356,714000,88908
14,357,716000,88908
14,358,718000,88908
14,359,720000,88908
14,360,722000,88908
14,361,724000,88908
14,362,726000,88908
14,363,728000,88908
14,364,730000,88908
14,365,732000,88908
14,366,734000,88908
14,367,736000,88908
14,368,738000,88908
14,369,740000,88908
14,370,742000,88908
14,371,744000,88908
14,372,746000,88908
14,373,748000,88908
14,374,750000,88908
14,375,752000,88908
14,376,754000,88908
14,377,756000,88908
14,378,758000,88908
14,379,760000,88908
14,380,762000,88908
14,381,764000,88908
14,382,766000,88908
14,383,768000,88908
14,384,770000,88908
14,385,772000,88908
14,386,774000,88908
14,387,776000,88908
14,388,778000,88908
14,389,780000,88908
14,390,782000,88908
14,391,784000,88908
14,392,786000,88908
14,393,788000,88908
14,394,790000,88908
14,395,792000,88908
14,396,794000,88908
14,397,796000,88908
14,398,798000,88908
14,399,800000,88908
14,400,802000,88908
14,401,804000,88908
14,402,806000,88908
14,403,808000,88908
14,404,810000,88908
14,405,812000,88908
14,406,814000,88908
14,407,816000,88908
14,408,818000,88908
14,409,820000,88908
14,410,822000,88908
14,411,824000,88908
14,412,826000,88908
14,413,828000,88908
14,414,830000,88908
14,415,832000,88908
14,416,834000,88908
14,417,836000,88908
14,418,838000,88908
14,419,840000,88908
14,420,842000,88908
14,421,844000,88908
14,422,846000,88908
14,423,848000,88908
14,424,850000,88908
14,425,852000,88908
14,426,854000,88908
14,427,856000,88908
14,428,858000,88908
14,429,860000,88908
14,430,862000,88908
14,431,864000,88908
14,432,866000,88908
14,433,868000,88908
14,434,870000,88908
14,435,872000,88908
14,436,874000,88908
14,437,876000,88908
14,438,878000,88908
14,439,880000,88908
14,440,882000,88908
14,441,884000,88908
14,442,886000,88908
14,443,888000,88908
14,444,890000,88908
14,445,892000,88908
14,446,894000,88908
14,447,896000,88908
14,448,898000,88908
14,449,900000,88908
14,450,902000,88908
14,451,904000,88908
14,452,906000,88908
14,453,908000,88908
14,454,910000,88908
14,455,912000,88908
14,456,914000,88908
14,457,916000,88908
14,458,918000,88908
14,459,920000,88908
14,460,922000,88908
14,461,924000,88908
14,462,926000,88908
14,463,928000,88908
14,464,930000,88908
14,465,932000,88908
14,466,934000,88908
14,467,936000,88908
14,468,938000,88908
14,469,940000,88908
14,470,942000,88908
14,471,944000,88908
14,472,946000,88908
14,473,948000,88908
14,474,950000,88908
14,475,952000,88908
14,476,954000,88908
14,477,956000,88908
14,478,958000,88908
14,479,960000,88908
14,480,962000,88908
14,481,964000,88908
14,482,966000,88908
14,483,968000,88908
14,484,970000,88908
14,485,972000,88908
14,486,974000,88908
14,487,976000,88908
14,488,978000,88908
14,489,980000,88908
14,490,982000,88908
14,491,984000,88908
14,492,986000,88908
14,493,988000,88908
14,494,990000,88908
14,495,992000,88908
14,496,994000,88908
14,497,996000,88908
14,498,998000,88908
14,499,1000000,88908
15,0,2000,73675
15,1,4000,76375
15,2,6000,78131
15,3,8000,79322
15,4,10000,80382
15,5,12000,81302
15,6,14000,81799
15,7,16000,82179
15,8,18000,83101
15,9,20000,83474
15,10,22000,84079
15,11,24000,84528
15,12,26000,84528
15,13,28000,84991
15,14,30000,85096
15,15,32000,85359
15,16,34000,85613
15,17,36000,85821
15,18,38000,86041
15,19,40000,86214
15,20,42000,86303
15,21,44000,86493
15,22,46000,86581
15,23,48000,86686
15,24,50000,86788
15,25,52000,86979
15,26,54000,86985
15,27,56000,87052
15,28,58000,87183
15,29,60000,87233
15,30,62000,87359
15,31,64000,87457
15,32,66000,87457
15,33,68000,87548
15,34,70000,87598
15,35,72000,87620
15,36,74000,87698
15,37,76000,87750
15,38,78000,87750
15,39,80000,87796
15,40,82000,87834
15,41,84000,87867
15,42,86000,87907
15,43,88000,87936
15,44,90000,87975
15,45,92000,88024
15,46,94000,88031
15,47,96000,88094
15,48,98000,88107
15,49,100000,88120
15,50,102000,88147
15,51,104000,88158
15,52,106000,88176
15,53,108000,88188
15,54,110000,88192
15,55,112000,88215
15,56,114000,88226
15,57,116000,88246
15,58,118000,88259
15,59,120000,88294
15,60,122000,88318
15,61,124000,88340
15,62,126000,88350
15,63,128000,88354
15,64,130000,88366
15,65,132000,88374
15,66,134000,88374
15,67,136000,88380
15,68,138000,88389
15,69,140000,88396
15,70,142000,88399
15,71,144000,88420
15,72,146000,88424
15,73,148000,88428
15,74,150000,88438
15,75,152000,88447
15,76,154000,88449
15,77,156000,88452
15,78,158000,88471
15,79,160000,88474
15,80,162000,88478
15,81,164000,88483
15,82,166000,88498
15,83,168000,88499
15,84,170000,88514
15,85,172000,88517
15,86,174000,88535
15,87,176000,88554
15,88,178000,88558
15,89,180000,88566
15,90,182000,88583
15,91,184000,88586
15,92,186000,88608
15,93,188000,88623
15,94,190000,88624
15,95,192000,88647
15,96,194000,88653
15,97,196000,88674
15,98,198000,88685
15,99,200000,88698
15,100,202000,88698
15,101,204000,88700
15,102,206000,88700
15,103,208000,88708
15,104,210000,88708
15,105,212000,88708
15,106,214000,88708
15,107,216000,88710
15,108,218000,88710
15,109,220000,88710
15,110,222000,88710
15,111,224000,88718
15,112,226000,88718
15,113,228000,88718
15,114,230000,88718
15,115,232000,88720
15,116,234000,88720
15,117,236000,88720
15,118,238000,88720
15,119,240000,88720
15,120,242000,88720
15,121,244000,88720
15,122,246000,88720
15,123,248000,88735
15,124,250000,88735
15,125,252000,88735
15,126,254000,88735
15,127,256000,88735
15,128,258000,88746
15,129,260000,88751
15,130,262000,88751
15,131,264000,88765
15,132,266000,88769
15,133,268000,88769
15,134,270000,88769
15,135,272000,88769
15,136,274000,88769
15,137,276000,88769
15,138,278000,88769
15,139,280000,88769
15,140,282000,88769
15,141,284000,88769
15,142,286000,88769
15,143,288000,88769
15,144,290000,88769
15,145,292000,88769
15,146,294000,88769
15,147,296000,88769
15,148,298000,88769
15,149,300000,88769
15,150,302000,88769
15,151,304000,88769
15,152,306000,88769
15,153,308000,88777
15,154,310000,88777
15,155,312000,88777
15,156,314000,88777
15,157,316000,88777
15,158,318000,88777
15,159,320000,88779
15,160,322000,88779
15,161,324000,88779
15,162,326000,88779
15,163,328000,88779
15,164,330000,88779
15,165,332000,88787
15,166,334000,88787
15,167,336000,88787
15,168,338000,88787
15,169,340000,88789
15,170,342000,88789
15,171,344000,88789
15,172,346000,88789
15,173,348000,88789
15,174,350000,88789
15,175,352000,88789
15,176,354000,88789
15,177,356000,88789
15,178,358000,88789
15,179,360000,88793
15,180,362000,88793
15,181,364000,88804
15,182,366000,88804
15,183,368000,88808
15,184,370000,88808
15,185,372000,88820
15,186,374000,88820
15,187,376000,88829
15,188,378000,88833
15,189,380000,88833
15,190,382000,88833
15,191,384000,88833
15,192,386000,88833
15,193,388000,88833
15,194,390000,88833
15,195,392000,88833
15,196,394000,88833
15,197,396000,88833
15,198,398000,88833
15,199,400000,88833
15,200,402000,88837
15,201,404000,88837
15,202,406000,88837
15,203,408000,88837
15,204,410000,88837
15,205,412000,88837
15,206,414000,88837
15,207,416000,88837
15,208,418000,88837
15,209,420000,88837
15,210,422000,88837
15,211,424000,88841
15,212,426000,88841
15,213,428000,88841
15,214,430000,88841
15,215,432000,88841
15,216,434000,88841
15,217,436000,88841
15,218,438000,88841
15,219,440000,88841
15,220,442000,88841
15,221,444000,88841
15,222,446000,88845
15,223,448000,88845
15,224,450000,88845
15,225,452000,88845
15,226,454000,88845
15,227,456000,88845
15,228,458000,88845
15,229,460000,88845
15,230,462000,88845
15,231,464000,88845
15,232,466000,88845
15,233,468000,88845
15,234,470000,88845
15,235,472000,88845
15,236,474000,88845
15,237,476000,88845
15,238,478000,88845
15,239,480000,88845
15,240,482000,88845
15,241,484000,88845
15,242,486000,88845
15,243,488000,88845
15,244,490000,88845
15,245,492000,88845
15,246,494000,88845
15,247,496000,88845
15,248,498000,88845
15,249,500000,88845
15,250,502000,88845
15,251,504000,88845
15,252,506000,88845
15,253,508000,88845
15,254,510000,88845
15,255,512000,88845
15,256,514000,88845
15,257,516000,88845
15,258,518000,88845
15,259,520000,88845
15,260,522000,88845
15,261,524000,88845
15,262,526000,88845
15,263,528000,88845
15,264,530000,88845
15,265,532000,88845
15,266,534000,88845
15,267,536000,88845
15,268,538000,88845
15,269,540000,88845
15,270,542000,88845
15,271,544000,88845
15,272,546000,88845
15,273,548000,88845
15,274,550000,88845
15,275,552000,88845
15,276,554000,88845
15,277,556000,88845
15,278,558000,88845
15,279,560000,88845
15,280,562000,88845
15,281,564000,88845
15,282,566000,88845
15,283,568000,88845
15,284,570000,88845
15,285,572000,88845
15,286,574000,88845
15,287,576000,88845
15,288,578000,88845
15,289,580000,88845
15,290,582000,88845
15,291,584000,88845
15,292,586000,88845
15,293,588000,88845
15,294,590000,88845
15,295,592000,88845
15,296,594000,88845
15,297,596000,88845
15,298,598000,88845
15,299,600000,88845
15,300,602000,88845
15,301,604000,88845
15,302,606000,88845
15,303,608000,88845
15,304,610000,88845
15,305,612000,88845
15,306,614000,88845
15,307,616000,88849
15,308,618000,88849
15,309,620000,88849
15,310,622000,88849
15,311,624000,88849
15,312,626000,88849
15,313,628000,88849
15,314,630000,88849
15,315,632000,88853
15,316,634000,88853
15,317,636000,88853
15,318,638000,88853
15,319,640000,88864
15,320,642000,88864
15,321,644000,88864
15,322,646000,88864
15,323,648000,88864
15,324,650000,88864
15,325,652000,88864
15,326,654000,88864
15,327,656000,88864
15,328,658000,88864
15,329,660000,88864
15,330,662000,88864
15,331,664000,88864
15,332,666000,88864
15,333,668000,88864
15,334,670000,88864
15,335,672000,88864
15,336,674000,88864
15,337,676000,88864
15,338,678000,88864
15,339,680000,88864
15,340,682000,88864
15,341,684000,88864
15,342,686000,88864
15,343,688000,88864
15,344,690000,88864
15,345,692000,88864
15,346,694000,88873
15,347,696000,88873
15,348,698000,88873
15,349,700000,88873
15,350,702000,88873
15,351,704000,88873
15,352,706000,88873
15,353,708000,88873
15,354,710000,88873
15,355,712000,88873
15,356,714000,88873
15,357,716000,88873
15,358,718000,88873
15,359,720000,88873
15,360,722000,88873
15,361,724000,88873
15,362,726000,88873
15,363,728000,88873
15,364,730000,88873
15,365,732000,88873
15,366,734000,88873
15,367,736000,88873
15,368,738000,88873
15,369,740000,88873
15,370,742000,88873
15,371,744000,88873
15,372,746000,88873
15,373,748000,88873
15,374,750000,88873
15,375,752000,88873
15,376,754000,88873
15,377,756000,88873
15,378,758000,88873
15,379,760000,88873
15,380,762000,88873
15,381,764000,88873
15,382,766000,88873
15,383,768000,88873
15,384,770000,88873
15,385,772000,88873
15,386,774000,88873
15,387,776000,88873
15,388,778000,88873
15,389,780000,88873
15,390,782000,88873
15,391,784000,88873
15,392,786000,88873
15,393,788000,88873
15,394,790000,88873
15,395,792000,88873
15,396,794000,88873
15,397,796000,88873
15,398,798000,88873
15,399,800000,88873
15,400,802000,88873
15,401,804000,88873
15,402,806000,88873
15,403,808000,88873
15,404,810000,88873
15,405,812000,88873
15,406,814000,88873
15,407,816000,88873
15,408,818000,88873
15,409,820000,88873
15,410,822000,88873
15,411,824000,88873
15,412,826000,88873
15,413,828000,88873
15,414,830000,88873
15,415,832000,88873
15,416,834000,88873
15,417,836000,88873
15,418,838000,88873
15,419,840000,88873
15,420,842000,88873
15,421,844000,88873
15,422,846000,88873
15,423,848000,88873
15,424,850000,88873
15,425,852000,88873
15,426,854000,88873
15,427,856000,88873
15,428,858000,88873
15,429,860000,88873
15,430,862000,88873
15,431,864000,88873
15,432,866000,88873
15,433,868000,88873
15,434,870000,88873
15,435,872000,88873
15,436,874000,88873
15,437,876000,88873
15,438,878000,88873
15,439,880000,88873
15,440,882000,88873
15,441,884000,88873
15,442,886000,88873
15,443,888000,88873
15,444,890000,88873
15,445,892000,88873
15,446,894000,88873
15,447,896000,88873
15,448,898000,88873
15,449,900000,88873
15,450,902000,88873
15,451,904000,88873
15,452,906000,88873
15,453,908000,88873
15,454,910000,88873
15,455,912000,88873
15,456,914000,88873
15,457,916000,88873
15,458,918000,88873
15,459,920000,88873
15,460,922000,88873
15,461,924000,88873
15,462,926000,88873
15,463,928000,88873
15,464,930000,88873
15,465,932000,88873
15,466,934000,88873
15,467,936000,88873
15,468,938000,88873
15,469,940000,88873
15,470,942000,88873
15,471,944000,88873
15,472,946000,88873
15,473,948000,88873
15,474,950000,88873
15,475,952000,88873
15,476,954000,88873
15,477,956000,88873
15,478,958000,88873
15,479,960000,88873
15,480,962000,88873
15,481,964000,88873
15,482,966000,88877
15,483,968000,88877
15,484,970000,88877
15,485,972000,88877
15,486,974000,88877
15,487,976000,88877
15,488,978000,88877
15,489,980000,88877
15,490,982000,88877
15,491,984000,88877
15,492,986000,88877
15,493,988000,88877
15,494,990000,88877
15,495,992000,88877
15,496,994000,88877
15,497,996000,88877
15,498,998000,88877
15,499,1000000,88877
