run,generation,evaluations,best_fitness
1,0,1000,73205
1,1,2000,76112
1,2,3000,77636
1,3,4000,79057
1,4,5000,80544
1,5,6000,81256
1,6,7000,81256
1,7,8000,82012
1,8,9000,83116
1,9,10000,83123
1,10,11000,84023
1,11,12000,84651
1,12,13000,85028
1,13,14000,85223
1,14,15000,85339
1,15,16000,85363
1,16,17000,85480
1,17,18000,85650
1,18,19000,85725
1,19,20000,85741
1,20,21000,86013
1,21,22000,86127
1,22,23000,86428
1,23,24000,86603
1,24,25000,86662
1,25,26000,86776
1,26,27000,87191
1,27,28000,87192
1,28,29000,87205
1,29,30000,87304
1,30,31000,87304
1,31,32000,87325
1,32,33000,87384
1,33,34000,87413
1,34,35000,87591
1,35,36000,87591
1,36,37000,87601
1,37,38000,87622
1,38,39000,87667
1,39,40000,87708
1,40,41000,87792
1,41,42000,87792
1,42,43000,87811
1,43,44000,87811
1,44,45000,87831
1,45,46000,87870
1,46,47000,87880
1,47,48000,87908
1,48,49000,87942
1,49,50000,87960
1,50,51000,87971
1,51,52000,88071
1,52,53000,88086
1,53,54000,88101
1,54,55000,88102
1,55,56000,88137
1,56,57000,88166
1,57,58000,88199
1,58,59000,88199
1,59,60000,88217
1,60,61000,88217
1,61,62000,88227
1,62,63000,88243
1,63,64000,88257
1,64,65000,88263
1,65,66000,88273
1,66,67000,88299
1,67,68000,88299
1,68,69000,88331
1,69,70000,88348
1,70,71000,88367
1,71,72000,88368
1,72,73000,88368
1,73,74000,88386
1,74,75000,88386
1,75,76000,88386
1,76,77000,88386
1,77,78000,88390
1,78,79000,88390
1,79,80000,88390
1,80,81000,88390
1,81,82000,88390
1,82,83000,88390
1,83,84000,88390
1,84,85000,88390
1,85,86000,88390
1,86,87000,88398
1,87,88000,88398
1,88,89000,88398
1,89,90000,88398
1,90,91000,88401
1,91,92000,88401
1,92,93000,88402
1,93,94000,88402
1,94,95000,88445
1,95,96000,88457
1,96,97000,88457
1,97,98000,88457
1,98,99000,88460
1,99,100000,88460
1,100,101000,88464
1,101,102000,88467
1,102,103000,88470
1,103,104000,88470
1,104,105000,88484
1,105,106000,88484
1,106,107000,88493
1,107,108000,88496
1,108,109000,88499
1,109,110000,88505
1,110,111000,88515
1,111,112000,88518
1,112,113000,88543
1,113,114000,88543
1,114,115000,88553
1,115,116000,88556
1,116,117000,88559
1,117,118000,88565
1,118,119000,88569
1,119,120000,88581
1,120,121000,88584
1,121,122000,88584
1,122,123000,88585
1,123,124000,88587
1,124,125000,88587
1,125,126000,88588
1,126,127000,88590
1,127,128000,88593
1,128,129000,88593
1,129,130000,88593
1,130,131000,88597
1,131,132000,88615
1,132,133000,88616
1,133,134000,88622
1,134,135000,88636
1,135,136000,88636
1,136,137000,88636
1,137,138000,88636
1,138,139000,88642
1,139,140000,88642
1,140,141000,88644
1,141,142000,88646
1,142,143000,88646
1,143,144000,88653
1,144,145000,88653
1,145,146000,88653
1,146,147000,88661
1,147,148000,88661
1,148,149000,88665
1,149,150000,88669
1,150,151000,88670
1,151,152000,88670
1,152,153000,88670
1,153,154000,88680
1,154,155000,88681
1,155,156000,88681
1,156,157000,88681
1,157,158000,88681
1,158,159000,88681
1,159,160000,88681
1,160,161000,88681
1,161,162000,88693
1,162,163000,88693
1,163,164000,88693
1,164,165000,88693
1,165,166000,88693
1,166,167000,88701
1,167,168000,88701
1,168,169000,88701
1,169,170000,88701
1,170,171000,88701
1,171,172000,88701
1,172,173000,88701
1,173,174000,88701
1,174,175000,88701
1,175,176000,88701
1,176,177000,88701
1,177,178000,88701
1,178,179000,88701
1,179,180000,88701
1,180,181000,88701
1,181,182000,88701
1,182,183000,88705
1,183,184000,88705
1,184,185000,88709
1,185,186000,88709
1,186,187000,88709
1,187,188000,88709
1,188,189000,88709
1,189,190000,88709
1,190,191000,88709
1,191,192000,88709
1,192,193000,88709
1,193,194000,88709
1,194,195000,88709
1,195,196000,88713
1,196,197000,88713
1,197,198000,88713
1,198,199000,88713
1,199,200000,88713
1,200,201000,88713
1,201,202000,88713
1,202,203000,88713
1,203,204000,88713
1,204,205000,88713
1,205,206000,88713
1,206,207000,88724
1,207,208000,88724
1,208,209000,88724
1,209,210000,88736
1,210,211000,88736
1,211,212000,88736
1,212,213000,88736
1,213,214000,88736
1,214,215000,88736
1,215,216000,88736
1,216,217000,88736
1,217,218000,88736
1,218,219000,88736
1,219,220000,88736
1,220,221000,88736
1,221,222000,88736
1,222,223000,88736
1,223,224000,88736
1,224,225000,88736
1,225,226000,88736
1,226,227000,88736
1,227,228000,88736
1,228,229000,88736
1,229,230000,88736
1,230,231000,88736
1,231,232000,88736
1,232,233000,88748
1,233,234000,88748
1,234,235000,88748
1,235,236000,88748
1,236,237000,88748
1,237,238000,88748
1,238,239000,88752
1,239,240000,88752
1,240,241000,88752
1,241,242000,88752
1,242,243000,88752
1,243,244000,88752
1,244,245000,88752
1,245,246000,88752
1,246,247000,88752
1,247,248000,88752
1,248,249000,88752
1,249,250000,88752
1,250,251000,88752
1,251,252000,88752
1,252,253000,88752
1,253,254000,88752
1,254,255000,88752
1,255,256000,88752
1,256,257000,88752
1,257,258000,88752
1,258,259000,88752
1,259,260000,88752
1,260,261000,88752
1,261,262000,88752
1,262,263000,88752
1,263,264000,88752
1,264,265000,88752
1,265,266000,88752
1,266,267000,88752
1,267,268000,88752
1,268,269000,88752
1,269,270000,88752
1,270,271000,88752
1,271,272000,88752
1,272,273000,88752
1,273,274000,88752
1,274,275000,88752
1,275,276000,88752
1,276,277000,88752
1,277,278000,88752
1,278,279000,88752
1,279,280000,88752
1,280,281000,88752
1,281,282000,88752
1,282,283000,88752
1,283,284000,88752
1,284,285000,88752
1,285,286000,88752
1,286,287000,88752
1,287,288000,88752
1,288,289000,88752
1,289,290000,88752
1,290,291000,88752
1,291,292000,88752
1,292,293000,88752
1,293,294000,88752
1,294,295000,88752
1,295,296000,88752
1,296,297000,88752
1,297,298000,88752
1,298,299000,88752
1,299,300000,88752
1,300,301000,88752
1,301,302000,88752
1,302,303000,88752
1,303,304000,88752
1,304,305000,88752
1,305,306000,88752
1,306,307000,88752
1,307,308000,88752
1,308,309000,88752
1,309,310000,88752
1,310,311000,88752
1,311,312000,88752
1,312,313000,88752
1,313,314000,88752
1,314,315000,88752
1,315,316000,88752
1,316,317000,88752
1,317,318000,88752
1,318,319000,88752
1,319,320000,88752
1,320,321000,88752
1,321,322000,88752
1,322,323000,88752
1,323,324000,88752
1,324,325000,88752
1,325,326000,88756
1,326,327000,88756
1,327,328000,88756
1,328,329000,88756
1,329,330000,88756
1,330,331000,88756
1,331,332000,88756
1,332,333000,88756
1,333,334000,88756
1,334,335000,88756
1,335,336000,88756
1,336,337000,88756
1,337,338000,88756
1,338,339000,88756
1,339,340000,88756
1,340,341000,88756
1,341,342000,88756
1,342,343000,88756
1,343,344000,88756
1,344,345000,88756
1,345,346000,88756
1,346,347000,88756
1,347,348000,88760
1,348,349000,88760
1,349,350000,88760
1,350,351000,88760
1,351,352000,88760
1,352,353000,88760
1,353,354000,88760
1,354,355000,88760
1,355,356000,88760
1,356,357000,88760
1,357,358000,88760
1,358,359000,88766
1,359,360000,88766
1,360,361000,88766
1,361,362000,88766
1,362,363000,88767
1,363,364000,88767
1,364,365000,88767
1,365,366000,88767
1,366,367000,88767
1,367,368000,88767
1,368,369000,88767
1,369,370000,88767
1,370,371000,88767
1,371,372000,88767
1,372,373000,88767
1,373,374000,88767
1,374,375000,88767
1,375,376000,88767
1,376,377000,88767
1,377,378000,88767
1,378,379000,88767
1,379,380000,88767
1,380,381000,88767
1,381,382000,88767
1,382,383000,88767
1,383,384000,88767
1,384,385000,88767
1,385,386000,88767
1,386,387000,88767
1,387,388000,88767
1,388,389000,88767
1,389,390000,88767
1,390,391000,88771
1,391,392000,88771
1,392,393000,88771
1,393,394000,88771
1,394,395000,88771
1,395,396000,88771
1,396,397000,88771
1,397,398000,88771
1,398,399000,88771
1,399,400000,88771
1,400,401000,88771
1,401,402000,88771
1,402,403000,88771
1,403,404000,88771
1,404,405000,88771
1,405,406000,88771
1,406,407000,88771
1,407,408000,88771
1,408,409000,88771
1,409,410000,88771
1,410,411000,88775
1,411,412000,88775
1,412,413000,88775
1,413,414000,88775
1,414,415000,88775
1,415,416000,88775
1,416,417000,88775
1,417,418000,88775
1,418,419000,88775
1,419,420000,88775
1,420,421000,88775
1,421,422000,88775
1,422,423000,88775
1,423,424000,88775
1,424,425000,88775
1,425,426000,88775
1,426,427000,88775
1,427,428000,88775
1,428,429000,88775
1,429,430000,88775
1,430,431000,88775
1,431,432000,88775
1,432,433000,88775
1,433,434000,88775
1,434,435000,88775
1,435,436000,88775
1,436,437000,88775
1,437,438000,88775
1,438,439000,88775
1,439,440000,88775
1,440,441000,88775
1,441,442000,88775
1,442,443000,88775
1,443,444000,88775
1,444,445000,88775
1,445,446000,88775
1,446,447000,88775
1,447,448000,88775
1,448,449000,88775
1,449,450000,88775
1,450,451000,88775
1,451,452000,88775
1,452,453000,88775
1,453,454000,88775
1,454,455000,88775
1,455,456000,88775
1,456,457000,88775
1,457,458000,88775
1,458,459000,88775
1,459,460000,88775
1,460,461000,88775
1,461,462000,88775
1,462,463000,88775
1,463,464000,88775
1,464,465000,88775
1,465,466000,88775
1,466,467000,88775
1,467,468000,88775
1,468,469000,88775
1,469,470000,88775
1,470,471000,88775
1,471,472000,88775
1,472,473000,88775
1,473,474000,88775
1,474,475000,88775
1,475,476000,88775
1,476,477000,88775
1,477,478000,88786
1,478,479000,88786
1,479,480000,88786
1,480,481000,88786
1,481,482000,88786
1,482,483000,88786
1,483,484000,88786
1,484,485000,88786
1,485,486000,88786
1,486,487000,88786
1,487,488000,88786
1,488,489000,88786
1,489,490000,88786
1,490,491000,88786
1,491,492000,88786
1,492,493000,88786
1,493,494000,88786
1,494,495000,88786
1,495,496000,88786
1,496,497000,88786
1,497,498000,88786
1,498,499000,88786
1,499,500000,88786
2,0,1000,72827
2,1,2000,76096
2,2,3000,77312
2,3,4000,78687
2,4,5000,79817
2,5,6000,81704
2,6,7000,81866
2,7,8000,82266
2,8,9000,83073
2,9,10000,83271
2,10,11000,83850
2,11,12000,84306
2,12,13000,84490
2,13,14000,84920
2,14,15000,85094
2,15,16000,85387
2,16,17000,85400
2,17,18000,85526
2,18,19000,85651
2,19,20000,85779
2,20,21000,85895
2,21,22000,86048
2,22,23000,86224
2,23,24000,86298
2,24,25000,86303
2,25,26000,86389
2,26,27000,86444
2,27,28000,86553
2,28,29000,86557
2,29,30000,86606
2,30,31000,86674
2,31,32000,86899
2,32,33000,86899
2,33,34000,86995
2,34,35000,87035
2,35,36000,87138
2,36,37000,87249
2,37,38000,87333
2,38,39000,87405
2,39,40000,87424
2,40,41000,87513
2,41,42000,87522
2,42,43000,87522
2,43,44000,87609
2,44,45000,87616
2,45,46000,87640
2,46,47000,87733
2,47,48000,87763
2,48,49000,87806
2,49,50000,87806
2,50,51000,87832
2,51,52000,87894
2,52,53000,87900
2,53,54000,87942
2,54,55000,87966
2,55,56000,87995
2,56,57000,87996
2,57,58000,88026
2,58,59000,88040
2,59,60000,88066
2,60,61000,88076
2,61,62000,88093
2,62,63000,88110
2,63,64000,88119
2,64,65000,88124
2,65,66000,88166
2,66,67000,88179
2,67,68000,88189
2,68,69000,88195
2,69,70000,88215
2,70,71000,88215
2,71,72000,88215
2,72,73000,88228
2,73,74000,88239
2,74,75000,88243
2,75,76000,88250
2,76,77000,88271
2,77,78000,88285
2,78,79000,88296
2,79,80000,88320
2,80,81000,88320
2,81,82000,88337
2,82,83000,88354
2,83,84000,88365
2,84,85000,88402
2,85,86000,88402
2,86,87000,88412
2,87,88000,88412
2,88,89000,88417
2,89,90000,88422
2,90,91000,88422
2,91,92000,88423
2,92,93000,88470
2,93,94000,88470
2,94,95000,88476
2,95,96000,88478
2,96,97000,88478
2,97,98000,88478
2,98,99000,88479
2,99,100000,88487
2,100,101000,88496
2,101,102000,88501
2,102,103000,88521
2,103,104000,88529
2,104,105000,88529
2,105,106000,88536
2,106,107000,88545
2,107,108000,88545
2,108,109000,88545
2,109,110000,88549
2,110,111000,88549
2,111,112000,88549
2,112,113000,88550
2,113,114000,88551
2,114,115000,88554
2,115,116000,88566
2,116,117000,88583
2,117,118000,88584
2,118,119000,88607
2,119,120000,88607
2,120,121000,88611
2,121,122000,88618
2,122,123000,88618
2,123,124000,88618
2,124,125000,88618
2,125,126000,88618
2,126,127000,88618
2,127,128000,88618
2,128,129000,88632
2,129,130000,88632
2,130,131000,88632
2,131,132000,88632
2,132,133000,88632
2,133,134000,88632
2,134,135000,88632
2,135,136000,88632
2,136,137000,88632
2,137,138000,88632
2,138,139000,88632
2,139,140000,88632
2,140,141000,88632
2,141,142000,88639
2,142,143000,88639
2,143,144000,88641
2,144,145000,88644
2,145,146000,88650
2,146,147000,88650
2,147,148000,88660
2,148,149000,88663
2,149,150000,88664
2,150,151000,88664
2,151,152000,88664
2,152,153000,88664
2,153,154000,88664
2,154,155000,88664
2,155,156000,88664
2,156,157000,88664
2,157,158000,88685
2,158,159000,88685
2,159,160000,88685
2,160,161000,88685
2,161,162000,88685
2,162,163000,88693
2,163,164000,88693
2,164,165000,88693
2,165,166000,88693
2,166,167000,88697
2,167,168000,88697
2,168,169000,88697
2,169,170000,88697
2,170,171000,88697
2,171,172000,88697
2,172,173000,88697
2,173,174000,88697
2,174,175000,88707
2,175,176000,88707
2,176,177000,88707
2,177,178000,88707
2,178,179000,88707
2,179,180000,88707
2,180,181000,88709
2,181,182000,88710
2,182,183000,88710
2,183,184000,88710
2,184,185000,88718
2,185,186000,88718
2,186,187000,88719
2,187,188000,88719
2,188,189000,88721
2,189,190000,88721
2,190,191000,88721
2,191,192000,88722
2,192,193000,88731
2,193,194000,88731
2,194,195000,88740
2,195,196000,88740
2,196,197000,88740
2,197,198000,88747
2,198,199000,88747
2,199,200000,88747
2,200,201000,88747
2,201,202000,88748
2,202,203000,88748
2,203,204000,88748
2,204,205000,88748
2,205,206000,88748
2,206,207000,88748
2,207,208000,88750
2,208,209000,88750
2,209,210000,88750
2,210,211000,88752
2,211,212000,88753
2,212,213000,88754
2,213,214000,88755
2,214,215000,88760
2,215,216000,88760
2,216,217000,88760
2,217,218000,88764
2,218,219000,88764
2,219,220000,88764
2,220,221000,88764
2,221,222000,88764
2,222,223000,88764
2,223,224000,88764
2,224,225000,88764
2,225,226000,88764
2,226,227000,88764
2,227,228000,88764
2,228,229000,88768
2,229,230000,88768
2,230,231000,88768
2,231,232000,88768
2,232,233000,88768
2,233,234000,88768
2,234,235000,88768
2,235,236000,88768
2,236,237000,88772
2,237,238000,88772
2,238,239000,88772
2,239,240000,88772
2,240,241000,88772
2,241,242000,88772
2,242,243000,88772
2,243,244000,88772
2,244,245000,88772
2,245,246000,88772
2,246,247000,88772
2,247,248000,88772
2,248,249000,88772
2,249,250000,88772
2,250,251000,88772
2,251,252000,88772
2,252,253000,88772
2,253,254000,88772
2,254,255000,88772
2,255,256000,88772
2,256,257000,88772
2,257,258000,88772
2,258,259000,88772
2,259,260000,88772
2,260,261000,88772
2,261,262000,88772
2,262,263000,88772
2,263,264000,88772
2,264,265000,88772
2,265,266000,88772
2,266,267000,88772
2,267,268000,88772
2,268,269000,88772
2,269,270000,88772
2,270,271000,88772
2,271,272000,88783
2,272,273000,88783
2,273,274000,88783
2,274,275000,88783
2,275,276000,88783
2,276,277000,88783
2,277,278000,88783
2,278,279000,88783
2,279,280000,88783
2,280,281000,88792
2,281,282000,88792
2,282,283000,88792
2,283,284000,88792
2,284,285000,88799
2,285,286000,88799
2,286,287000,88799
2,287,288000,88803
2,288,289000,88803
2,289,290000,88803
2,290,291000,88803
2,291,292000,88803
2,292,293000,88803
2,293,294000,88803
2,294,295000,88803
2,295,296000,88803
2,296,297000,88803
2,297,298000,88803
2,298,299000,88803
2,299,300000,88807
2,300,301000,88807
2,301,302000,88807
2,302,303000,88807
2,303,304000,88807
2,304,305000,88807
2,305,306000,88807
2,306,307000,88807
2,307,308000,88807
2,308,309000,88807
2,309,310000,88807
2,310,311000,88807
2,311,312000,88807
2,312,313000,88807
2,313,314000,88807
2,314,315000,88807
2,315,316000,88807
2,316,317000,88807
2,317,318000,88807
2,318,319000,88807
2,319,320000,88807
2,320,321000,88807
2,321,322000,88807
2,322,323000,88807
2,323,324000,88807
2,324,325000,88807
2,325,326000,88807
2,326,327000,88807
2,327,328000,88807
2,328,329000,88807
2,329,330000,88807
2,330,331000,88807
2,331,332000,88807
2,332,333000,88807
2,333,334000,88807
2,334,335000,88807
2,335,336000,88807
2,336,337000,88807
2,337,338000,88807
2,338,339000,88807
2,339,340000,88807
2,340,341000,88807
2,341,342000,88807
2,342,343000,88807
2,343,344000,88807
2,344,345000,88807
2,345,346000,88807
2,346,347000,88807
2,347,348000,88807
2,348,349000,88807
2,349,350000,88807
2,350,351000,88807
2,351,352000,88807
2,352,353000,88807
2,353,354000,88807
2,354,355000,88807
2,355,356000,88807
2,356,357000,88807
2,357,358000,88807
2,358,359000,88807
2,359,360000,88807
2,360,361000,88807
2,361,362000,88807
2,362,363000,88807
2,363,364000,88807
2,364,365000,88807
2,365,366000,88807
2,366,367000,88807
2,367,368000,88807
2,368,369000,88807
2,369,370000,88807
2,370,371000,88807
2,371,372000,88807
2,372,373000,88807
2,373,374000,88807
2,374,375000,88807
2,375,376000,88807
2,376,377000,88807
2,377,378000,88807
2,378,379000,88807
2,379,380000,88807
2,380,381000,88807
2,381,382000,88807
2,382,383000,88807
2,383,384000,88807
2,384,385000,88807
2,385,386000,88807
2,386,387000,88807
2,387,388000,88807
2,388,389000,88807
2,389,390000,88807
2,390,391000,88807
2,391,392000,88807
2,392,393000,88807
2,393,394000,88811
2,394,395000,88811
2,395,396000,88811
2,396,397000,88811
2,397,398000,88811
2,398,399000,88811
2,399,400000,88811
2,400,401000,88811
2,401,402000,88811
2,402,403000,88811
2,403,404000,88815
2,404,405000,88815
2,405,406000,88815
2,406,407000,88815
2,407,408000,88819
2,408,409000,88819
2,409,410000,88819
2,410,411000,88819
2,411,412000,88819
2,412,413000,88819
2,413,414000,88819
2,414,415000,88819
2,415,416000,88819
2,416,417000,88819
2,417,418000,88819
2,418,419000,88819
2,419,420000,88819
2,420,421000,88830
2,421,422000,88830
2,422,423000,88830
2,423,424000,88830
2,424,425000,88830
2,425,426000,88830
2,426,427000,88830
2,427,428000,88830
2,428,429000,88830
2,429,430000,88830
2,430,431000,88830
2,431,432000,88830
2,432,433000,88830
2,433,434000,88830
2,434,435000,88830
2,435,436000,88830
2,436,437000,88830
2,437,438000,88830
2,438,439000,88830
2,439,440000,88830
2,440,441000,88830
2,441,442000,88830
2,442,443000,88830
2,443,444000,88830
2,444,445000,88830
2,445,446000,88830
2,446,447000,88830
2,447,448000,88830
2,448,449000,88830
2,449,450000,88830
2,450,451000,88830
2,451,452000,88830
2,452,453000,88830
2,453,454000,88830
2,454,455000,88830
2,455,456000,88830
2,456,457000,88830
2,457,458000,88830
2,458,459000,88830
2,459,460000,88830
2,460,461000,88830
2,461,462000,88830
2,462,463000,88830
2,463,464000,88830
2,464,465000,88830
2,465,466000,88830
2,466,467000,88830
2,467,468000,88830
2,468,469000,88830
2,469,470000,88830
2,470,471000,88830
2,471,472000,88830
2,472,473000,88830
2,473,474000,88830
2,474,475000,88830
2,475,476000,88830
2,476,477000,88830
2,477,478000,88836
2,478,479000,88836
2,479,480000,88836
2,480,481000,88836
2,481,482000,88837
2,482,483000,88837
2,483,484000,88837
2,484,485000,88837
2,485,486000,88837
2,486,487000,88837
2,487,488000,88837
2,488,489000,88837
2,489,490000,88837
2,490,491000,88837
2,491,492000,88837
2,492,493000,88837
2,493,494000,88837
2,494,495000,88837
2,495,496000,88837
2,496,497000,88837
2,497,498000,88837
2,498,499000,88837
2,499,500000,88837
3,0,1000,73337
3,1,2000,76842
3,2,3000,77244
3,3,4000,79253
3,4,5000,79787
3,5,6000,80235
3,6,7000,81294
3,7,8000,82221
3,8,9000,82508
3,9,10000,82785
3,10,11000,83091
3,11,12000,83823
3,12,13000,84001
3,13,14000,84279
3,14,15000,84615
3,15,16000,85080
3,16,17000,85246
3,17,18000,85344
3,18,19000,85447
3,19,20000,85528
3,20,21000,85722
3,21,22000,85722
3,22,23000,85894
3,23,24000,86128
3,24,25000,86382
3,25,26000,86441
3,26,27000,86461
3,27,28000,86524
3,28,29000,86553
3,29,30000,86629
3,30,31000,86675
3,31,32000,86761
3,32,33000,86854
3,33,34000,86932
3,34,35000,87071
3,35,36000,87127
3,36,37000,87205
3,37,38000,87260
3,38,39000,87260
3,39,40000,87334
3,40,41000,87367
3,41,42000,87453
3,42,43000,87453
3,43,44000,87493
3,44,45000,87525
3,45,46000,87560
3,46,47000,87656
3,47,48000,87752
3,48,49000,87769
3,49,50000,87778
3,50,51000,87857
3,51,52000,87857
3,52,53000,87874
3,53,54000,87892
3,54,55000,87898
3,55,56000,87912
3,56,57000,87937
3,57,58000,87954
3,58,59000,87962
3,59,60000,87989
3,60,61000,88000
3,61,62000,88063
3,62,63000,88081
3,63,64000,88088
3,64,65000,88097
3,65,66000,88105
3,66,67000,88119
3,67,68000,88119
3,68,69000,88130
3,69,70000,88136
3,70,71000,88147
3,71,72000,88149
3,72,73000,88174
3,73,74000,88183
3,74,75000,88188
3,75,76000,88203
3,76,77000,88217
3,77,78000,88221
3,78,79000,88227
3,79,80000,88245
3,80,81000,88250
3,81,82000,88259
3,82,83000,88264
3,83,84000,88275
3,84,85000,88284
3,85,86000,88284
3,86,87000,88294
3,87,88000,88300
3,88,89000,88304
3,89,90000,88315
3,90,91000,88317
3,91,92000,88331
3,92,93000,88346
3,93,94000,88365
3,94,95000,88379
3,95,96000,88386
3,96,97000,88386
3,97,98000,88389
3,98,99000,88389
3,99,100000,88392
3,100,101000,88399
3,101,102000,88408
3,102,103000,88408
3,103,104000,88418
3,104,105000,88427
3,105,106000,88432
3,106,107000,88441
3,107,108000,88443
3,108,109000,88448
3,109,110000,88457
3,110,111000,88457
3,111,112000,88457
3,112,113000,88459
3,113,114000,88462
3,114,115000,88462
3,115,116000,88464
3,116,117000,88464
3,117,118000,88464
3,118,119000,88464
3,119,120000,88469
3,120,121000,88469
3,121,122000,88469
3,122,123000,88469
3,123,124000,88469
3,124,125000,88469
3,125,126000,88490
3,126,127000,88490
3,127,128000,88490
3,128,129000,88490
3,129,130000,88490
3,130,131000,88490
3,131,132000,88490
3,132,133000,88490
3,133,134000,88490
3,134,135000,88490
3,135,136000,88490
3,136,137000,88490
3,137,138000,88490
3,138,139000,88490
3,139,140000,88492
3,140,141000,88492
3,141,142000,88492
3,142,143000,88504
3,143,144000,88504
3,144,145000,88504
3,145,146000,88504
3,146,147000,88508
3,147,148000,88508
3,148,149000,88508
3,149,150000,88508
3,150,151000,88508
3,151,152000,88508
3,152,153000,88508
3,153,154000,88508
3,154,155000,88508
3,155,156000,88508
3,156,157000,88510
3,157,158000,88510
3,158,159000,88510
3,159,160000,88510
3,160,161000,88510
3,161,162000,88510
3,162,163000,88510
3,163,164000,88510
3,164,165000,88510
3,165,166000,88510
3,166,167000,88510
3,167,168000,88510
3,168,169000,88510
3,169,170000,88510
3,170,171000,88510
3,171,172000,88510
3,172,173000,88510
3,173,174000,88510
3,174,175000,88510
3,175,176000,88534
3,176,177000,88534
3,177,178000,88534
3,178,179000,88534
3,179,180000,88564
3,180,181000,88564
3,181,182000,88564
3,182,183000,88564
3,183,184000,88579
3,184,185000,88579
3,185,186000,88579
3,186,187000,88583
3,187,188000,88583
3,188,189000,88584
3,189,190000,88584
3,190,191000,88584
3,191,192000,88584
3,192,193000,88584
3,193,194000,88584
3,194,195000,88584
3,195,196000,88584
3,196,197000,88584
3,197,198000,88584
3,198,199000,88584
3,199,200000,88587
3,200,201000,88587
3,201,202000,88587
3,202,203000,88587
3,203,204000,88590
3,204,205000,88590
3,205,206000,88599
3,206,207000,88599
3,207,208000,88599
3,208,209000,88599
3,209,210000,88599
3,210,211000,88599
3,211,212000,88599
3,212,213000,88599
3,213,214000,88599
3,214,215000,88599
3,215,216000,88605
3,216,217000,88605
3,217,218000,88605
3,218,219000,88605
3,219,220000,88607
3,220,221000,88607
3,221,222000,88609
3,222,223000,88615
3,223,224000,88615
3,224,225000,88617
3,225,226000,88620
3,226,227000,88625
3,227,228000,88625
3,228,229000,88625
3,229,230000,88625
3,230,231000,88625
3,231,232000,88627
3,232,233000,88627
3,233,234000,88627
3,234,235000,88638
3,235,236000,88638
3,236,237000,88640
3,237,238000,88640
3,238,239000,88640
3,239,240000,88640
3,240,241000,88642
3,241,242000,88642
3,242,243000,88642
3,243,244000,88642
3,244,245000,88643
3,245,246000,88656
3,246,247000,88656
3,247,248000,88657
3,248,249000,88657
3,249,250000,88663
3,250,251000,88663
3,251,252000,88663
3,252,253000,88665
3,253,254000,88665
3,254,255000,88665
3,255,256000,88667
3,256,257000,88667
3,257,258000,88667
3,258,259000,88667
3,259,260000,88668
3,260,261000,88669
3,261,262000,88669
3,262,263000,88669
3,263,264000,88669
3,264,265000,88669
3,265,266000,88669
3,266,267000,88673
3,267,268000,88673
3,268,269000,88673
3,269,270000,88673
3,270,271000,88673
3,271,272000,88673
3,272,273000,88673
3,273,274000,88673
3,274,275000,88677
3,275,276000,88677
3,276,277000,88677
3,277,278000,88677
3,278,279000,88677
3,279,280000,88677
3,280,281000,88677
3,281,282000,88681
3,282,283000,88681
3,283,284000,88681
3,284,285000,88681
3,285,286000,88685
3,286,287000,88685
3,287,288000,88685
3,288,289000,88685
3,289,290000,88685
3,290,291000,88685
3,291,292000,88685
3,292,293000,88685
3,293,294000,88685
3,294,295000,88696
3,295,296000,88696
3,296,297000,88696
3,297,298000,88696
3,298,299000,88696
3,299,300000,88699
3,300,301000,88699
3,301,302000,88699
3,302,303000,88705
3,303,304000,88708
3,304,305000,88708
3,305,306000,88708
3,306,307000,88708
3,307,308000,88712
3,308,309000,88715
3,309,310000,88715
3,310,311000,88715
3,311,312000,88718
3,312,313000,88722
3,313,314000,88722
3,314,315000,88722
3,315,316000,88726
3,316,317000,88726
3,317,318000,88726
3,318,319000,88727
3,319,320000,88727
3,320,321000,88727
3,321,322000,88727
3,322,323000,88727
3,323,324000,88727
3,324,325000,88729
3,325,326000,88729
3,326,327000,88729
3,327,328000,88729
3,328,329000,88737
3,329,330000,88737
3,330,331000,88737
3,331,332000,88737
3,332,333000,88739
3,333,334000,88739
3,334,335000,88739
3,335,336000,88739
3,336,337000,88740
3,337,338000,88740
3,338,339000,88740
3,339,340000,88746
3,340,341000,88746
3,341,342000,88747
3,342,343000,88747
3,343,344000,88747
3,344,345000,88747
3,345,346000,88747
3,346,347000,88747
3,347,348000,88747
3,348,349000,88747
3,349,350000,88747
3,350,351000,88747
3,351,352000,88747
3,352,353000,88747
3,353,354000,88747
3,354,355000,88747
3,355,356000,88747
3,356,357000,88747
3,357,358000,88747
3,358,359000,88747
3,359,360000,88747
3,360,361000,88747
3,361,362000,88747
3,362,363000,88747
3,363,364000,88747
3,364,365000,88747
3,365,366000,88747
3,366,367000,88747
3,367,368000,88747
3,368,369000,88747
3,369,370000,88747
3,370,371000,88747
3,371,372000,88747
3,372,373000,88747
3,373,374000,88747
3,374,375000,88747
3,375,376000,88747
3,376,377000,88747
3,377,378000,88747
3,378,379000,88747
3,379,380000,88747
3,380,381000,88747
3,381,382000,88747
3,382,383000,88747
3,383,384000,88747
3,384,385000,88747
3,385,386000,88747
3,386,387000,88747
3,387,388000,88747
3,388,389000,88747
3,389,390000,88747
3,390,391000,88747
3,391,392000,88747
3,392,393000,88747
3,393,394000,88747
3,394,395000,88751
3,395,396000,88751
3,396,397000,88751
3,397,398000,88751
3,398,399000,88751
3,399,400000,88751
3,400,401000,88751
3,401,402000,88751
3,402,403000,88751
3,403,404000,88751
3,404,405000,88751
3,405,406000,88751
3,406,407000,88751
3,407,408000,88751
3,408,409000,88751
3,409,410000,88751
3,410,411000,88751
3,411,412000,88751
3,412,413000,88751
3,413,414000,88751
3,414,415000,88751
3,415,416000,88751
3,416,417000,88751
3,417,418000,88751
3,418,419000,88751
3,419,420000,88751
3,420,421000,88751
3,421,422000,88751
3,422,423000,88751
3,423,424000,88751
3,424,425000,88751
3,425,426000,88751
3,426,427000,88751
3,427,428000,88751
3,428,429000,88751
3,429,430000,88751
3,430,431000,88751
3,431,432000,88751
3,432,433000,88751
3,433,434000,88751
3,434,435000,88751
3,435,436000,88751
3,436,437000,88751
3,437,438000,88751
3,438,439000,88751
3,439,440000,88751
3,440,441000,88751
3,441,442000,88751
3,442,443000,88751
3,443,444000,88751
3,444,445000,88751
3,445,446000,88751
3,446,447000,88751
3,447,448000,88751
3,448,449000,88751
3,449,450000,88751
3,450,451000,88751
3,451,452000,88751
3,452,453000,88751
3,453,454000,88751
3,454,455000,88751
3,455,456000,88751
3,456,457000,88751
3,457,458000,88751
3,458,459000,88751
3,459,460000,88751
3,460,461000,88751
3,461,462000,88751
3,462,463000,88751
3,463,464000,88751
3,464,465000,88751
3,465,466000,88751
3,466,467000,88751
3,467,468000,88751
3,468,469000,88751
3,469,470000,88751
3,470,471000,88751
3,471,472000,88751
3,472,473000,88751
3,473,474000,88751
3,474,475000,88751
3,475,476000,88751
3,476,477000,88751
3,477,478000,88751
3,478,479000,88751
3,479,480000,88751
3,480,481000,88751
3,481,482000,88751
3,482,483000,88751
3,483,484000,88751
3,484,485000,88751
3,485,486000,88751
3,486,487000,88751
3,487,488000,88751
3,488,489000,88751
3,489,490000,88751
3,490,491000,88751
3,491,492000,88751
3,492,493000,88751
3,493,494000,88751
3,494,495000,88751
3,495,496000,88751
3,496,497000,88751
3,497,498000,88751
3,498,499000,88751
3,499,500000,88751
4,0,1000,72977
4,1,2000,75614
4,2,3000,77516
4,3,4000,78944
4,4,5000,80096
4,5,6000,80465
4,6,7000,81098
4,7,8000,82538
4,8,9000,82538
4,9,10000,82802
4,10,11000,83446
4,11,12000,83617
4,12,13000,84375
4,13,14000,84509
4,14,15000,84669
4,15,16000,84869
4,16,17000,85151
4,17,18000,85151
4,18,19000,85338
4,19,20000,85497
4,20,21000,85659
4,21,22000,85736
4,22,23000,86122
4,23,24000,86315
4,24,25000,86400
4,25,26000,86459
4,26,27000,86552
4,27,28000,86657
4,28,29000,86783
4,29,30000,86871
4,30,31000,87043
4,31,32000,87083
4,32,33000,87100
4,33,34000,87101
4,34,35000,87201
4,35,36000,87234
4,36,37000,87281
4,37,38000,87345
4,38,39000,87375
4,39,40000,87441
4,40,41000,87481
4,41,42000,87581
4,42,43000,87600
4,43,44000,87642
4,44,45000,87655
4,45,46000,87692
4,46,47000,87734
4,47,48000,87782
4,48,49000,87782
4,49,50000,87811
4,50,51000,87813
4,51,52000,87851
4,52,53000,87854
4,53,54000,87854
4,54,55000,87904
4,55,56000,87920
4,56,57000,87996
4,57,58000,88012
4,58,59000,88019
4,59,60000,88032
4,60,61000,88046
4,61,62000,88046
4,62,63000,88052
4,63,64000,88060
4,64,65000,88067
4,65,66000,88085
4,66,67000,88091
4,67,68000,88124
4,68,69000,88128
4,69,70000,88143
4,70,71000,88163
4,71,72000,88177
4,72,73000,88203
4,73,74000,88203
4,74,75000,88206
4,75,76000,88227
4,76,77000,88233
4,77,78000,88246
4,78,79000,88251
4,79,80000,88255
4,80,81000,88264
4,81,82000,88267
4,82,83000,88275
4,83,84000,88278
4,84,85000,88290
4,85,86000,88290
4,86,87000,88291
4,87,88000,88292
4,88,89000,88311
4,89,90000,88315
4,90,91000,88316
4,91,92000,88318
4,92,93000,88322
4,93,94000,88322
4,94,95000,88323
4,95,96000,88326
4,96,97000,88338
4,97,98000,88342
4,98,99000,88342
4,99,100000,88376
4,100,101000,88376
4,101,102000,88376
4,102,103000,88388
4,103,104000,88391
4,104,105000,88391
4,105,106000,88393
4,106,107000,88393
4,107,108000,88395
4,108,109000,88398
4,109,110000,88407
4,110,111000,88414
4,111,112000,88439
4,112,113000,88439
4,113,114000,88446
4,114,115000,88451
4,115,116000,88451
4,116,117000,88487
4,117,118000,88487
4,118,119000,88489
4,119,120000,88490
4,120,121000,88501
4,121,122000,88501
4,122,123000,88507
4,123,124000,88507
4,124,125000,88509
4,125,126000,88518
4,126,127000,88518
4,127,128000,88524
4,128,129000,88524
4,129,130000,88529
4,130,131000,88530
4,131,132000,88534
4,132,133000,88540
4,133,134000,88549
4,134,135000,88557
4,135,136000,88562
4,136,137000,88562
4,137,138000,88566
4,138,139000,88566
4,139,140000,88569
4,140,141000,88569
4,141,142000,88571
4,142,143000,88571
4,143,144000,88571
4,144,145000,88593
4,145,146000,88595
4,146,147000,88595
4,147,148000,88603
4,148,149000,88604
4,149,150000,88604
4,150,151000,88606
4,151,152000,88608
4,152,153000,88609
4,153,154000,88611
4,154,155000,88612
4,155,156000,88613
4,156,157000,88613
4,157,158000,88613
4,158,159000,88613
4,159,160000,88613
4,160,161000,88619
4,161,162000,88619
4,162,163000,88619
4,163,164000,88619
4,164,165000,88627
4,165,166000,88627
4,166,167000,88629
4,167,168000,88629
4,168,169000,88631
4,169,170000,88631
4,170,171000,88633
4,171,172000,88633
4,172,173000,88633
4,173,174000,88633
4,174,175000,88633
4,175,176000,88633
4,176,177000,88633
4,177,178000,88633
4,178,179000,88633
4,179,180000,88633
4,180,181000,88633
4,181,182000,88633
4,182,183000,88633
4,183,184000,88633
4,184,185000,88654
4,185,186000,88654
4,186,187000,88657
4,187,188000,88661
4,188,189000,88661
4,189,190000,88664
4,190,191000,88668
4,191,192000,88668
4,192,193000,88670
4,193,194000,88670
4,194,195000,88670
4,195,196000,88670
4,196,197000,88670
4,197,198000,88670
4,198,199000,88670
4,199,200000,88670
4,200,201000,88670
4,201,202000,88670
4,202,203000,88670
4,203,204000,88670
4,204,205000,88670
4,205,206000,88670
4,206,207000,88670
4,207,208000,88670
4,208,209000,88670
4,209,210000,88670
4,210,211000,88670
4,211,212000,88670
4,212,213000,88670
4,213,214000,88670
4,214,215000,88670
4,215,216000,88670
4,216,217000,88670
4,217,218000,88670
4,218,219000,88670
4,219,220000,88670
4,220,221000,88670
4,221,222000,88670
4,222,223000,88670
4,223,224000,88670
4,224,225000,88675
4,225,226000,88675
4,226,227000,88678
4,227,228000,88678
4,228,229000,88682
4,229,230000,88682
4,230,231000,88682
4,231,232000,88682
4,232,233000,88682
4,233,234000,88682
4,234,235000,88682
4,235,236000,88684
4,236,237000,88684
4,237,238000,88684
4,238,239000,88684
4,239,240000,88684
4,240,241000,88684
4,241,242000,88684
4,242,243000,88684
4,243,244000,88708
4,244,245000,88708
4,245,246000,88708
4,246,247000,88708
4,247,248000,88708
4,248,249000,88708
4,249,250000,88708
4,250,251000,88708
4,251,252000,88710
4,252,253000,88710
4,253,254000,88712
4,254,255000,88712
4,255,256000,88712
4,256,257000,88713
4,257,258000,88713
4,258,259000,88713
4,259,260000,88713
4,260,261000,88713
4,261,262000,88713
4,262,263000,88713
4,263,264000,88713
4,264,265000,88713
4,265,266000,88713
4,266,267000,88713
4,267,268000,88713
4,268,269000,88716
4,269,270000,88716
4,270,271000,88716
4,271,272000,88716
4,272,273000,88716
4,273,274000,88716
4,274,275000,88716
4,275,276000,88717
4,276,277000,88719
4,277,278000,88719
4,278,279000,88720
4,279,280000,88764
4,280,281000,88764
4,281,282000,88767
4,282,283000,88767
4,283,284000,88769
4,284,285000,88769
4,285,286000,88769
4,286,287000,88769
4,287,288000,88769
4,288,289000,88769
4,289,290000,88769
4,290,291000,88769
4,291,292000,88769
4,292,293000,88769
4,293,294000,88769
4,294,295000,88769
4,295,296000,88769
4,296,297000,88769
4,297,298000,88769
4,298,299000,88772
4,299,300000,88772
4,300,301000,88772
4,301,302000,88772
4,302,303000,88772
4,303,304000,88772
4,304,305000,88772
4,305,306000,88772
4,306,307000,88772
4,307,308000,88772
4,308,309000,88772
4,309,310000,88772
4,310,311000,88779
4,311,312000,88779
4,312,313000,88780
4,313,314000,88780
4,314,315000,88780
4,315,316000,88780
4,316,317000,88780
4,317,318000,88780
4,318,319000,88780
4,319,320000,88780
4,320,321000,88780
4,321,322000,88780
4,322,323000,88780
4,323,324000,88780
4,324,325000,88780
4,325,326000,88780
4,326,327000,88780
4,327,328000,88780
4,328,329000,88780
4,329,330000,88780
4,330,331000,88780
4,331,332000,88780
4,332,333000,88780
4,333,334000,88780
4,334,335000,88780
4,335,336000,88780
4,336,337000,88780
4,337,338000,88780
4,338,339000,88780
4,339,340000,88780
4,340,341000,88789
4,341,342000,88789
4,342,343000,88789
4,343,344000,88797
4,344,345000,88801
4,345,346000,88801
4,346,347000,88802
4,347,348000,88809
4,348,349000,88809
4,349,350000,88809
4,350,351000,88810
4,351,352000,88810
4,352,353000,88810
4,353,354000,88810
4,354,355000,88810
4,355,356000,88810
4,356,357000,88810
4,357,358000,88810
4,358,359000,88810
4,359,360000,88810
4,360,361000,88810
4,361,362000,88810
4,362,363000,88810
4,363,364000,88810
4,364,365000,88810
4,365,366000,88810
4,366,367000,88810
4,367,368000,88810
4,368,369000,88810
4,369,370000,88810
4,370,371000,88810
4,371,372000,88810
4,372,373000,88810
4,373,374000,88810
4,374,375000,88810
4,375,376000,88810
4,376,377000,88810
4,377,378000,88810
4,378,379000,88810
4,379,380000,88810
4,380,381000,88810
4,381,382000,88810
4,382,383000,88810
4,383,384000,88810
4,384,385000,88810
4,385,386000,88810
4,386,387000,88810
4,387,388000,88810
4,388,389000,88810
4,389,390000,88810
4,390,391000,88810
4,391,392000,88810
4,392,393000,88810
4,393,394000,88810
4,394,395000,88810
4,395,396000,88810
4,396,397000,88810
4,397,398000,88810
4,398,399000,88810
4,399,400000,88810
4,400,401000,88810
4,401,402000,88810
4,402,403000,88812
4,403,404000,88812
4,404,405000,88812
4,405,406000,88812
4,406,407000,88814
4,407,408000,88815
4,408,409000,88815
4,409,410000,88815
4,410,411000,88818
4,411,412000,88819
4,412,413000,88819
4,413,414000,88819
4,414,415000,88826
4,415,416000,88826
4,416,417000,88834
4,417,418000,88834
4,418,419000,88840
4,419,420000,88840
4,420,421000,88840
4,421,422000,88841
4,422,423000,88842
4,423,424000,88842
4,424,425000,88852
4,425,426000,88852
4,426,427000,88853
4,427,428000,88853
4,428,429000,88853
4,429,430000,88853
4,430,431000,88853
4,431,432000,88857
4,432,433000,88857
4,433,434000,88857
4,434,435000,88857
4,435,436000,88859
4,436,437000,88859
4,437,438000,88859
4,438,439000,88859
4,439,440000,88859
4,440,441000,88859
4,441,442000,88859
4,442,443000,88859
4,443,444000,88859
4,444,445000,88859
4,445,446000,88859
4,446,447000,88859
4,447,448000,88859
4,448,449000,88859
4,449,450000,88859
4,450,451000,88859
4,451,452000,88859
4,452,453000,88859
4,453,454000,88859
4,454,455000,88875
4,455,456000,88875
4,456,457000,88875
4,457,458000,88875
4,458,459000,88875
4,459,460000,88875
4,460,461000,88875
4,461,462000,88877
4,462,463000,88877
4,463,464000,88877
4,464,465000,88877
4,465,466000,88877
4,466,467000,88877
4,467,468000,88877
4,468,469000,88879
4,469,470000,88879
4,470,471000,88879
4,471,472000,88879
4,472,473000,88885
4,473,474000,88885
4,474,475000,88885
4,475,476000,88887
4,476,477000,88887
4,477,478000,88888
4,478,479000,88888
4,479,480000,88888
4,480,481000,88888
4,481,482000,88889
4,482,483000,88889
4,483,484000,88889
4,484,485000,88889
4,485,486000,88889
4,486,487000,88889
4,487,488000,88889
4,488,489000,88894
4,489,490000,88894
4,490,491000,88894
4,491,492000,88894
4,492,493000,88894
4,493,494000,88894
4,494,495000,88894
4,495,496000,88894
4,496,497000,88894
4,497,498000,88894
4,498,499000,88894
4,499,500000,88894
5,0,1000,73270
5,1,2000,76358
5,2,3000,78038
5,3,4000,78993
5,4,5000,79910
5,5,6000,80725
5,6,7000,82026
5,7,8000,82196
5,8,9000,83000
5,9,10000,83207
5,10,11000,83352
5,11,12000,83774
5,12,13000,84230
5,13,14000,84308
5,14,15000,84612
5,15,16000,84767
5,16,17000,85097
5,17,18000,85136
5,18,19000,85378
5,19,20000,85645
5,20,21000,85687
5,21,22000,85794
5,22,23000,85826
5,23,24000,86028
5,24,25000,86028
5,25,26000,86136
5,26,27000,86288
5,27,28000,86379
5,28,29000,86422
5,29,30000,86533
5,30,31000,86559
5,31,32000,86698
5,32,33000,86720
5,33,34000,86988
5,34,35000,87028
5,35,36000,87051
5,36,37000,87155
5,37,38000,87175
5,38,39000,87198
5,39,40000,87227
5,40,41000,87345
5,41,42000,87362
5,42,43000,87375
5,43,44000,87397
5,44,45000,87419
5,45,46000,87482
5,46,47000,87513
5,47,48000,87513
5,48,49000,87559
5,49,50000,87610
5,50,51000,87652
5,51,52000,87655
5,52,53000,87722
5,53,54000,87722
5,54,55000,87780
5,55,56000,87780
5,56,57000,87800
5,57,58000,87815
5,58,59000,87835
5,59,60000,87856
5,60,61000,87883
5,61,62000,87915
5,62,63000,87915
5,63,64000,87915
5,64,65000,87928
5,65,66000,87941
5,66,67000,87956
5,67,68000,87977
5,68,69000,87987
5,69,70000,88005
5,70,71000,88005
5,71,72000,88007
5,72,73000,88026
5,73,74000,88037
5,74,75000,88048
5,75,76000,88052
5,76,77000,88066
5,77,78000,88074
5,78,79000,88089
5,79,80000,88089
5,80,81000,88103
5,81,82000,88129
5,82,83000,88135
5,83,84000,88144
5,84,85000,88185
5,85,86000,88191
5,86,87000,88191
5,87,88000,88200
5,88,89000,88201
5,89,90000,88206
5,90,91000,88233
5,91,92000,88240
5,92,93000,88247
5,93,94000,88251
5,94,95000,88254
5,95,96000,88261
5,96,97000,88264
5,97,98000,88275
5,98,99000,88275
5,99,100000,88295
5,100,101000,88309
5,101,102000,88320
5,102,103000,88326
5,103,104000,88332
5,104,105000,88334
5,105,106000,88339
5,106,107000,88344
5,107,108000,88344
5,108,109000,88349
5,109,110000,88358
5,110,111000,88359
5,111,112000,88360
5,112,113000,88364
5,113,114000,88368
5,114,115000,88370
5,115,116000,88372
5,116,117000,88376
5,117,118000,88380
5,118,119000,88381
5,119,120000,88386
5,120,121000,88387
5,121,122000,88389
5,122,123000,88393
5,123,124000,88398
5,124,125000,88399
5,125,126000,88401
5,126,127000,88401
5,127,128000,88410
5,128,129000,88412
5,129,130000,88412
5,130,131000,88414
5,131,132000,88414
5,132,133000,88424
5,133,134000,88424
5,134,135000,88426
5,135,136000,88426
5,136,137000,88432
5,137,138000,88432
5,138,139000,88432
5,139,140000,88433
5,140,141000,88433
5,141,142000,88433
5,142,143000,88433
5,143,144000,88433
5,144,145000,88433
5,145,146000,88433
5,146,147000,88435
5,147,148000,88435
5,148,149000,88435
5,149,150000,88435
5,150,151000,88440
5,151,152000,88443
5,152,153000,88449
5,153,154000,88452
5,154,155000,88455
5,155,156000,88455
5,156,157000,88455
5,157,158000,88455
5,158,159000,88457
5,159,160000,88467
5,160,161000,88467
5,161,162000,88469
5,162,163000,88469
5,163,164000,88469
5,164,165000,88471
5,165,166000,88471
5,166,167000,88471
5,167,168000,88471
5,168,169000,88482
5,169,170000,88482
5,170,171000,88482
5,171,172000,88482
5,172,173000,88482
5,173,174000,88482
5,174,175000,88482
5,175,176000,88482
5,176,177000,88482
5,177,178000,88482
5,178,179000,88482
5,179,180000,88482
5,180,181000,88482
5,181,182000,88482
5,182,183000,88482
5,183,184000,88482
5,184,185000,88482
5,185,186000,88482
5,186,187000,88482
5,187,188000,88482
5,188,189000,88482
5,189,190000,88491
5,190,191000,88491
5,191,192000,88491
5,192,193000,88491
5,193,194000,88491
5,194,195000,88491
5,195,196000,88491
5,196,197000,88491
5,197,198000,88491
5,198,199000,88491
5,199,200000,88491
5,200,201000,88491
5,201,202000,88491
5,202,203000,88491
5,203,204000,88491
5,204,205000,88499
5,205,206000,88499
5,206,207000,88499
5,207,208000,88499
5,208,209000,88499
5,209,210000,88499
5,210,211000,88499
5,211,212000,88499
5,212,213000,88499
5,213,214000,88499
5,214,215000,88499
5,215,216000,88501
5,216,217000,88501
5,217,218000,88501
5,218,219000,88501
5,219,220000,88501
5,220,221000,88501
5,221,222000,88501
5,222,223000,88501
5,223,224000,88509
5,224,225000,88509
5,225,226000,88509
5,226,227000,88509
5,227,228000,88509
5,228,229000,88509
5,229,230000,88509
5,230,231000,88509
5,231,232000,88509
5,232,233000,88509
5,233,234000,88509
5,234,235000,88509
5,235,236000,88509
5,236,237000,88509
5,237,238000,88509
5,238,239000,88509
5,239,240000,88509
5,240,241000,88509
5,241,242000,88509
5,242,243000,88509
5,243,244000,88509
5,244,245000,88509
5,245,246000,88509
5,246,247000,88509
5,247,248000,88509
5,248,249000,88509
5,249,250000,88509
5,250,251000,88509
5,251,252000,88509
5,252,253000,88509
5,253,254000,88509
5,254,255000,88509
5,255,256000,88509
5,256,257000,88509
5,257,258000,88509
5,258,259000,88509
5,259,260000,88509
5,260,261000,88509
5,261,262000,88509
5,262,263000,88509
5,263,264000,88517
5,264,265000,88517
5,265,266000,88517
5,266,267000,88517
5,267,268000,88517
5,268,269000,88517
5,269,270000,88517
5,270,271000,88517
5,271,272000,88517
5,272,273000,88517
5,273,274000,88517
5,274,275000,88517
5,275,276000,88517
5,276,277000,88517
5,277,278000,88517
5,278,279000,88517
5,279,280000,88525
5,280,281000,88525
5,281,282000,88534
5,282,283000,88535
5,283,284000,88541
5,284,285000,88547
5,285,286000,88548
5,286,287000,88549
5,287,288000,88549
5,288,289000,88549
5,289,290000,88549
5,290,291000,88549
5,291,292000,88549
5,292,293000,88560
5,293,294000,88560
5,294,295000,88560
5,295,296000,88560
5,296,297000,88565
5,297,298000,88566
5,298,299000,88566
5,299,300000,88574
5,300,301000,88575
5,301,302000,88575
5,302,303000,88575
5,303,304000,88575
5,304,305000,88575
5,305,306000,88576
5,306,307000,88576
5,307,308000,88576
5,308,309000,88576
5,309,310000,88576
5,310,311000,88576
5,311,312000,88576
5,312,313000,88576
5,313,314000,88576
5,314,315000,88576
5,315,316000,88576
5,316,317000,88576
5,317,318000,88576
5,318,319000,88576
5,319,320000,88576
5,320,321000,88576
5,321,322000,88576
5,322,323000,88576
5,323,324000,88576
5,324,325000,88576
5,325,326000,88576
5,326,327000,88576
5,327,328000,88576
5,328,329000,88576
5,329,330000,88576
5,330,331000,88576
5,331,332000,88576
5,332,333000,88576
5,333,334000,88580
5,334,335000,88580
5,335,336000,88580
5,336,337000,88580
5,337,338000,88580
5,338,339000,88580
5,339,340000,88580
5,340,341000,88580
5,341,342000,88580
5,342,343000,88580
5,343,344000,88580
5,344,345000,88580
5,345,346000,88580
5,346,347000,88580
5,347,348000,88580
5,348,349000,88584
5,349,350000,88584
5,350,351000,88584
5,351,352000,88585
5,352,353000,88585
5,353,354000,88587
5,354,355000,88594
5,355,356000,88594
5,356,357000,88594
5,357,358000,88594
5,358,359000,88596
5,359,360000,88597
5,360,361000,88597
5,361,362000,88597
5,362,363000,88598
5,363,364000,88601
5,364,365000,88601
5,365,366000,88604
5,366,367000,88609
5,367,368000,88609
5,368,369000,88609
5,369,370000,88609
5,370,371000,88609
5,371,372000,88609
5,372,373000,88609
5,373,374000,88609
5,374,375000,88613
5,375,376000,88613
5,376,377000,88613
5,377,378000,88613
5,378,379000,88613
5,379,380000,88613
5,380,381000,88613
5,381,382000,88613
5,382,383000,88613
5,383,384000,88613
5,384,385000,88613
5,385,386000,88613
5,386,387000,88613
5,387,388000,88613
5,388,389000,88613
5,389,390000,88613
5,390,391000,88613
5,391,392000,88613
5,392,393000,88613
5,393,394000,88613
5,394,395000,88613
5,395,396000,88613
5,396,397000,88613
5,397,398000,88613
5,398,399000,88613
5,399,400000,88613
5,400,401000,88613
5,401,402000,88613
5,402,403000,88613
5,403,404000,88613
5,404,405000,88613
5,405,406000,88613
5,406,407000,88613
5,407,408000,88613
5,408,409000,88613
5,409,410000,88617
5,410,411000,88617
5,411,412000,88617
5,412,413000,88617
5,413,414000,88617
5,414,415000,88617
5,415,416000,88617
5,416,417000,88617
5,417,418000,88617
5,418,419000,88617
5,419,420000,88617
5,420,421000,88617
5,421,422000,88617
5,422,423000,88617
5,423,424000,88617
5,424,425000,88617
5,425,426000,88617
5,426,427000,88617
5,427,428000,88617
5,428,429000,88617
5,429,430000,88617
5,430,431000,88617
5,431,432000,88617
5,432,433000,88617
5,433,434000,88617
5,434,435000,88617
5,435,436000,88617
5,436,437000,88617
5,437,438000,88617
5,438,439000,88617
5,439,440000,88617
5,440,441000,88617
5,441,442000,88617
5,442,443000,88617
5,443,444000,88617
5,444,445000,88617
5,445,446000,88617
5,446,447000,88617
5,447,448000,88617
5,448,449000,88617
5,449,450000,88617
5,450,451000,88617
5,451,452000,88617
5,452,453000,88617
5,453,454000,88617
5,454,455000,88617
5,455,456000,88617
5,456,457000,88617
5,457,458000,88617
5,458,459000,88617
5,459,460000,88617
5,460,461000,88617
5,461,462000,88617
5,462,463000,88617
5,463,464000,88617
5,464,465000,88617
5,465,466000,88617
5,466,467000,88617
5,467,468000,88617
5,468,469000,88617
5,469,470000,88617
5,470,471000,88617
5,471,472000,88617
5,472,473000,88617
5,473,474000,88617
5,474,475000,88617
5,475,476000,88617
5,476,477000,88617
5,477,478000,88617
5,478,479000,88617
5,479,480000,88617
5,480,481000,88617
5,481,482000,88617
5,482,483000,88617
5,483,484000,88617
5,484,485000,88617
5,485,486000,88617
5,486,487000,88617
5,487,488000,88617
5,488,489000,88617
5,489,490000,88617
5,490,491000,88617
5,491,492000,88617
5,492,493000,88617
5,493,494000,88617
5,494,495000,88617
5,495,496000,88617
5,496,497000,88617
5,497,498000,88617
5,498,499000,88617
5,499,500000,88617
6,0,1000,73397
6,1,2000,77295
6,2,3000,77663
6,3,4000,78854
6,4,5000,79580
6,5,6000,80698
6,6,7000,81642
6,7,8000,82262
6,8,9000,83801
6,9,10000,84208
6,10,11000,84208
6,11,12000,84525
6,12,13000,84529
6,13,14000,84702
6,14,15000,84870
6,15,16000,85079
6,16,17000,85224
6,17,18000,85230
6,18,19000,85426
6,19,20000,85674
6,20,21000,85951
6,21,22000,86092
6,22,23000,86108
6,23,24000,86234
6,24,25000,86301
6,25,26000,86386
6,26,27000,86432
6,27,28000,86500
6,28,29000,86687
6,29,30000,86774
6,30,31000,86802
6,31,32000,86830
6,32,33000,86919
6,33,34000,86925
6,34,35000,86952
6,35,36000,87020
6,36,37000,87020
6,37,38000,87069
6,38,39000,87095
6,39,40000,87165
6,40,41000,87253
6,41,42000,87262
6,42,43000,87314
6,43,44000,87314
6,44,45000,87342
6,45,46000,87367
6,46,47000,87379
6,47,48000,87427
6,48,49000,87442
6,49,50000,87442
6,50,51000,87455
6,51,52000,87507
6,52,53000,87526
6,53,54000,87606
6,54,55000,87672
6,55,56000,87698
6,56,57000,87718
6,57,58000,87720
6,58,59000,87751
6,59,60000,87776
6,60,61000,87791
6,61,62000,87826
6,62,63000,87833
6,63,64000,87844
6,64,65000,87857
6,65,66000,87875
6,66,67000,87885
6,67,68000,87907
6,68,69000,87922
6,69,70000,87965
6,70,71000,87990
6,71,72000,88027
6,72,73000,88034
6,73,74000,88042
6,74,75000,88064
6,75,76000,88077
6,76,77000,88093
6,77,78000,88093
6,78,79000,88102
6,79,80000,88113
6,80,81000,88115
6,81,82000,88123
6,82,83000,88137
6,83,84000,88137
6,84,85000,88147
6,85,86000,88148
6,86,87000,88149
6,87,88000,88154
6,88,89000,88157
6,89,90000,88162
6,90,91000,88167
6,91,92000,88170
6,92,93000,88179
6,93,94000,88187
6,94,95000,88217
6,95,96000,88220
6,96,97000,88230
6,97,98000,88234
6,98,99000,88240
6,99,100000,88266
6,100,101000,88272
6,101,102000,88276
6,102,103000,88280
6,103,104000,88290
6,104,105000,88290
6,105,106000,88293
6,106,107000,88296
6,107,108000,88304
6,108,109000,88314
6,109,110000,88318
6,110,111000,88319
6,111,112000,88330
6,112,113000,88330
6,113,114000,88330
6,114,115000,88330
6,115,116000,88332
6,116,117000,88332
6,117,118000,88342
6,118,119000,88342
6,119,120000,88344
6,120,121000,88344
6,121,122000,88344
6,122,123000,88344
6,123,124000,88346
6,124,125000,88346
6,125,126000,88346
6,126,127000,88348
6,127,128000,88348
6,128,129000,88361
6,129,130000,88361
6,130,131000,88361
6,131,132000,88361
6,132,133000,88361
6,133,134000,88361
6,134,135000,88379
6,135,136000,88379
6,136,137000,88379
6,137,138000,88379
6,138,139000,88379
6,139,140000,88379
6,140,141000,88379
6,141,142000,88379
6,142,143000,88379
6,143,144000,88379
6,144,145000,88379
6,145,146000,88387
6,146,147000,88387
6,147,148000,88387
6,148,149000,88387
6,149,150000,88391
6,150,151000,88391
6,151,152000,88391
6,152,153000,88393
6,153,154000,88396
6,154,155000,88396
6,155,156000,88396
6,156,157000,88396
6,157,158000,88396
6,158,159000,88396
6,159,160000,88396
6,160,161000,88396
6,161,162000,88396
6,162,163000,88396
6,163,164000,88396
6,164,165000,88396
6,165,166000,88396
6,166,167000,88396
6,167,168000,88396
6,168,169000,88396
6,169,170000,88396
6,170,171000,88396
6,171,172000,88396
6,172,173000,88397
6,173,174000,88397
6,174,175000,88397
6,175,176000,88420
6,176,177000,88421
6,177,178000,88424
6,178,179000,88428
6,179,180000,88428
6,180,181000,88428
6,181,182000,88428
6,182,183000,88428
6,183,184000,88428
6,184,185000,88428
6,185,186000,88428
6,186,187000,88428
6,187,188000,88428
6,188,189000,88428
6,189,190000,88428
6,190,191000,88428
6,191,192000,88428
6,192,193000,88428
6,193,194000,88430
6,194,195000,88430
6,195,196000,88430
6,196,197000,88430
6,197,198000,88430
6,198,199000,88442
6,199,200000,88442
6,200,201000,88442
6,201,202000,88442
6,202,203000,88446
6,203,204000,88446
6,204,205000,88453
6,205,206000,88453
6,206,207000,88457
6,207,208000,88457
6,208,209000,88457
6,209,210000,88457
6,210,211000,88460
6,211,212000,88473
6,212,213000,88473
6,213,214000,88476
6,214,215000,88476
6,215,216000,88476
6,216,217000,88476
6,217,218000,88476
6,218,219000,88476
6,219,220000,88481
6,220,221000,88481
6,221,222000,88481
6,222,223000,88484
6,223,224000,88489
6,224,225000,88489
6,225,226000,88506
6,226,227000,88506
6,227,228000,88514
6,228,229000,88514
6,229,230000,88514
6,230,231000,88514
6,231,232000,88514
6,232,233000,88514
6,233,234000,88514
6,234,235000,88514
6,235,236000,88514
6,236,237000,88514
6,237,238000,88514
6,238,239000,88514
6,239,240000,88514
6,240,241000,88514
6,241,242000,88514
6,242,243000,88514
6,243,244000,88514
6,244,245000,88514
6,245,246000,88514
6,246,247000,88514
6,247,248000,88518
6,248,249000,88518
6,249,250000,88518
6,250,251000,88518
6,251,252000,88525
6,252,253000,88525
6,253,254000,88525
6,254,255000,88528
6,255,256000,88553
6,256,257000,88570
6,257,258000,88570
6,258,259000,88573
6,259,260000,88574
6,260,261000,88584
6,261,262000,88586
6,262,263000,88596
6,263,264000,88596
6,264,265000,88604
6,265,266000,88604
6,266,267000,88608
6,267,268000,88608
6,268,269000,88608
6,269,270000,88608
6,270,271000,88608
6,271,272000,88612
6,272,273000,88616
6,273,274000,88616
6,274,275000,88616
6,275,276000,88616
6,276,277000,88616
6,277,278000,88616
6,278,279000,88616
6,279,280000,88618
6,280,281000,88618
6,281,282000,88618
6,282,283000,88620
6,283,284000,88636
6,284,285000,88636
6,285,286000,88638
6,286,287000,88638
6,287,288000,88638
6,288,289000,88639
6,289,290000,88640
6,290,291000,88641
6,291,292000,88647
6,292,293000,88647
6,293,294000,88649
6,294,295000,88649
6,295,296000,88649
6,296,297000,88650
6,297,298000,88650
6,298,299000,88656
6,299,300000,88658
6,300,301000,88659
6,301,302000,88659
6,302,303000,88659
6,303,304000,88659
6,304,305000,88659
6,305,306000,88659
6,306,307000,88659
6,307,308000,88659
6,308,309000,88659
6,309,310000,88659
6,310,311000,88659
6,311,312000,88663
6,312,313000,88663
6,313,314000,88663
6,314,315000,88663
6,315,316000,88667
6,316,317000,88667
6,317,318000,88667
6,318,319000,88667
6,319,320000,88667
6,320,321000,88667
6,321,322000,88667
6,322,323000,88667
6,323,324000,88671
6,324,325000,88671
6,325,326000,88671
6,326,327000,88671
6,327,328000,88671
6,328,329000,88671
6,329,330000,88671
6,330,331000,88671
6,331,332000,88671
6,332,333000,88671
6,333,334000,88671
6,334,335000,88675
6,335,336000,88675
6,336,337000,88675
6,337,338000,88675
6,338,339000,88675
6,339,340000,88675
6,340,341000,88675
6,341,342000,88675
6,342,343000,88675
6,343,344000,88675
6,344,345000,88675
6,345,346000,88675
6,346,347000,88675
6,347,348000,88675
6,348,349000,88675
6,349,350000,88675
6,350,351000,88675
6,351,352000,88675
6,352,353000,88675
6,353,354000,88675
6,354,355000,88675
6,355,356000,88675
6,356,357000,88675
6,357,358000,88675
6,358,359000,88679
6,359,360000,88679
6,360,361000,88681
6,361,362000,88681
6,362,363000,88681
6,363,364000,88681
6,364,365000,88681
6,365,366000,88681
6,366,367000,88681
6,367,368000,88681
6,368,369000,88681
6,369,370000,88681
6,370,371000,88681
6,371,372000,88681
6,372,373000,88681
6,373,374000,88681
6,374,375000,88681
6,375,376000,88681
6,376,377000,88681
6,377,378000,88681
6,378,379000,88681
6,379,380000,88681
6,380,381000,88681
6,381,382000,88681
6,382,383000,88681
6,383,384000,88681
6,384,385000,88681
6,385,386000,88681
6,386,387000,88681
6,387,388000,88681
6,388,389000,88681
6,389,390000,88681
6,390,391000,88681
6,391,392000,88681
6,392,393000,88681
6,393,394000,88681
6,394,395000,88681
6,395,396000,88681
6,396,397000,88681
6,397,398000,88681
6,398,399000,88681
6,399,400000,88681
6,400,401000,88681
6,401,402000,88681
6,402,403000,88681
6,403,404000,88681
6,404,405000,88681
6,405,406000,88681
6,406,407000,88681
6,407,408000,88681
6,408,409000,88681
6,409,410000,88681
6,410,411000,88681
6,411,412000,88681
6,412,413000,88681
6,413,414000,88681
6,414,415000,88681
6,415,416000,88681
6,416,417000,88681
6,417,418000,88681
6,418,419000,88681
6,419,420000,88681
6,420,421000,88681
6,421,422000,88681
6,422,423000,88681
6,423,424000,88681
6,424,425000,88681
6,425,426000,88681
6,426,427000,88681
6,427,428000,88681
6,428,429000,88681
6,429,430000,88681
6,430,431000,88681
6,431,432000,88681
6,432,433000,88681
6,433,434000,88681
6,434,435000,88681
6,435,436000,88681
6,436,437000,88681
6,437,438000,88681
6,438,439000,88681
6,439,440000,88681
6,440,441000,88681
6,441,442000,88681
6,442,443000,88681
6,443,444000,88681
6,444,445000,88681
6,445,446000,88681
6,446,447000,88681
6,447,448000,88681
6,448,449000,88681
6,449,450000,88681
6,450,451000,88681
6,451,452000,88681
6,452,453000,88681
6,453,454000,88681
6,454,455000,88681
6,455,456000,88681
6,456,457000,88681
6,457,458000,88681
6,458,459000,88681
6,459,460000,88681
6,460,461000,88681
6,461,462000,88681
6,462,463000,88681
6,463,464000,88681
6,464,465000,88681
6,465,466000,88681
6,466,467000,88681
6,467,468000,88681
6,468,469000,88681
6,469,470000,88681
6,470,471000,88681
6,471,472000,88681
6,472,473000,88681
6,473,474000,88681
6,474,475000,88681
6,475,476000,88681
6,476,477000,88681
6,477,478000,88681
6,478,479000,88681
6,479,480000,88681
6,480,481000,88681
6,481,482000,88681
6,482,483000,88681
6,483,484000,88681
6,484,485000,88681
6,485,486000,88681
6,486,487000,88681
6,487,488000,88681
6,488,489000,88681
6,489,490000,88681
6,490,491000,88681
6,491,492000,88681
6,492,493000,88681
6,493,494000,88681
6,494,495000,88681
6,495,496000,88681
6,496,497000,88681
6,497,498000,88681
6,498,499000,88681
6,499,500000,88681
7,0,1000,73416
7,1,2000,76094
7,2,3000,78088
7,3,4000,79047
7,4,5000,80387
7,5,6000,81162
7,6,7000,82004
7,7,8000,82418
7,8,9000,82534
7,9,10000,83145
7,10,11000,83361
7,11,12000,83674
7,12,13000,84114
7,13,14000,84740
7,14,15000,84937
7,15,16000,84962
7,16,17000,85080
7,17,18000,85168
7,18,19000,85281
7,19,20000,85453
7,20,21000,85714
7,21,22000,85714
7,22,23000,85948
7,23,24000,86233
7,24,25000,86290
7,25,26000,86291
7,26,27000,86525
7,27,28000,86558
7,28,29000,86672
7,29,30000,86726
7,30,31000,86734
7,31,32000,86774
7,32,33000,86898
7,33,34000,87005
7,34,35000,87032
7,35,36000,87032
7,36,37000,87115
7,37,38000,87231
7,38,39000,87265
7,39,40000,87279
7,40,41000,87294
7,41,42000,87309
7,42,43000,87389
7,43,44000,87427
7,44,45000,87443
7,45,46000,87493
7,46,47000,87495
7,47,48000,87564
7,48,49000,87598
7,49,50000,87637
7,50,51000,87659
7,51,52000,87752
7,52,53000,87780
7,53,54000,87790
7,54,55000,87790
7,55,56000,87888
7,56,57000,87914
7,57,58000,87934
7,58,59000,87934
7,59,60000,87934
7,60,61000,87938
7,61,62000,87944
7,62,63000,87965
7,63,64000,88016
7,64,65000,88016
7,65,66000,88031
7,66,67000,88031
7,67,68000,88041
7,68,69000,88052
7,69,70000,88059
7,70,71000,88063
7,71,72000,88083
7,72,73000,88092
7,73,74000,88094
7,74,75000,88102
7,75,76000,88105
7,76,77000,88107
7,77,78000,88115
7,78,79000,88137
7,79,80000,88164
7,80,81000,88209
7,81,82000,88219
7,82,83000,88246
7,83,84000,88246
7,84,85000,88257
7,85,86000,88264
7,86,87000,88304
7,87,88000,88304
7,88,89000,88307
7,89,90000,88321
7,90,91000,88324
7,91,92000,88327
7,92,93000,88328
7,93,94000,88351
7,94,95000,88351
7,95,96000,88355
7,96,97000,88360
7,97,98000,88364
7,98,99000,88369
7,99,100000,88369
7,100,101000,88370
7,101,102000,88370
7,102,103000,88375
7,103,104000,88375
7,104,105000,88375
7,105,106000,88381
7,106,107000,88388
7,107,108000,88388
7,108,109000,88389
7,109,110000,88396
7,110,111000,88409
7,111,112000,88409
7,112,113000,88411
7,113,114000,88443
7,114,115000,88458
7,115,116000,88466
7,116,117000,88468
7,117,118000,88470
7,118,119000,88478
7,119,120000,88485
7,120,121000,88485
7,121,122000,88488
7,122,123000,88490
7,123,124000,88491
7,124,125000,88497
7,125,126000,88510
7,126,127000,88510
7,127,128000,88519
7,128,129000,88525
7,129,130000,88530
7,130,131000,88530
7,131,132000,88532
7,132,133000,88532
7,133,134000,88533
7,134,135000,88535
7,135,136000,88536
7,136,137000,88541
7,137,138000,88541
7,138,139000,88541
7,139,140000,88541
7,140,141000,88553
7,141,142000,88553
7,142,143000,88553
7,143,144000,88563
7,144,145000,88567
7,145,146000,88567
7,146,147000,88587
7,147,148000,88587
7,148,149000,88601
7,149,150000,88613
7,150,151000,88614
7,151,152000,88633
7,152,153000,88645
7,153,154000,88650
7,154,155000,88652
7,155,156000,88653
7,156,157000,88655
7,157,158000,88655
7,158,159000,88657
7,159,160000,88657
7,160,161000,88658
7,161,162000,88659
7,162,163000,88660
7,163,164000,88663
7,164,165000,88663
7,165,166000,88665
7,166,167000,88665
7,167,168000,88666
7,168,169000,88666
7,169,170000,88666
7,170,171000,88666
7,171,172000,88666
7,172,173000,88666
7,173,174000,88666
7,174,175000,88666
7,175,176000,88666
7,176,177000,88666
7,177,178000,88666
7,178,179000,88666
7,179,180000,88666
7,180,181000,88666
7,181,182000,88666
7,182,183000,88666
7,183,184000,88666
7,184,185000,88666
7,185,186000,88666
7,186,187000,88666
7,187,188000,88666
7,188,189000,88666
7,189,190000,88666
7,190,191000,88666
7,191,192000,88666
7,192,193000,88666
7,193,194000,88666
7,194,195000,88666
7,195,196000,88666
7,196,197000,88666
7,197,198000,88666
7,198,199000,88666
7,199,200000,88666
7,200,201000,88666
7,201,202000,88666
7,202,203000,88676
7,203,204000,88676
7,204,205000,88676
7,205,206000,88682
7,206,207000,88682
7,207,208000,88682
7,208,209000,88682
7,209,210000,88682
7,210,211000,88682
7,211,212000,88682
7,212,213000,88682
7,213,214000,88682
7,214,215000,88682
7,215,216000,88682
7,216,217000,88682
7,217,218000,88682
7,218,219000,88682
7,219,220000,88682
7,220,221000,88682
7,221,222000,88698
7,222,223000,88698
7,223,224000,88698
7,224,225000,88698
7,225,226000,88698
7,226,227000,88698
7,227,228000,88706
7,228,229000,88706
7,229,230000,88706
7,230,231000,88706
7,231,232000,88706
7,232,233000,88706
7,233,234000,88706
7,234,235000,88706
7,235,236000,88706
7,236,237000,88706
7,237,238000,88706
7,238,239000,88706
7,239,240000,88706
7,240,241000,88706
7,241,242000,88706
7,242,243000,88706
7,243,244000,88706
7,244,245000,88706
7,245,246000,88706
7,246,247000,88706
7,247,248000,88706
7,248,249000,88706
7,249,250000,88714
7,250,251000,88714
7,251,252000,88714
7,252,253000,88714
7,253,254000,88714
7,254,255000,88714
7,255,256000,88714
7,256,257000,88714
7,257,258000,88714
7,258,259000,88714
7,259,260000,88714
7,260,261000,88714
7,261,262000,88714
7,262,263000,88714
7,263,264000,88714
7,264,265000,88714
7,265,266000,88725
7,266,267000,88725
7,267,268000,88725
7,268,269000,88725
7,269,270000,88725
7,270,271000,88725
7,271,272000,88725
7,272,273000,88725
7,273,274000,88725
7,274,275000,88725
7,275,276000,88725
7,276,277000,88737
7,277,278000,88737
7,278,279000,88738
7,279,280000,88738
7,280,281000,88738
7,281,282000,88738
7,282,283000,88739
7,283,284000,88742
7,284,285000,88742
7,285,286000,88743
7,286,287000,88743
7,287,288000,88743
7,288,289000,88743
7,289,290000,88743
7,290,291000,88751
7,291,292000,88751
7,292,293000,88752
7,293,294000,88752
7,294,295000,88753
7,295,296000,88753
7,296,297000,88753
7,297,298000,88753
7,298,299000,88753
7,299,300000,88753
7,300,301000,88753
7,301,302000,88753
7,302,303000,88753
7,303,304000,88753
7,304,305000,88753
7,305,306000,88753
7,306,307000,88756
7,307,308000,88756
7,308,309000,88756
7,309,310000,88756
7,310,311000,88756
7,311,312000,88756
7,312,313000,88756
7,313,314000,88756
7,314,315000,88756
7,315,316000,88756
7,316,317000,88756
7,317,318000,88756
7,318,319000,88756
7,319,320000,88756
7,320,321000,88756
7,321,322000,88756
7,322,323000,88756
7,323,324000,88756
7,324,325000,88756
7,325,326000,88756
7,326,327000,88756
7,327,328000,88760
7,328,329000,88760
7,329,330000,88760
7,330,331000,88760
7,331,332000,88760
7,332,333000,88760
7,333,334000,88760
7,334,335000,88760
7,335,336000,88760
7,336,337000,88760
7,337,338000,88760
7,338,339000,88764
7,339,340000,88764
7,340,341000,88764
7,341,342000,88764
7,342,343000,88764
7,343,344000,88764
7,344,345000,88764
7,345,346000,88764
7,346,347000,88764
7,347,348000,88764
7,348,349000,88764
7,349,350000,88764
7,350,351000,88764
7,351,352000,88764
7,352,353000,88764
7,353,354000,88764
7,354,355000,88765
7,355,356000,88781
7,356,357000,88784
7,357,358000,88790
7,358,359000,88790
7,359,360000,88793
7,360,361000,88802
7,361,362000,88807
7,362,363000,88812
7,363,364000,88823
7,364,365000,88830
7,365,366000,88830
7,366,367000,88830
7,367,368000,88836
7,368,369000,88836
7,369,370000,88836
7,370,371000,88836
7,371,372000,88836
7,372,373000,88836
7,373,374000,88836
7,374,375000,88836
7,375,376000,88847
7,376,377000,88847
7,377,378000,88847
7,378,379000,88856
7,379,380000,88858
7,380,381000,88858
7,381,382000,88858
7,382,383000,88858
7,383,384000,88858
7,384,385000,88858
7,385,386000,88858
7,386,387000,88858
7,387,388000,88858
7,388,389000,88858
7,389,390000,88858
7,390,391000,88858
7,391,392000,88858
7,392,393000,88858
7,393,394000,88858
7,394,395000,88858
7,395,396000,88858
7,396,397000,88858
7,397,398000,88858
7,398,399000,88858
7,399,400000,88858
7,400,401000,88858
7,401,402000,88858
7,402,403000,88858
7,403,404000,88858
7,404,405000,88858
7,405,406000,88858
7,406,407000,88858
7,407,408000,88858
7,408,409000,88858
7,409,410000,88858
7,410,411000,88858
7,411,412000,88858
7,412,413000,88858
7,413,414000,88858
7,414,415000,88858
7,415,416000,88858
7,416,417000,88858
7,417,418000,88858
7,418,419000,88858
7,419,420000,88858
7,420,421000,88858
7,421,422000,88858
7,422,423000,88858
7,423,424000,88858
7,424,425000,88858
7,425,426000,88858
7,426,427000,88858
7,427,428000,88858
7,428,429000,88858
7,429,430000,88858
7,430,431000,88858
7,431,432000,88858
7,432,433000,88858
7,433,434000,88858
7,434,435000,88858
7,435,436000,88858
7,436,437000,88858
7,437,438000,88858
7,438,439000,88858
7,439,440000,88858
7,440,441000,88858
7,441,442000,88858
7,442,443000,88858
7,443,444000,88858
7,444,445000,88858
7,445,446000,88858
7,446,447000,88858
7,447,448000,88858
7,448,449000,88858
7,449,450000,88858
7,450,451000,88858
7,451,452000,88858
7,452,453000,88858
7,453,454000,88858
7,454,455000,88858
7,455,456000,88858
7,456,457000,88858
7,457,458000,88858
7,458,459000,88858
7,459,460000,88858
7,460,461000,88858
7,461,462000,88858
7,462,463000,88858
7,463,464000,88858
7,464,465000,88858
7,465,466000,88858
7,466,467000,88858
7,467,468000,88858
7,468,469000,88858
7,469,470000,88858
7,470,471000,88858
7,471,472000,88858
7,472,473000,88858
7,473,474000,88858
7,474,475000,88858
7,475,476000,88858
7,476,477000,88858
7,477,478000,88858
7,478,479000,88858
7,479,480000,88858
7,480,481000,88858
7,481,482000,88858
7,482,483000,88858
7,483,484000,88858
7,484,485000,88858
7,485,486000,88858
7,486,487000,88858
7,487,488000,88858
7,488,489000,88858
7,489,490000,88858
7,490,491000,88858
7,491,492000,88858
7,492,493000,88858
7,493,494000,88858
7,494,495000,88858
7,495,496000,88858
7,496,497000,88858
7,497,498000,88858
7,498,499000,88858
7,499,500000,88858
8,0,1000,72559
8,1,2000,76480
8,2,3000,77618
8,3,4000,78980
8,4,5000,79393
8,5,6000,80408
8,6,7000,81103
8,7,8000,81914
8,8,9000,82175
8,9,10000,82618
8,10,11000,83057
8,11,12000,83781
8,12,13000,83907
8,13,14000,84007
8,14,15000,84162
8,15,16000,84351
8,16,17000,84598
8,17,18000,84712
8,18,19000,85071
8,19,20000,85118
8,20,21000,85336
8,21,22000,85652
8,22,23000,85792
8,23,24000,86003
8,24,25000,86047
8,25,26000,86167
8,26,27000,86177
8,27,28000,86391
8,28,29000,86402
8,29,30000,86485
8,30,31000,86623
8,31,32000,86762
8,32,33000,86816
8,33,34000,86880
8,34,35000,86943
8,35,36000,87015
8,36,37000,87177
8,37,38000,87182
8,38,39000,87303
8,39,40000,87303
8,40,41000,87304
8,41,42000,87304
8,42,43000,87332
8,43,44000,87350
8,44,45000,87400
8,45,46000,87430
8,46,47000,87494
8,47,48000,87558
8,48,49000,87623
8,49,50000,87629
8,50,51000,87639
8,51,52000,87662
8,52,53000,87662
8,53,54000,87682
8,54,55000,87688
8,55,56000,87768
8,56,57000,87793
8,57,58000,87807
8,58,59000,87817
8,59,60000,87827
8,60,61000,87838
8,61,62000,87854
8,62,63000,87858
8,63,64000,87890
8,64,65000,87936
8,65,66000,87958
8,66,67000,87985
8,67,68000,87985
8,68,69000,88003
8,69,70000,88028
8,70,71000,88030
8,71,72000,88081
8,72,73000,88118
8,73,74000,88131
8,74,75000,88139
8,75,76000,88149
8,76,77000,88174
8,77,78000,88183
8,78,79000,88183
8,79,80000,88195
8,80,81000,88195
8,81,82000,88207
8,82,83000,88218
8,83,84000,88227
8,84,85000,88227
8,85,86000,88229
8,86,87000,88229
8,87,88000,88229
8,88,89000,88232
8,89,90000,88233
8,90,91000,88234
8,91,92000,88237
8,92,93000,88243
8,93,94000,88252
8,94,95000,88264
8,95,96000,88278
8,96,97000,88286
8,97,98000,88298
8,98,99000,88308
8,99,100000,88335
8,100,101000,88340
8,101,102000,88345
8,102,103000,88347
8,103,104000,88348
8,104,105000,88357
8,105,106000,88374
8,106,107000,88374
8,107,108000,88386
8,108,109000,88396
8,109,110000,88402
8,110,111000,88402
8,111,112000,88410
8,112,113000,88410
8,113,114000,88414
8,114,115000,88414
8,115,116000,88414
8,116,117000,88414
8,117,118000,88415
8,118,119000,88419
8,119,120000,88419
8,120,121000,88419
8,121,122000,88419
8,122,123000,88419
8,123,124000,88427
8,124,125000,88429
8,125,126000,88429
8,126,127000,88433
8,127,128000,88433
8,128,129000,88442
8,129,130000,88442
8,130,131000,88447
8,131,132000,88453
8,132,133000,88453
8,133,134000,88453
8,134,135000,88453
8,135,136000,88453
8,136,137000,88453
8,137,138000,88453
8,138,139000,88453
8,139,140000,88453
8,140,141000,88453
8,141,142000,88453
8,142,143000,88453
8,143,144000,88453
8,144,145000,88453
8,145,146000,88453
8,146,147000,88453
8,147,148000,88453
8,148,149000,88453
8,149,150000,88453
8,150,151000,88461
8,151,152000,88461
8,152,153000,88461
8,153,154000,88461
8,154,155000,88461
8,155,156000,88461
8,156,157000,88461
8,157,158000,88461
8,158,159000,88461
8,159,160000,88461
8,160,161000,88461
8,161,162000,88461
8,162,163000,88461
8,163,164000,88461
8,164,165000,88474
8,165,166000,88474
8,166,167000,88474
8,167,168000,88474
8,168,169000,88474
8,169,170000,88480
8,170,171000,88480
8,171,172000,88480
8,172,173000,88480
8,173,174000,88480
8,174,175000,88480
8,175,176000,88483
8,176,177000,88483
8,177,178000,88483
8,178,179000,88500
8,179,180000,88503
8,180,181000,88503
8,181,182000,88503
8,182,183000,88509
8,183,184000,88509
8,184,185000,88509
8,185,186000,88509
8,186,187000,88509
8,187,188000,88509
8,188,189000,88509
8,189,190000,88509
8,190,191000,88509
8,191,192000,88509
8,192,193000,88509
8,193,194000,88509
8,194,195000,88509
8,195,196000,88509
8,196,197000,88517
8,197,198000,88517
8,198,199000,88517
8,199,200000,88517
8,200,201000,88517
8,201,202000,88517
8,202,203000,88517
8,203,204000,88517
8,204,205000,88517
8,205,206000,88517
8,206,207000,88517
8,207,208000,88517
8,208,209000,88517
8,209,210000,88517
8,210,211000,88517
8,211,212000,88517
8,212,213000,88517
8,213,214000,88517
8,214,215000,88517
8,215,216000,88517
8,216,217000,88517
8,217,218000,88517
8,218,219000,88517
8,219,220000,88519
8,220,221000,88519
8,221,222000,88519
8,222,223000,88519
8,223,224000,88519
8,224,225000,88519
8,225,226000,88519
8,226,227000,88519
8,227,228000,88534
8,228,229000,88534
8,229,230000,88534
8,230,231000,88534
8,231,232000,88534
8,232,233000,88534
8,233,234000,88534
8,234,235000,88534
8,235,236000,88534
8,236,237000,88534
8,237,238000,88534
8,238,239000,88534
8,239,240000,88534
8,240,241000,88534
8,241,242000,88534
8,242,243000,88534
8,243,244000,88534
8,244,245000,88534
8,245,246000,88538
8,246,247000,88538
8,247,248000,88538
8,248,249000,88539
8,249,250000,88550
8,250,251000,88550
8,251,252000,88550
8,252,253000,88550
8,253,254000,88550
8,254,255000,88550
8,255,256000,88550
8,256,257000,88550
8,257,258000,88550
8,258,259000,88550
8,259,260000,88550
8,260,261000,88550
8,261,262000,88562
8,262,263000,88562
8,263,264000,88562
8,264,265000,88562
8,265,266000,88562
8,266,267000,88566
8,267,268000,88566
8,268,269000,88566
8,269,270000,88566
8,270,271000,88566
8,271,272000,88566
8,272,273000,88566
8,273,274000,88566
8,274,275000,88570
8,275,276000,88570
8,276,277000,88570
8,277,278000,88570
8,278,279000,88570
8,279,280000,88570
8,280,281000,88570
8,281,282000,88570
8,282,283000,88570
8,283,284000,88570
8,284,285000,88570
8,285,286000,88570
8,286,287000,88570
8,287,288000,88570
8,288,289000,88570
8,289,290000,88570
8,290,291000,88570
8,291,292000,88570
8,292,293000,88570
8,293,294000,88570
8,294,295000,88570
8,295,296000,88570
8,296,297000,88570
8,297,298000,88570
8,298,299000,88570
8,299,300000,88570
8,300,301000,88570
8,301,302000,88570
8,302,303000,88570
8,303,304000,88570
8,304,305000,88570
8,305,306000,88570
8,306,307000,88570
8,307,308000,88570
8,308,309000,88570
8,309,310000,88570
8,310,311000,88570
8,311,312000,88570
8,312,313000,88570
8,313,314000,88570
8,314,315000,88570
8,315,316000,88570
8,316,317000,88570
8,317,318000,88570
8,318,319000,88570
8,319,320000,88570
8,320,321000,88570
8,321,322000,88570
8,322,323000,88570
8,323,324000,88570
8,324,325000,88570
8,325,326000,88570
8,326,327000,88570
8,327,328000,88570
8,328,329000,88570
8,329,330000,88570
8,330,331000,88574
8,331,332000,88574
8,332,333000,88574
8,333,334000,88574
8,334,335000,88574
8,335,336000,88574
8,336,337000,88574
8,337,338000,88574
8,338,339000,88574
8,339,340000,88574
8,340,341000,88574
8,341,342000,88574
8,342,343000,88574
8,343,344000,88574
8,344,345000,88574
8,345,346000,88574
8,346,347000,88574
8,347,348000,88574
8,348,349000,88574
8,349,350000,88574
8,350,351000,88574
8,351,352000,88574
8,352,353000,88574
8,353,354000,88574
8,354,355000,88574
8,355,356000,88574
8,356,357000,88574
8,357,358000,88574
8,358,359000,88574
8,359,360000,88574
8,360,361000,88574
8,361,362000,88574
8,362,363000,88574
8,363,364000,88574
8,364,365000,88574
8,365,366000,88574
8,366,367000,88574
8,367,368000,88574
8,368,369000,88574
8,369,370000,88574
8,370,371000,88574
8,371,372000,88574
8,372,373000,88574
8,373,374000,88574
8,374,375000,88574
8,375,376000,88574
8,376,377000,88574
8,377,378000,88574
8,378,379000,88574
8,379,380000,88574
8,380,381000,88574
8,381,382000,88574
8,382,383000,88574
8,383,384000,88574
8,384,385000,88574
8,385,386000,88574
8,386,387000,88574
8,387,388000,88574
8,388,389000,88574
8,389,390000,88574
8,390,391000,88574
8,391,392000,88574
8,392,393000,88574
8,393,394000,88574
8,394,395000,88574
8,395,396000,88574
8,396,397000,88574
8,397,398000,88574
8,398,399000,88574
8,399,400000,88574
8,400,401000,88574
8,401,402000,88574
8,402,403000,88574
8,403,404000,88574
8,404,405000,88574
8,405,406000,88574
8,406,407000,88574
8,407,408000,88578
8,408,409000,88578
8,409,410000,88578
8,410,411000,88578
8,411,412000,88578
8,412,413000,88578
8,413,414000,88578
8,414,415000,88578
8,415,416000,88578
8,416,417000,88578
8,417,418000,88578
8,418,419000,88578
8,419,420000,88578
8,420,421000,88578
8,421,422000,88578
8,422,423000,88578
8,423,424000,88578
8,424,425000,88578
8,425,426000,88578
8,426,427000,88578
8,427,428000,88578
8,428,429000,88578
8,429,430000,88578
8,430,431000,88578
8,431,432000,88582
8,432,433000,88582
8,433,434000,88582
8,434,435000,88582
8,435,436000,88582
8,436,437000,88582
8,437,438000,88582
8,438,439000,88582
8,439,440000,88582
8,440,441000,88582
8,441,442000,88582
8,442,443000,88582
8,443,444000,88582
8,444,445000,88582
8,445,446000,88582
8,446,447000,88582
8,447,448000,88593
8,448,449000,88593
8,449,450000,88593
8,450,451000,88593
8,451,452000,88593
8,452,453000,88593
8,453,454000,88593
8,454,455000,88593
8,455,456000,88593
8,456,457000,88593
8,457,458000,88593
8,458,459000,88593
8,459,460000,88593
8,460,461000,88593
8,461,462000,88593
8,462,463000,88593
8,463,464000,88593
8,464,465000,88593
8,465,466000,88593
8,466,467000,88593
8,467,468000,88593
8,468,469000,88593
8,469,470000,88593
8,470,471000,88593
8,471,472000,88593
8,472,473000,88602
8,473,474000,88602
8,474,475000,88602
8,475,476000,88602
8,476,477000,88602
8,477,478000,88602
8,478,479000,88602
8,479,480000,88602
8,480,481000,88602
8,481,482000,88602
8,482,483000,88602
8,483,484000,88602
8,484,485000,88602
8,485,486000,88602
8,486,487000,88602
8,487,488000,88602
8,488,489000,88602
8,489,490000,88602
8,490,491000,88602
8,491,492000,88602
8,492,493000,88602
8,493,494000,88602
8,494,495000,88602
8,495,496000,88602
8,496,497000,88602
8,497,498000,88602
8,498,499000,88602
8,499,500000,88602
9,0,1000,72898
9,1,2000,75879
9,2,3000,77607
9,3,4000,78392
9,4,5000,79424
9,5,6000,80858
9,6,7000,81524
9,7,8000,82443
9,8,9000,82491
9,9,10000,82835
9,10,11000,83243
9,11,12000,83676
9,12,13000,84000
9,13,14000,84142
9,14,15000,84656
9,15,16000,84955
9,16,17000,85018
9,17,18000,85333
9,18,19000,85658
9,19,20000,85669
9,20,21000,85669
9,21,22000,86007
9,22,23000,86036
9,23,24000,86171
9,24,25000,86220
9,25,26000,86253
9,26,27000,86378
9,27,28000,86721
9,28,29000,86763
9,29,30000,86827
9,30,31000,86827
9,31,32000,86928
9,32,33000,86936
9,33,34000,87009
9,34,35000,87050
9,35,36000,87116
9,36,37000,87168
9,37,38000,87281
9,38,39000,87299
9,39,40000,87345
9,40,41000,87460
9,41,42000,87529
9,42,43000,87549
9,43,44000,87576
9,44,45000,87620
9,45,46000,87650
9,46,47000,87675
9,47,48000,87720
9,48,49000,87756
9,49,50000,87786
9,50,51000,87818
9,51,52000,87839
9,52,53000,87871
9,53,54000,87911
9,54,55000,87911
9,55,56000,87919
9,56,57000,87937
9,57,58000,87943
9,58,59000,87972
9,59,60000,87972
9,60,61000,87987
9,61,62000,88003
9,62,63000,88027
9,63,64000,88042
9,64,65000,88063
9,65,66000,88113
9,66,67000,88118
9,67,68000,88128
9,68,69000,88128
9,69,70000,88132
9,70,71000,88135
9,71,72000,88139
9,72,73000,88147
9,73,74000,88150
9,74,75000,88153
9,75,76000,88176
9,76,77000,88176
9,77,78000,88183
9,78,79000,88186
9,79,80000,88190
9,80,81000,88204
9,81,82000,88220
9,82,83000,88231
9,83,84000,88234
9,84,85000,88257
9,85,86000,88263
9,86,87000,88264
9,87,88000,88268
9,88,89000,88273
9,89,90000,88280
9,90,91000,88300
9,91,92000,88303
9,92,93000,88313
9,93,94000,88325
9,94,95000,88335
9,95,96000,88337
9,96,97000,88337
9,97,98000,88350
9,98,99000,88350
9,99,100000,88350
9,100,101000,88350
9,101,102000,88358
9,102,103000,88358
9,103,104000,88366
9,104,105000,88366
9,105,106000,88368
9,106,107000,88368
9,107,108000,88368
9,108,109000,88374
9,109,110000,88374
9,110,111000,88374
9,111,112000,88387
9,112,113000,88389
9,113,114000,88397
9,114,115000,88397
9,115,116000,88397
9,116,117000,88406
9,117,118000,88406
9,118,119000,88426
9,119,120000,88427
9,120,121000,88429
9,121,122000,88455
9,122,123000,88466
9,123,124000,88466
9,124,125000,88467
9,125,126000,88469
9,126,127000,88469
9,127,128000,88472
9,128,129000,88475
9,129,130000,88475
9,130,131000,88477
9,131,132000,88477
9,132,133000,88477
9,133,134000,88477
9,134,135000,88477
9,135,136000,88477
9,136,137000,88477
9,137,138000,88477
9,138,139000,88477
9,139,140000,88477
9,140,141000,88511
9,141,142000,88511
9,142,143000,88511
9,143,144000,88515
9,144,145000,88515
9,145,146000,88515
9,146,147000,88515
9,147,148000,88515
9,148,149000,88515
9,149,150000,88515
9,150,151000,88515
9,151,152000,88515
9,152,153000,88515
9,153,154000,88515
9,154,155000,88515
9,155,156000,88515
9,156,157000,88515
9,157,158000,88515
9,158,159000,88515
9,159,160000,88515
9,160,161000,88515
9,161,162000,88515
9,162,163000,88515
9,163,164000,88515
9,164,165000,88515
9,165,166000,88515
9,166,167000,88515
9,167,168000,88515
9,168,169000,88515
9,169,170000,88540
9,170,171000,88540
9,171,172000,88540
9,172,173000,88540
9,173,174000,88540
9,174,175000,88548
9,175,176000,88548
9,176,177000,88548
9,177,178000,88548
9,178,179000,88554
9,179,180000,88554
9,180,181000,88554
9,181,182000,88558
9,182,183000,88558
9,183,184000,88558
9,184,185000,88558
9,185,186000,88558
9,186,187000,88558
9,187,188000,88558
9,188,189000,88558
9,189,190000,88558
9,190,191000,88573
9,191,192000,88573
9,192,193000,88573
9,193,194000,88573
9,194,195000,88573
9,195,196000,88574
9,196,197000,88574
9,197,198000,88574
9,198,199000,88574
9,199,200000,88574
9,200,201000,88574
9,201,202000,88597
9,202,203000,88597
9,203,204000,88597
9,204,205000,88597
9,205,206000,88609
9,206,207000,88609
9,207,208000,88609
9,208,209000,88609
9,209,210000,88609
9,210,211000,88615
9,211,212000,88615
9,212,213000,88615
9,213,214000,88615
9,214,215000,88617
9,215,216000,88623
9,216,217000,88623
9,217,218000,88623
9,218,219000,88623
9,219,220000,88623
9,220,221000,88623
9,221,222000,88623
9,222,223000,88623
9,223,224000,88623
9,224,225000,88623
9,225,226000,88623
9,226,227000,88623
9,227,228000,88623
9,228,229000,88623
9,229,230000,88623
9,230,231000,88623
9,231,232000,88623
9,232,233000,88623
9,233,234000,88623
9,234,235000,88627
9,235,236000,88627
9,236,237000,88627
9,237,238000,88627
9,238,239000,88627
9,239,240000,88627
9,240,241000,88627
9,241,242000,88627
9,242,243000,88627
9,243,244000,88627
9,244,245000,88627
9,245,246000,88631
9,246,247000,88631
9,247,248000,88631
9,248,249000,88631
9,249,250000,88631
9,250,251000,88631
9,251,252000,88631
9,252,253000,88635
9,253,254000,88635
9,254,255000,88635
9,255,256000,88635
9,256,257000,88635
9,257,258000,88635
9,258,259000,88635
9,259,260000,88635
9,260,261000,88635
9,261,262000,88646
9,262,263000,88646
9,263,264000,88651
9,264,265000,88651
9,265,266000,88651
9,266,267000,88660
9,267,268000,88660
9,268,269000,88660
9,269,270000,88660
9,270,271000,88660
9,271,272000,88660
9,272,273000,88660
9,273,274000,88660
9,274,275000,88660
9,275,276000,88660
9,276,277000,88660
9,277,278000,88660
9,278,279000,88660
9,279,280000,88660
9,280,281000,88660
9,281,282000,88660
9,282,283000,88660
9,283,284000,88660
9,284,285000,88660
9,285,286000,88660
9,286,287000,88660
9,287,288000,88660
9,288,289000,88660
9,289,290000,88660
9,290,291000,88660
9,291,292000,88660
9,292,293000,88660
9,293,294000,88660
9,294,295000,88660
9,295,296000,88662
9,296,297000,88662
9,297,298000,88662
9,298,299000,88662
9,299,300000,88662
9,300,301000,88662
9,301,302000,88662
9,302,303000,88666
9,303,304000,88666
9,304,305000,88666
9,305,306000,88666
9,306,307000,88666
9,307,308000,88666
9,308,309000,88666
9,309,310000,88666
9,310,311000,88666
9,311,312000,88666
9,312,313000,88666
9,313,314000,88666
9,314,315000,88666
9,315,316000,88666
9,316,317000,88666
9,317,318000,88666
9,318,319000,88666
9,319,320000,88666
9,320,321000,88666
9,321,322000,88666
9,322,323000,88666
9,323,324000,88666
9,324,325000,88666
9,325,326000,88666
9,326,327000,88666
9,327,328000,88666
9,328,329000,88666
9,329,330000,88670
9,330,331000,88670
9,331,332000,88670
9,332,333000,88670
9,333,334000,88670
9,334,335000,88670
9,335,336000,88670
9,336,337000,88674
9,337,338000,88674
9,338,339000,88674
9,339,340000,88674
9,340,341000,88674
9,341,342000,88674
9,342,343000,88674
9,343,344000,88674
9,344,345000,88674
9,345,346000,88674
9,346,347000,88678
9,347,348000,88678
9,348,349000,88678
9,349,350000,88678
9,350,351000,88678
9,351,352000,88678
9,352,353000,88678
9,353,354000,88678
9,354,355000,88678
9,355,356000,88678
9,356,357000,88678
9,357,358000,88678
9,358,359000,88678
9,359,360000,88678
9,360,361000,88678
9,361,362000,88678
9,362,363000,88678
9,363,364000,88678
9,364,365000,88678
9,365,366000,88678
9,366,367000,88678
9,367,368000,88678
9,368,369000,88678
9,369,370000,88678
9,370,371000,88678
9,371,372000,88678
9,372,373000,88678
9,373,374000,88678
9,374,375000,88678
9,375,376000,88678
9,376,377000,88678
9,377,378000,88678
9,378,379000,88678
9,379,380000,88678
9,380,381000,88678
9,381,382000,88678
9,382,383000,88678
9,383,384000,88678
9,384,385000,88678
9,385,386000,88678
9,386,387000,88678
9,387,388000,88678
9,388,389000,88678
9,389,390000,88678
9,390,391000,88678
9,391,392000,88678
9,392,393000,88678
9,393,394000,88678
9,394,395000,88678
9,395,396000,88678
9,396,397000,88682
9,397,398000,88682
9,398,399000,88682
9,399,400000,88682
9,400,401000,88682
9,401,402000,88682
9,402,403000,88682
9,403,404000,88682
9,404,405000,88682
9,405,406000,88682
9,406,407000,88682
9,407,408000,88682
9,408,409000,88682
9,409,410000,88682
9,410,411000,88682
9,411,412000,88682
9,412,413000,88682
9,413,414000,88682
9,414,415000,88682
9,415,416000,88682
9,416,417000,88682
9,417,418000,88682
9,418,419000,88682
9,419,420000,88682
9,420,421000,88682
9,421,422000,88682
9,422,423000,88682
9,423,424000,88682
9,424,425000,88682
9,425,426000,88682
9,426,427000,88682
9,427,428000,88682
9,428,429000,88682
9,429,430000,88682
9,430,431000,88682
9,431,432000,88682
9,432,433000,88682
9,433,434000,88682
9,434,435000,88682
9,435,436000,88682
9,436,437000,88682
9,437,438000,88682
9,438,439000,88684
9,439,440000,88684
9,440,441000,88684
9,441,442000,88684
9,442,443000,88684
9,443,444000,88685
9,444,445000,88685
9,445,446000,88685
9,446,447000,88685
9,447,448000,88685
9,448,449000,88685
9,449,450000,88685
9,450,451000,88685
9,451,452000,88685
9,452,453000,88685
9,453,454000,88685
9,454,455000,88685
9,455,456000,88685
9,456,457000,88685
9,457,458000,88685
9,458,459000,88685
9,459,460000,88685
9,460,461000,88685
9,461,462000,88685
9,462,463000,88685
9,463,464000,88685
9,464,465000,88685
9,465,466000,88685
9,466,467000,88685
9,467,468000,88685
9,468,469000,88685
9,469,470000,88685
9,470,471000,88685
9,471,472000,88685
9,472,473000,88685
9,473,474000,88696
9,474,475000,88696
9,475,476000,88696
9,476,477000,88696
9,477,478000,88696
9,478,479000,88696
9,479,480000,88696
9,480,481000,88698
9,481,482000,88699
9,482,483000,88699
9,483,484000,88699
9,484,485000,88699
9,485,486000,88699
9,486,487000,88706
9,487,488000,88706
9,488,489000,88706
9,489,490000,88706
9,490,491000,88707
9,491,492000,88707
9,492,493000,88707
9,493,494000,88707
9,494,495000,88707
9,495,496000,88707
9,496,497000,88707
9,497,498000,88707
9,498,499000,88707
9,499,500000,88707
10,0,1000,73339
10,1,2000,76067
10,2,3000,76926
10,3,4000,79250
10,4,5000,80005
10,5,6000,80639
10,6,7000,81672
10,7,8000,82400
10,8,9000,82880
10,9,10000,82914
10,10,11000,83412
10,11,12000,83493
10,12,13000,83551
10,13,14000,83965
10,14,15000,83967
10,15,16000,84320
10,16,17000,84711
10,17,18000,84929
10,18,19000,84929
10,19,20000,85030
10,20,21000,85168
10,21,22000,85391
10,22,23000,85540
10,23,24000,85541
10,24,25000,85698
10,25,26000,85916
10,26,27000,85932
10,27,28000,86114
10,28,29000,86241
10,29,30000,86260
10,30,31000,86348
10,31,32000,86421
10,32,33000,86463
10,33,34000,86563
10,34,35000,86639
10,35,36000,86753
10,36,37000,86755
10,37,38000,86810
10,38,39000,86926
10,39,40000,86939
10,40,41000,86994
10,41,42000,87045
10,42,43000,87113
10,43,44000,87206
10,44,45000,87270
10,45,46000,87282
10,46,47000,87324
10,47,48000,87331
10,48,49000,87366
10,49,50000,87390
10,50,51000,87407
10,51,52000,87460
10,52,53000,87505
10,53,54000,87524
10,54,55000,87531
10,55,56000,87542
10,56,57000,87616
10,57,58000,87631
10,58,59000,87644
10,59,60000,87686
10,60,61000,87688
10,61,62000,87694
10,62,63000,87716
10,63,64000,87716
10,64,65000,87725
10,65,66000,87763
10,66,67000,87766
10,67,68000,87800
10,68,69000,87803
10,69,70000,87834
10,70,71000,87839
10,71,72000,87865
10,72,73000,87907
10,73,74000,87920
10,74,75000,87924
10,75,76000,87934
10,76,77000,87937
10,77,78000,87944
10,78,79000,87950
10,79,80000,88006
10,80,81000,88021
10,81,82000,88041
10,82,83000,88050
10,83,84000,88051
10,84,85000,88068
10,85,86000,88078
10,86,87000,88085
10,87,88000,88091
10,88,89000,88124
10,89,90000,88135
10,90,91000,88156
10,91,92000,88156
10,92,93000,88189
10,93,94000,88199
10,94,95000,88217
10,95,96000,88222
10,96,97000,88242
10,97,98000,88242
10,98,99000,88243
10,99,100000,88262
10,100,101000,88262
10,101,102000,88268
10,102,103000,88269
10,103,104000,88269
10,104,105000,88269
10,105,106000,88269
10,106,107000,88269
10,107,108000,88279
10,108,109000,88280
10,109,110000,88287
10,110,111000,88287
10,111,112000,88287
10,112,113000,88287
10,113,114000,88314
10,114,115000,88314
10,115,116000,88314
10,116,117000,88314
10,117,118000,88314
10,118,119000,88328
10,119,120000,88328
10,120,121000,88328
10,121,122000,88328
10,122,123000,88328
10,123,124000,88343
10,124,125000,88343
10,125,126000,88343
10,126,127000,88343
10,127,128000,88343
10,128,129000,88343
10,129,130000,88343
10,130,131000,88345
10,131,132000,88345
10,132,133000,88350
10,133,134000,88350
10,134,135000,88356
10,135,136000,88356
10,136,137000,88360
10,137,138000,88364
10,138,139000,88369
10,139,140000,88369
10,140,141000,88373
10,141,142000,88383
10,142,143000,88387
10,143,144000,88387
10,144,145000,88390
10,145,146000,88399
10,146,147000,88402
10,147,148000,88402
10,148,149000,88416
10,149,150000,88416
10,150,151000,88416
10,151,152000,88422
10,152,153000,88425
10,153,154000,88434
10,154,155000,88443
10,155,156000,88445
10,156,157000,88446
10,157,158000,88458
10,158,159000,88459
10,159,160000,88479
10,160,161000,88480
10,161,162000,88486
10,162,163000,88489
10,163,164000,88489
10,164,165000,88491
10,165,166000,88494
10,166,167000,88501
10,167,168000,88503
10,168,169000,88512
10,169,170000,88512
10,170,171000,88512
10,171,172000,88512
10,172,173000,88516
10,173,174000,88517
10,174,175000,88517
10,175,176000,88521
10,176,177000,88525
10,177,178000,88526
10,178,179000,88527
10,179,180000,88530
10,180,181000,88530
10,181,182000,88530
10,182,183000,88537
10,183,184000,88537
10,184,185000,88537
10,185,186000,88543
10,186,187000,88543
10,187,188000,88543
10,188,189000,88545
10,189,190000,88545
10,190,191000,88545
10,191,192000,88546
10,192,193000,88547
10,193,194000,88547
10,194,195000,88547
10,195,196000,88548
10,196,197000,88548
10,197,198000,88548
10,198,199000,88548
10,199,200000,88548
10,200,201000,88548
10,201,202000,88548
10,202,203000,88557
10,203,204000,88569
10,204,205000,88569
10,205,206000,88569
10,206,207000,88569
10,207,208000,88569
10,208,209000,88569
10,209,210000,88569
10,210,211000,88569
10,211,212000,88569
10,212,213000,88569
10,213,214000,88569
10,214,215000,88569
10,215,216000,88569
10,216,217000,88569
10,217,218000,88569
10,218,219000,88569
10,219,220000,88569
10,220,221000,88569
10,221,222000,88569
10,222,223000,88569
10,223,224000,88571
10,224,225000,88571
10,225,226000,88571
10,226,227000,88571
10,227,228000,88572
10,228,229000,88572
10,229,230000,88572
10,230,231000,88575
10,231,232000,88575
10,232,233000,88576
10,233,234000,88580
10,234,235000,88582
10,235,236000,88582
10,236,237000,88585
10,237,238000,88585
10,238,239000,88585
10,239,240000,88589
10,240,241000,88589
10,241,242000,88589
10,242,243000,88589
10,243,244000,88589
10,244,245000,88589
10,245,246000,88589
10,246,247000,88589
10,247,248000,88589
10,248,249000,88597
10,249,250000,88597
10,250,251000,88597
10,251,252000,88597
10,252,253000,88597
10,253,254000,88597
10,254,255000,88603
10,255,256000,88608
10,256,257000,88608
10,257,258000,88608
10,258,259000,88614
10,259,260000,88614
10,260,261000,88614
10,261,262000,88614
10,262,263000,88614
10,263,264000,88614
10,264,265000,88614
10,265,266000,88614
10,266,267000,88614
10,267,268000,88614
10,268,269000,88614
10,269,270000,88614
10,270,271000,88614
10,271,272000,88614
10,272,273000,88614
10,273,274000,88614
10,274,275000,88616
10,275,276000,88616
10,276,277000,88616
10,277,278000,88616
10,278,279000,88616
10,279,280000,88628
10,280,281000,88628
10,281,282000,88628
10,282,283000,88628
10,283,284000,88629
10,284,285000,88629
10,285,286000,88629
10,286,287000,88629
10,287,288000,88629
10,288,289000,88629
10,289,290000,88629
10,290,291000,88629
10,291,292000,88629
10,292,293000,88629
10,293,294000,88629
10,294,295000,88633
10,295,296000,88633
10,296,297000,88633
10,297,298000,88638
10,298,299000,88639
10,299,300000,88639
10,300,301000,88639
10,301,302000,88643
10,302,303000,88643
10,303,304000,88643
10,304,305000,88644
10,305,306000,88644
10,306,307000,88644
10,307,308000,88644
10,308,309000,88644
10,309,310000,88648
10,310,311000,88648
10,311,312000,88648
10,312,313000,88648
10,313,314000,88648
10,314,315000,88648
10,315,316000,88648
10,316,317000,88648
10,317,318000,88648
10,318,319000,88648
10,319,320000,88648
10,320,321000,88648
10,321,322000,88648
10,322,323000,88648
10,323,324000,88648
10,324,325000,88648
10,325,326000,88648
10,326,327000,88648
10,327,328000,88648
10,328,329000,88648
10,329,330000,88648
10,330,331000,88648
10,331,332000,88648
10,332,333000,88648
10,333,334000,88648
10,334,335000,88648
10,335,336000,88648
10,336,337000,88648
10,337,338000,88648
10,338,339000,88648
10,339,340000,88648
10,340,341000,88648
10,341,342000,88648
10,342,343000,88648
10,343,344000,88648
10,344,345000,88648
10,345,346000,88648
10,346,347000,88648
10,347,348000,88648
10,348,349000,88648
10,349,350000,88648
10,350,351000,88648
10,351,352000,88648
10,352,353000,88648
10,353,354000,88648
10,354,355000,88648
10,355,356000,88648
10,356,357000,88648
10,357,358000,88648
10,358,359000,88648
10,359,360000,88648
10,360,361000,88648
10,361,362000,88648
10,362,363000,88648
10,363,364000,88648
10,364,365000,88648
10,365,366000,88648
10,366,367000,88648
10,367,368000,88648
10,368,369000,88648
10,369,370000,88652
10,370,371000,88652
10,371,372000,88652
10,372,373000,88652
10,373,374000,88652
10,374,375000,88652
10,375,376000,88652
10,376,377000,88652
10,377,378000,88652
10,378,379000,88654
10,379,380000,88654
10,380,381000,88654
10,381,382000,88654
10,382,383000,88654
10,383,384000,88654
10,384,385000,88654
10,385,386000,88654
10,386,387000,88654
10,387,388000,88654
10,388,389000,88654
10,389,390000,88654
10,390,391000,88654
10,391,392000,88654
10,392,393000,88654
10,393,394000,88654
10,394,395000,88654
10,395,396000,88654
10,396,397000,88654
10,397,398000,88654
10,398,399000,88654
10,399,400000,88654
10,400,401000,88654
10,401,402000,88654
10,402,403000,88654
10,403,404000,88654
10,404,405000,88654
10,405,406000,88654
10,406,407000,88654
10,407,408000,88654
10,408,409000,88654
10,409,410000,88654
10,410,411000,88654
10,411,412000,88654
10,412,413000,88654
10,413,414000,88658
10,414,415000,88658
10,415,416000,88658
10,416,417000,88658
10,417,418000,88658
10,418,419000,88658
10,419,420000,88658
10,420,421000,88658
10,421,422000,88658
10,422,423000,88658
10,423,424000,88658
10,424,425000,88658
10,425,426000,88658
10,426,427000,88658
10,427,428000,88658
10,428,429000,88658
10,429,430000,88658
10,430,431000,88658
10,431,432000,88658
10,432,433000,88658
10,433,434000,88658
10,434,435000,88658
10,435,436000,88658
10,436,437000,88658
10,437,438000,88658
10,438,439000,88658
10,439,440000,88658
10,440,441000,88658
10,441,442000,88658
10,442,443000,88658
10,443,444000,88658
10,444,445000,88658
10,445,446000,88658
10,446,447000,88658
10,447,448000,88658
10,448,449000,88658
10,449,450000,88658
10,450,451000,88658
10,451,452000,88658
10,452,453000,88658
10,453,454000,88658
10,454,455000,88658
10,455,456000,88658
10,456,457000,88658
10,457,458000,88658
10,458,459000,88658
10,459,460000,88658
10,460,461000,88658
10,461,462000,88658
10,462,463000,88658
10,463,464000,88658
10,464,465000,88658
10,465,466000,88658
10,466,467000,88658
10,467,468000,88658
10,468,469000,88658
10,469,470000,88658
10,470,471000,88658
10,471,472000,88658
10,472,473000,88658
10,473,474000,88658
10,474,475000,88658
10,475,476000,88658
10,476,477000,88660
10,477,478000,88660
10,478,479000,88660
10,479,480000,88660
10,480,481000,88661
10,481,482000,88661
10,482,483000,88666
10,483,484000,88666
10,484,485000,88666
10,485,486000,88667
10,486,487000,88667
10,487,488000,88667
10,488,489000,88667
10,489,490000,88668
10,490,491000,88668
10,491,492000,88668
10,492,493000,88668
10,493,494000,88679
10,494,495000,88679
10,495,496000,88679
10,496,497000,88679
10,497,498000,88679
10,498,499000,88679
10,499,500000,88679
11,0,1000,73223
11,1,2000,76077
11,2,3000,77826
11,3,4000,79077
11,4,5000,80132
11,5,6000,80958
11,6,7000,82220
11,7,8000,82891
11,8,9000,83577
11,9,10000,84811
11,10,11000,85104
11,11,12000,85360
11,12,13000,85405
11,13,14000,85584
11,14,15000,85744
11,15,16000,85759
11,16,17000,85900
11,17,18000,86153
11,18,19000,86271
11,19,20000,86340
11,20,21000,86435
11,21,22000,86490
11,22,23000,86590
11,23,24000,86667
11,24,25000,86794
11,25,26000,86794
11,26,27000,87004
11,27,28000,87045
11,28,29000,87045
11,29,30000,87143
11,30,31000,87153
11,31,32000,87267
11,32,33000,87299
11,33,34000,87334
11,34,35000,87398
11,35,36000,87438
11,36,37000,87517
11,37,38000,87517
11,38,39000,87567
11,39,40000,87576
11,40,41000,87604
11,41,42000,87643
11,42,43000,87651
11,43,44000,87662
11,44,45000,87709
11,45,46000,87712
11,46,47000,87735
11,47,48000,87794
11,48,49000,87801
11,49,50000,87807
11,50,51000,87855
11,51,52000,87863
11,52,53000,87899
11,53,54000,87944
11,54,55000,87944
11,55,56000,87971
11,56,57000,87992
11,57,58000,88015
11,58,59000,88015
11,59,60000,88034
11,60,61000,88051
11,61,62000,88059
11,62,63000,88064
11,63,64000,88076
11,64,65000,88082
11,65,66000,88113
11,66,67000,88113
11,67,68000,88125
11,68,69000,88149
11,69,70000,88155
11,70,71000,88165
11,71,72000,88199
11,72,73000,88202
11,73,74000,88202
11,74,75000,88215
11,75,76000,88232
11,76,77000,88243
11,77,78000,88250
11,78,79000,88270
11,79,80000,88270
11,80,81000,88270
11,81,82000,88291
11,82,83000,88296
11,83,84000,88300
11,84,85000,88310
11,85,86000,88326
11,86,87000,88326
11,87,88000,88326
11,88,89000,88345
11,89,90000,88351
11,90,91000,88359
11,91,92000,88361
11,92,93000,88364
11,93,94000,88365
11,94,95000,88367
11,95,96000,88369
11,96,97000,88371
11,97,98000,88372
11,98,99000,88372
11,99,100000,88373
11,100,101000,88373
11,101,102000,88373
11,102,103000,88376
11,103,104000,88376
11,104,105000,88379
11,105,106000,88379
11,106,107000,88379
11,107,108000,88385
11,108,109000,88387
11,109,110000,88395
11,110,111000,88395
11,111,112000,88395
11,112,113000,88397
11,113,114000,88404
11,114,115000,88404
11,115,116000,88409
11,116,117000,88410
11,117,118000,88410
11,118,119000,88410
11,119,120000,88424
11,120,121000,88424
11,121,122000,88427
11,122,123000,88427
11,123,124000,88428
11,124,125000,88430
11,125,126000,88430
11,126,127000,88444
11,127,128000,88447
11,128,129000,88449
11,129,130000,88459
11,130,131000,88463
11,131,132000,88469
11,132,133000,88476
11,133,134000,88478
11,134,135000,88486
11,135,136000,88489
11,136,137000,88502
11,137,138000,88504
11,138,139000,88513
11,139,140000,88517
11,140,141000,88520
11,141,142000,88520
11,142,143000,88520
11,143,144000,88530
11,144,145000,88530
11,145,146000,88535
11,146,147000,88535
11,147,148000,88535
11,148,149000,88538
11,149,150000,88538
11,150,151000,88538
11,151,152000,88543
11,152,153000,88543
11,153,154000,88543
11,154,155000,88543
11,155,156000,88552
11,156,157000,88552
11,157,158000,88552
11,158,159000,88552
11,159,160000,88552
11,160,161000,88552
11,161,162000,88554
11,162,163000,88557
11,163,164000,88557
11,164,165000,88560
11,165,166000,88565
11,166,167000,88565
11,167,168000,88566
11,168,169000,88566
11,169,170000,88566
11,170,171000,88566
11,171,172000,88568
11,172,173000,88575
11,173,174000,88575
11,174,175000,88575
11,175,176000,88593
11,176,177000,88593
11,177,178000,88593
11,178,179000,88593
11,179,180000,88593
11,180,181000,88593
11,181,182000,88593
11,182,183000,88597
11,183,184000,88597
11,184,185000,88597
11,185,186000,88597
11,186,187000,88597
11,187,188000,88597
11,188,189000,88605
11,189,190000,88605
11,190,191000,88605
11,191,192000,88605
11,192,193000,88605
11,193,194000,88605
11,194,195000,88605
11,195,196000,88605
11,196,197000,88605
11,197,198000,88605
11,198,199000,88605
11,199,200000,88616
11,200,201000,88616
11,201,202000,88616
11,202,203000,88616
11,203,204000,88616
11,204,205000,88616
11,205,206000,88616
11,206,207000,88616
11,207,208000,88616
11,208,209000,88616
11,209,210000,88616
11,210,211000,88616
11,211,212000,88616
11,212,213000,88616
11,213,214000,88616
11,214,215000,88616
11,215,216000,88616
11,216,217000,88616
11,217,218000,88625
11,218,219000,88625
11,219,220000,88625
11,220,221000,88625
11,221,222000,88629
11,222,223000,88629
11,223,224000,88629
11,224,225000,88629
11,225,226000,88629
11,226,227000,88629
11,227,228000,88629
11,228,229000,88629
11,229,230000,88629
11,230,231000,88629
11,231,232000,88629
11,232,233000,88629
11,233,234000,88629
11,234,235000,88629
11,235,236000,88629
11,236,237000,88629
11,237,238000,88629
11,238,239000,88629
11,239,240000,88629
11,240,241000,88629
11,241,242000,88633
11,242,243000,88633
11,243,244000,88633
11,244,245000,88633
11,245,246000,88633
11,246,247000,88633
11,247,248000,88633
11,248,249000,88633
11,249,250000,88633
11,250,251000,88633
11,251,252000,88633
11,252,253000,88633
11,253,254000,88633
11,254,255000,88633
11,255,256000,88633
11,256,257000,88633
11,257,258000,88633
11,258,259000,88633
11,259,260000,88633
11,260,261000,88633
11,261,262000,88633
11,262,263000,88633
11,263,264000,88633
11,264,265000,88633
11,265,266000,88633
11,266,267000,88633
11,267,268000,88633
11,268,269000,88633
11,269,270000,88633
11,270,271000,88633
11,271,272000,88633
11,272,273000,88633
11,273,274000,88633
11,274,275000,88633
11,275,276000,88633
11,276,277000,88633
11,277,278000,88633
11,278,279000,88633
11,279,280000,88633
11,280,281000,88633
11,281,282000,88634
11,282,283000,88634
11,283,284000,88634
11,284,285000,88634
11,285,286000,88634
11,286,287000,88634
11,287,288000,88634
11,288,289000,88634
11,289,290000,88634
11,290,291000,88634
11,291,292000,88634
11,292,293000,88634
11,293,294000,88634
11,294,295000,88634
11,295,296000,88634
11,296,297000,88634
11,297,298000,88634
11,298,299000,88634
11,299,300000,88634
11,300,301000,88634
11,301,302000,88634
11,302,303000,88634
11,303,304000,88634
11,304,305000,88634
11,305,306000,88634
11,306,307000,88634
11,307,308000,88634
11,308,309000,88634
11,309,310000,88634
11,310,311000,88634
11,311,312000,88634
11,312,313000,88634
11,313,314000,88634
11,314,315000,88634
11,315,316000,88634
11,316,317000,88634
11,317,318000,88634
11,318,319000,88634
11,319,320000,88634
11,320,321000,88634
11,321,322000,88634
11,322,323000,88634
11,323,324000,88634
11,324,325000,88634
11,325,326000,88634
11,326,327000,88634
11,327,328000,88634
11,328,329000,88634
11,329,330000,88634
11,330,331000,88634
11,331,332000,88634
11,332,333000,88634
11,333,334000,88634
11,334,335000,88634
11,335,336000,88634
11,336,337000,88634
11,337,338000,88634
11,338,339000,88634
11,339,340000,88634
11,340,341000,88634
11,341,342000,88634
11,342,343000,88634
11,343,344000,88634
11,344,345000,88634
11,345,346000,88634
11,346,347000,88634
11,347,348000,88634
11,348,349000,88634
11,349,350000,88634
11,350,351000,88634
11,351,352000,88634
11,352,353000,88634
11,353,354000,88634
11,354,355000,88634
11,355,356000,88634
11,356,357000,88634
11,357,358000,88634
11,358,359000,88634
11,359,360000,88634
11,360,361000,88634
11,361,362000,88634
11,362,363000,88634
11,363,364000,88634
11,364,365000,88634
11,365,366000,88634
11,366,367000,88634
11,367,368000,88634
11,368,369000,88634
11,369,370000,88634
11,370,371000,88634
11,371,372000,88634
11,372,373000,88637
11,373,374000,88637
11,374,375000,88637
11,375,376000,88637
11,376,377000,88637
11,377,378000,88637
11,378,379000,88637
11,379,380000,88637
11,380,381000,88637
11,381,382000,88637
11,382,383000,88637
11,383,384000,88637
11,384,385000,88637
11,385,386000,88637
11,386,387000,88637
11,387,388000,88637
11,388,389000,88637
11,389,390000,88637
11,390,391000,88637
11,391,392000,88637
11,392,393000,88637
11,393,394000,88637
11,394,395000,88637
11,395,396000,88641
11,396,397000,88641
11,397,398000,88641
11,398,399000,88641
11,399,400000,88641
11,400,401000,88641
11,401,402000,88641
11,402,403000,88641
11,403,404000,88641
11,404,405000,88641
11,405,406000,88641
11,406,407000,88641
11,407,408000,88641
11,408,409000,88641
11,409,410000,88641
11,410,411000,88641
11,411,412000,88641
11,412,413000,88645
11,413,414000,88645
11,414,415000,88645
11,415,416000,88645
11,416,417000,88645
11,417,418000,88645
11,418,419000,88645
11,419,420000,88649
11,420,421000,88649
11,421,422000,88649
11,422,423000,88649
11,423,424000,88649
11,424,425000,88649
11,425,426000,88649
11,426,427000,88649
11,427,428000,88649
11,428,429000,88649
11,429,430000,88649
11,430,431000,88649
11,431,432000,88649
11,432,433000,88649
11,433,434000,88649
11,434,435000,88649
11,435,436000,88649
11,436,437000,88649
11,437,438000,88649
11,438,439000,88649
11,439,440000,88649
11,440,441000,88649
11,441,442000,88649
11,442,443000,88649
11,443,444000,88649
11,444,445000,88649
11,445,446000,88649
11,446,447000,88649
11,447,448000,88649
11,448,449000,88649
11,449,450000,88649
11,450,451000,88649
11,451,452000,88649
11,452,453000,88649
11,453,454000,88649
11,454,455000,88649
11,455,456000,88649
11,456,457000,88649
11,457,458000,88649
11,458,459000,88649
11,459,460000,88649
11,460,461000,88649
11,461,462000,88649
11,462,463000,88649
11,463,464000,88649
11,464,465000,88649
11,465,466000,88649
11,466,467000,88649
11,467,468000,88649
11,468,469000,88649
11,469,470000,88649
11,470,471000,88649
11,471,472000,88649
11,472,473000,88649
11,473,474000,88649
11,474,475000,88653
11,475,476000,88653
11,476,477000,88653
11,477,478000,88653
11,478,479000,88653
11,479,480000,88653
11,480,481000,88653
11,481,482000,88653
11,482,483000,88653
11,483,484000,88653
11,484,485000,88653
11,485,486000,88653
11,486,487000,88653
11,487,488000,88653
11,488,489000,88653
11,489,490000,88653
11,490,491000,88653
11,491,492000,88653
11,492,493000,88653
11,493,494000,88653
11,494,495000,88653
11,495,496000,88653
11,496,497000,88653
11,497,498000,88664
11,498,499000,88664
11,499,500000,88664
12,0,1000,73022
12,1,2000,76110
12,2,3000,78151
12,3,4000,79276
12,4,5000,81127
12,5,6000,81292
12,6,7000,82441
12,7,8000,82796
12,8,9000,83580
12,9,10000,83827
12,10,11000,83911
12,11,12000,84076
12,12,13000,84170
12,13,14000,84409
12,14,15000,84638
12,15,16000,84756
12,16,17000,84850
12,17,18000,85215
12,18,19000,85330
12,19,20000,85476
12,20,21000,85551
12,21,22000,85604
12,22,23000,85810
12,23,24000,85825
12,24,25000,85934
12,25,26000,86031
12,26,27000,86257
12,27,28000,86360
12,28,29000,86396
12,29,30000,86422
12,30,31000,86499
12,31,32000,86697
12,32,33000,86784
12,33,34000,86888
12,34,35000,86888
12,35,36000,86945
12,36,37000,86945
12,37,38000,87004
12,38,39000,87042
12,39,40000,87069
12,40,41000,87201
12,41,42000,87216
12,42,43000,87253
12,43,44000,87267
12,44,45000,87283
12,45,46000,87295
12,46,47000,87344
12,47,48000,87349
12,48,49000,87396
12,49,50000,87410
12,50,51000,87440
12,51,52000,87440
12,52,53000,87500
12,53,54000,87515
12,54,55000,87522
12,55,56000,87529
12,56,57000,87537
12,57,58000,87546
12,58,59000,87573
12,59,60000,87573
12,60,61000,87587
12,61,62000,87595
12,62,63000,87613
12,63,64000,87633
12,64,65000,87653
12,65,66000,87658
12,66,67000,87667
12,67,68000,87691
12,68,69000,87716
12,69,70000,87730
12,70,71000,87749
12,71,72000,87754
12,72,73000,87763
12,73,74000,87790
12,74,75000,87812
12,75,76000,87836
12,76,77000,87869
12,77,78000,87887
12,78,79000,87915
12,79,80000,87915
12,80,81000,87947
12,81,82000,87968
12,82,83000,87999
12,83,84000,88006
12,84,85000,88033
12,85,86000,88033
12,86,87000,88040
12,87,88000,88062
12,88,89000,88077
12,89,90000,88086
12,90,91000,88104
12,91,92000,88111
12,92,93000,88115
12,93,94000,88154
12,94,95000,88157
12,95,96000,88171
12,96,97000,88188
12,97,98000,88202
12,98,99000,88215
12,99,100000,88225
12,100,101000,88226
12,101,102000,88236
12,102,103000,88236
12,103,104000,88237
12,104,105000,88245
12,105,106000,88252
12,106,107000,88261
12,107,108000,88276
12,108,109000,88277
12,109,110000,88291
12,110,111000,88297
12,111,112000,88338
12,112,113000,88341
12,113,114000,88359
12,114,115000,88359
12,115,116000,88369
12,116,117000,88371
12,117,118000,88372
12,118,119000,88376
12,119,120000,88386
12,120,121000,88388
12,121,122000,88394
12,122,123000,88398
12,123,124000,88416
12,124,125000,88420
12,125,126000,88427
12,126,127000,88428
12,127,128000,88432
12,128,129000,88443
12,129,130000,88443
12,130,131000,88450
12,131,132000,88452
12,132,133000,88452
12,133,134000,88452
12,134,135000,88455
12,135,136000,88455
12,136,137000,88457
12,137,138000,88457
12,138,139000,88463
12,139,140000,88465
12,140,141000,88465
12,141,142000,88466
12,142,143000,88470
12,143,144000,88470
12,144,145000,88470
12,145,146000,88472
12,146,147000,88474
12,147,148000,88474
12,148,149000,88476
12,149,150000,88479
12,150,151000,88480
12,151,152000,88480
12,152,153000,88480
12,153,154000,88480
12,154,155000,88481
12,155,156000,88483
12,156,157000,88483
12,157,158000,88483
12,158,159000,88483
12,159,160000,88484
12,160,161000,88484
12,161,162000,88484
12,162,163000,88484
12,163,164000,88484
12,164,165000,88485
12,165,166000,88485
12,166,167000,88486
12,167,168000,88491
12,168,169000,88495
12,169,170000,88495
12,170,171000,88501
12,171,172000,88501
12,172,173000,88506
12,173,174000,88506
12,174,175000,88530
12,175,176000,88530
12,176,177000,88530
12,177,178000,88536
12,178,179000,88537
12,179,180000,88537
12,180,181000,88538
12,181,182000,88538
12,182,183000,88539
12,183,184000,88539
12,184,185000,88539
12,185,186000,88547
12,186,187000,88547
12,187,188000,88547
12,188,189000,88547
12,189,190000,88548
12,190,191000,88551
12,191,192000,88551
12,192,193000,88551
12,193,194000,88553
12,194,195000,88553
12,195,196000,88562
12,196,197000,88562
12,197,198000,88562
12,198,199000,88562
12,199,200000,88562
12,200,201000,88562
12,201,202000,88562
12,202,203000,88562
12,203,204000,88562
12,204,205000,88562
12,205,206000,88562
12,206,207000,88562
12,207,208000,88562
12,208,209000,88562
12,209,210000,88562
12,210,211000,88562
12,211,212000,88562
12,212,213000,88562
12,213,214000,88562
12,214,215000,88562
12,215,216000,88562
12,216,217000,88562
12,217,218000,88562
12,218,219000,88568
12,219,220000,88568
12,220,221000,88568
12,221,222000,88568
12,222,223000,88568
12,223,224000,88568
12,224,225000,88568
12,225,226000,88568
12,226,227000,88568
12,227,228000,88569
12,228,229000,88569
12,229,230000,88569
12,230,231000,88569
12,231,232000,88572
12,232,233000,88572
12,233,234000,88578
12,234,235000,88578
12,235,236000,88581
12,236,237000,88582
12,237,238000,88582
12,238,239000,88582
12,239,240000,88582
12,240,241000,88582
12,241,242000,88582
12,242,243000,88582
12,243,244000,88582
12,244,245000,88582
12,245,246000,88582
12,246,247000,88582
12,247,248000,88582
12,248,249000,88582
12,249,250000,88582
12,250,251000,88582
12,251,252000,88582
12,252,253000,88582
12,253,254000,88582
12,254,255000,88582
12,255,256000,88582
12,256,257000,88582
12,257,258000,88582
12,258,259000,88582
12,259,260000,88582
12,260,261000,88582
12,261,262000,88582
12,262,263000,88582
12,263,264000,88582
12,264,265000,88582
12,265,266000,88582
12,266,267000,88582
12,267,268000,88582
12,268,269000,88582
12,269,270000,88582
12,270,271000,88591
12,271,272000,88591
12,272,273000,88591
12,273,274000,88593
12,274,275000,88593
12,275,276000,88599
12,276,277000,88599
12,277,278000,88604
12,278,279000,88604
12,279,280000,88604
12,280,281000,88604
12,281,282000,88604
12,282,283000,88604
12,283,284000,88604
12,284,285000,88604
12,285,286000,88604
12,286,287000,88604
12,287,288000,88604
12,288,289000,88604
12,289,290000,88604
12,290,291000,88604
12,291,292000,88604
12,292,293000,88604
12,293,294000,88604
12,294,295000,88604
12,295,296000,88604
12,296,297000,88604
12,297,298000,88604
12,298,299000,88604
12,299,300000,88604
12,300,301000,88604
12,301,302000,88604
12,302,303000,88604
12,303,304000,88604
12,304,305000,88604
12,305,306000,88604
12,306,307000,88604
12,307,308000,88604
12,308,309000,88604
12,309,310000,88604
12,310,311000,88604
12,311,312000,88604
12,312,313000,88608
12,313,314000,88608
12,314,315000,88608
12,315,316000,88608
12,316,317000,88608
12,317,318000,88608
12,318,319000,88608
12,319,320000,88608
12,320,321000,88608
12,321,322000,88608
12,322,323000,88608
12,323,324000,88608
12,324,325000,88608
12,325,326000,88612
12,326,327000,88612
12,327,328000,88612
12,328,329000,88612
12,329,330000,88612
12,330,331000,88612
12,331,332000,88612
12,332,333000,88612
12,333,334000,88612
12,334,335000,88612
12,335,336000,88612
12,336,337000,88612
12,337,338000,88612
12,338,339000,88612
12,339,340000,88612
12,340,341000,88612
12,341,342000,88612
12,342,343000,88612
12,343,344000,88612
12,344,345000,88612
12,345,346000,88612
12,346,347000,88612
12,347,348000,88612
12,348,349000,88612
12,349,350000,88612
12,350,351000,88612
12,351,352000,88612
12,352,353000,88612
12,353,354000,88612
12,354,355000,88612
12,355,356000,88612
12,356,357000,88612
12,357,358000,88612
12,358,359000,88612
12,359,360000,88612
12,360,361000,88612
12,361,362000,88612
12,362,363000,88612
12,363,364000,88612
12,364,365000,88612
12,365,366000,88612
12,366,367000,88612
12,367,368000,88612
12,368,369000,88612
12,369,370000,88612
12,370,371000,88612
12,371,372000,88612
12,372,373000,88612
12,373,374000,88612
12,374,375000,88612
12,375,376000,88612
12,376,377000,88612
12,377,378000,88612
12,378,379000,88612
12,379,380000,88612
12,380,381000,88612
12,381,382000,88612
12,382,383000,88612
12,383,384000,88619
12,384,385000,88619
12,385,386000,88619
12,386,387000,88626
12,387,388000,88631
12,388,389000,88631
12,389,390000,88636
12,390,391000,88639
12,391,392000,88639
12,392,393000,88641
12,393,394000,88641
12,394,395000,88642
12,395,396000,88653
12,396,397000,88653
12,397,398000,88653
12,398,399000,88656
12,399,400000,88656
12,400,401000,88658
12,401,402000,88658
12,402,403000,88659
12,403,404000,88659
12,404,405000,88659
12,405,406000,88665
12,406,407000,88665
12,407,408000,88665
12,408,409000,88665
12,409,410000,88668
12,410,411000,88669
12,411,412000,88669
12,412,413000,88670
12,413,414000,88673
12,414,415000,88673
12,415,416000,88673
12,416,417000,88673
12,417,418000,88673
12,418,419000,88673
12,419,420000,88673
12,420,421000,88673
12,421,422000,88673
12,422,423000,88673
12,423,424000,88673
12,424,425000,88673
12,425,426000,88673
12,426,427000,88673
12,427,428000,88673
12,428,429000,88673
12,429,430000,88673
12,430,431000,88673
12,431,432000,88673
12,432,433000,88673
12,433,434000,88673
12,434,435000,88673
12,435,436000,88673
12,436,437000,88673
12,437,438000,88673
12,438,439000,88673
12,439,440000,88673
12,440,441000,88673
12,441,442000,88673
12,442,443000,88673
12,443,444000,88673
12,444,445000,88673
12,445,446000,88673
12,446,447000,88673
12,447,448000,88673
12,448,449000,88673
12,449,450000,88673
12,450,451000,88673
12,451,452000,88673
12,452,453000,88673
12,453,454000,88673
12,454,455000,88673
12,455,456000,88673
12,456,457000,88673
12,457,458000,88673
12,458,459000,88673
12,459,460000,88673
12,460,461000,88673
12,461,462000,88673
12,462,463000,88673
12,463,464000,88673
12,464,465000,88673
12,465,466000,88673
12,466,467000,88673
12,467,468000,88673
12,468,469000,88673
12,469,470000,88673
12,470,471000,88673
12,471,472000,88673
12,472,473000,88673
12,473,474000,88673
12,474,475000,88673
12,475,476000,88673
12,476,477000,88673
12,477,478000,88673
12,478,479000,88673
12,479,480000,88673
12,480,481000,88673
12,481,482000,88673
12,482,483000,88673
12,483,484000,88673
12,484,485000,88673
12,485,486000,88673
12,486,487000,88673
12,487,488000,88673
12,488,489000,88673
12,489,490000,88673
12,490,491000,88673
12,491,492000,88673
12,492,493000,88673
12,493,494000,88673
12,494,495000,88673
12,495,496000,88673
12,496,497000,88673
12,497,498000,88673
12,498,499000,88673
12,499,500000,88673
13,0,1000,73064
13,1,2000,75622
13,2,3000,77030
13,3,4000,78222
13,4,5000,79588
13,5,6000,79989
13,6,7000,80728
13,7,8000,81420
13,8,9000,81773
13,9,10000,82545
13,10,11000,82620
13,11,12000,83434
13,12,13000,83911
13,13,14000,83937
13,14,15000,84251
13,15,16000,84388
13,16,17000,84692
13,17,18000,84849
13,18,19000,84853
13,19,20000,85246
13,20,21000,85254
13,21,22000,85329
13,22,23000,85403
13,23,24000,85412
13,24,25000,85494
13,25,26000,85679
13,26,27000,85773
13,27,28000,85822
13,28,29000,86107
13,29,30000,86556
13,30,31000,86573
13,31,32000,86659
13,32,33000,86720
13,33,34000,86725
13,34,35000,86819
13,35,36000,86830
13,36,37000,86879
13,37,38000,86967
13,38,39000,86970
13,39,40000,87058
13,40,41000,87109
13,41,42000,87131
13,42,43000,87226
13,43,44000,87273
13,44,45000,87292
13,45,46000,87409
13,46,47000,87477
13,47,48000,87578
13,48,49000,87641
13,49,50000,87647
13,50,51000,87670
13,51,52000,87688
13,52,53000,87745
13,53,54000,87793
13,54,55000,87862
13,55,56000,87869
13,56,57000,87898
13,57,58000,87925
13,58,59000,87925
13,59,60000,87939
13,60,61000,87962
13,61,62000,87973
13,62,63000,87989
13,63,64000,88013
13,64,65000,88016
13,65,66000,88040
13,66,67000,88043
13,67,68000,88069
13,68,69000,88071
13,69,70000,88107
13,70,71000,88119
13,71,72000,88129
13,72,73000,88153
13,73,74000,88157
13,74,75000,88192
13,75,76000,88194
13,76,77000,88194
13,77,78000,88203
13,78,79000,88208
13,79,80000,88213
13,80,81000,88223
13,81,82000,88227
13,82,83000,88229
13,83,84000,88246
13,84,85000,88246
13,85,86000,88254
13,86,87000,88254
13,87,88000,88258
13,88,89000,88258
13,89,90000,88283
13,90,91000,88283
13,91,92000,88292
13,92,93000,88292
13,93,94000,88298
13,94,95000,88316
13,95,96000,88325
13,96,97000,88330
13,97,98000,88337
13,98,99000,88337
13,99,100000,88338
13,100,101000,88345
13,101,102000,88345
13,102,103000,88347
13,103,104000,88350
13,104,105000,88353
13,105,106000,88378
13,106,107000,88385
13,107,108000,88385
13,108,109000,88389
13,109,110000,88395
13,110,111000,88397
13,111,112000,88410
13,112,113000,88413
13,113,114000,88420
13,114,115000,88423
13,115,116000,88423
13,116,117000,88427
13,117,118000,88427
13,118,119000,88429
13,119,120000,88433
13,120,121000,88448
13,121,122000,88448
13,122,123000,88452
13,123,124000,88455
13,124,125000,88470
13,125,126000,88470
13,126,127000,88481
13,127,128000,88481
13,128,129000,88485
13,129,130000,88498
13,130,131000,88498
13,131,132000,88501
13,132,133000,88501
13,133,134000,88502
13,134,135000,88502
13,135,136000,88502
13,136,137000,88507
13,137,138000,88508
13,138,139000,88508
13,139,140000,88508
13,140,141000,88520
13,141,142000,88520
13,142,143000,88520
13,143,144000,88523
13,144,145000,88532
13,145,146000,88534
13,146,147000,88534
13,147,148000,88536
13,148,149000,88536
13,149,150000,88536
13,150,151000,88536
13,151,152000,88536
13,152,153000,88538
13,153,154000,88563
13,154,155000,88563
13,155,156000,88565
13,156,157000,88565
13,157,158000,88565
13,158,159000,88571
13,159,160000,88571
13,160,161000,88571
13,161,162000,88571
13,162,163000,88573
13,163,164000,88573
13,164,165000,88573
13,165,166000,88573
13,166,167000,88573
13,167,168000,88574
13,168,169000,88574
13,169,170000,88574
13,170,171000,88575
13,171,172000,88575
13,172,173000,88575
13,173,174000,88575
13,174,175000,88575
13,175,176000,88575
13,176,177000,88575
13,177,178000,88575
13,178,179000,88575
13,179,180000,88575
13,180,181000,88575
13,181,182000,88575
13,182,183000,88575
13,183,184000,88575
13,184,185000,88575
13,185,186000,88575
13,186,187000,88575
13,187,188000,88575
13,188,189000,88575
13,189,190000,88575
13,190,191000,88581
13,191,192000,88581
13,192,193000,88581
13,193,194000,88581
13,194,195000,88589
13,195,196000,88589
13,196,197000,88589
13,197,198000,88589
13,198,199000,88590
13,199,200000,88590
13,200,201000,88590
13,201,202000,88590
13,202,203000,88590
13,203,204000,88590
13,204,205000,88590
13,205,206000,88590
13,206,207000,88592
13,207,208000,88592
13,208,209000,88592
13,209,210000,88592
13,210,211000,88592
13,211,212000,88592
13,212,213000,88592
13,213,214000,88594
13,214,215000,88594
13,215,216000,88594
13,216,217000,88597
13,217,218000,88602
13,218,219000,88604
13,219,220000,88609
13,220,221000,88611
13,221,222000,88615
13,222,223000,88616
13,223,224000,88616
13,224,225000,88616
13,225,226000,88616
13,226,227000,88616
13,227,228000,88625
13,228,229000,88625
13,229,230000,88625
13,230,231000,88625
13,231,232000,88625
13,232,233000,88625
13,233,234000,88627
13,234,235000,88627
13,235,236000,88627
13,236,237000,88627
13,237,238000,88627
13,238,239000,88627
13,239,240000,88627
13,240,241000,88627
13,241,242000,88627
13,242,243000,88627
13,243,244000,88627
13,244,245000,88627
13,245,246000,88627
13,246,247000,88627
13,247,248000,88627
13,248,249000,88627
13,249,250000,88627
13,250,251000,88627
13,251,252000,88627
13,252,253000,88627
13,253,254000,88627
13,254,255000,88627
13,255,256000,88627
13,256,257000,88631
13,257,258000,88631
13,258,259000,88631
13,259,260000,88634
13,260,261000,88638
13,261,262000,88638
13,262,263000,88638
13,263,264000,88638
13,264,265000,88638
13,265,266000,88638
13,266,267000,88638
13,267,268000,88638
13,268,269000,88638
13,269,270000,88638
13,270,271000,88638
13,271,272000,88638
13,272,273000,88638
13,273,274000,88638
13,274,275000,88638
13,275,276000,88638
13,276,277000,88638
13,277,278000,88638
13,278,279000,88638
13,279,280000,88642
13,280,281000,88642
13,281,282000,88642
13,282,283000,88642
13,283,284000,88642
13,284,285000,88642
13,285,286000,88642
13,286,287000,88642
13,287,288000,88642
13,288,289000,88642
13,289,290000,88642
13,290,291000,88642
13,291,292000,88642
13,292,293000,88642
13,293,294000,88642
13,294,295000,88642
13,295,296000,88642
13,296,297000,88642
13,297,298000,88642
13,298,299000,88642
13,299,300000,88642
13,300,301000,88642
13,301,302000,88642
13,302,303000,88642
13,303,304000,88642
13,304,305000,88642
13,305,306000,88642
13,306,307000,88642
13,307,308000,88642
13,308,309000,88642
13,309,310000,88642
13,310,311000,88642
13,311,312000,88642
13,312,313000,88642
13,313,314000,88642
13,314,315000,88642
13,315,316000,88642
13,316,317000,88642
13,317,318000,88642
13,318,319000,88642
13,319,320000,88646
13,320,321000,88646
13,321,322000,88646
13,322,323000,88646
13,323,324000,88646
13,324,325000,88646
13,325,326000,88646
13,326,327000,88646
13,327,328000,88646
13,328,329000,88646
13,329,330000,88646
13,330,331000,88646
13,331,332000,88646
13,332,333000,88646
13,333,334000,88646
13,334,335000,88646
13,335,336000,88646
13,336,337000,88646
13,337,338000,88646
13,338,339000,88646
13,339,340000,88646
13,340,341000,88646
13,341,342000,88646
13,342,343000,88646
13,343,344000,88646
13,344,345000,88646
13,345,346000,88646
13,346,347000,88646
13,347,348000,88646
13,348,349000,88646
13,349,350000,88646
13,350,351000,88646
13,351,352000,88646
13,352,353000,88646
13,353,354000,88646
13,354,355000,88646
13,355,356000,88646
13,356,357000,88646
13,357,358000,88646
13,358,359000,88646
13,359,360000,88646
13,360,361000,88646
13,361,362000,88650
13,362,363000,88650
13,363,364000,88650
13,364,365000,88650
13,365,366000,88650
13,366,367000,88661
13,367,368000,88661
13,368,369000,88661
13,369,370000,88661
13,370,371000,88662
13,371,372000,88662
13,372,373000,88662
13,373,374000,88666
13,374,375000,88666
13,375,376000,88666
13,376,377000,88666
13,377,378000,88674
13,378,379000,88674
13,379,380000,88674
13,380,381000,88674
13,381,382000,88674
13,382,383000,88674
13,383,384000,88674
13,384,385000,88674
13,385,386000,88674
13,386,387000,88674
13,387,388000,88674
13,388,389000,88674
13,389,390000,88674
13,390,391000,88674
13,391,392000,88674
13,392,393000,88674
13,393,394000,88674
13,394,395000,88674
13,395,396000,88674
13,396,397000,88674
13,397,398000,88674
13,398,399000,88674
13,399,400000,88674
13,400,401000,88674
13,401,402000,88674
13,402,403000,88674
13,403,404000,88674
13,404,405000,88674
13,405,406000,88674
13,406,407000,88674
13,407,408000,88674
13,408,409000,88674
13,409,410000,88674
13,410,411000,88674
13,411,412000,88674
13,412,413000,88674
13,413,414000,88674
13,414,415000,88674
13,415,416000,88674
13,416,417000,88674
13,417,418000,88683
13,418,419000,88683
13,419,420000,88683
13,420,421000,88683
13,421,422000,88690
13,422,423000,88690
13,423,424000,88693
13,424,425000,88693
13,425,426000,88693
13,426,427000,88693
13,427,428000,88693
13,428,429000,88693
13,429,430000,88693
13,430,431000,88693
13,431,432000,88693
13,432,433000,88693
13,433,434000,88693
13,434,435000,88693
13,435,436000,88693
13,436,437000,88693
13,437,438000,88693
13,438,439000,88697
13,439,440000,88697
13,440,441000,88697
13,441,442000,88697
13,442,443000,88697
13,443,444000,88697
13,444,445000,88697
13,445,446000,88697
13,446,447000,88697
13,447,448000,88697
13,448,449000,88697
13,449,450000,88697
13,450,451000,88697
13,451,452000,88697
13,452,453000,88697
13,453,454000,88697
13,454,455000,88697
13,455,456000,88697
13,456,457000,88697
13,457,458000,88697
13,458,459000,88697
13,459,460000,88697
13,460,461000,88697
13,461,462000,88697
13,462,463000,88697
13,463,464000,88697
13,464,465000,88697
13,465,466000,88697
13,466,467000,88697
13,467,468000,88697
13,468,469000,88697
13,469,470000,88697
13,470,471000,88697
13,471,472000,88697
13,472,473000,88697
13,473,474000,88697
13,474,475000,88697
13,475,476000,88697
13,476,477000,88697
13,477,478000,88697
13,478,479000,88697
13,479,480000,88697
13,480,481000,88697
13,481,482000,88697
13,482,483000,88697
13,483,484000,88697
13,484,485000,88697
13,485,486000,88697
13,486,487000,88697
13,487,488000,88697
13,488,489000,88697
13,489,490000,88697
13,490,491000,88697
13,491,492000,88697
13,492,493000,88697
13,493,494000,88697
13,494,495000,88697
13,495,496000,88697
13,496,497000,88697
13,497,498000,88697
13,498,499000,88697
13,499,500000,88697
14,0,1000,72497
14,1,2000,75807
14,2,3000,77430
14,3,4000,78676
14,4,5000,79809
14,5,6000,81030
14,6,7000,81373
14,7,8000,82301
14,8,9000,82761
14,9,10000,83998
14,10,11000,83998
14,11,12000,84085
14,12,13000,84205
14,13,14000,84299
14,14,15000,84484
14,15,16000,84608
14,16,17000,84817
14,17,18000,85009
14,18,19000,85193
14,19,20000,85400
14,20,21000,85432
14,21,22000,85642
14,22,23000,85914
14,23,24000,86032
14,24,25000,86052
14,25,26000,86111
14,26,27000,86111
14,27,28000,86233
14,28,29000,86267
14,29,30000,86348
14,30,31000,86396
14,31,32000,86509
14,32,33000,86646
14,33,34000,86699
14,34,35000,86699
14,35,36000,86771
14,36,37000,86925
14,37,38000,86940
14,38,39000,87018
14,39,40000,87059
14,40,41000,87133
14,41,42000,87148
14,42,43000,87149
14,43,44000,87193
14,44,45000,87280
14,45,46000,87299
14,46,47000,87313
14,47,48000,87433
14,48,49000,87461
14,49,50000,87465
14,50,51000,87515
14,51,52000,87527
14,52,53000,87589
14,53,54000,87612
14,54,55000,87732
14,55,56000,87738
14,56,57000,87747
14,57,58000,87751
14,58,59000,87771
14,59,60000,87776
14,60,61000,87786
14,61,62000,87802
14,62,63000,87805
14,63,64000,87815
14,64,65000,87834
14,65,66000,87840
14,66,67000,87865
14,67,68000,87876
14,68,69000,87904
14,69,70000,87935
14,70,71000,87947
14,71,72000,87967
14,72,73000,87985
14,73,74000,88018
14,74,75000,88018
14,75,76000,88028
14,76,77000,88034
14,77,78000,88059
14,78,79000,88064
14,79,80000,88090
14,80,81000,88090
14,81,82000,88110
14,82,83000,88110
14,83,84000,88121
14,84,85000,88133
14,85,86000,88143
14,86,87000,88144
14,87,88000,88151
14,88,89000,88156
14,89,90000,88172
14,90,91000,88178
14,91,92000,88191
14,92,93000,88209
14,93,94000,88230
14,94,95000,88237
14,95,96000,88251
14,96,97000,88258
14,97,98000,88264
14,98,99000,88272
14,99,100000,88284
14,100,101000,88297
14,101,102000,88299
14,102,103000,88302
14,103,104000,88307
14,104,105000,88321
14,105,106000,88323
14,106,107000,88326
14,107,108000,88343
14,108,109000,88345
14,109,110000,88351
14,110,111000,88351
14,111,112000,88351
14,112,113000,88351
14,113,114000,88356
14,114,115000,88356
14,115,116000,88356
14,116,117000,88359
14,117,118000,88359
14,118,119000,88359
14,119,120000,88368
14,120,121000,88368
14,121,122000,88368
14,122,123000,88368
14,123,124000,88376
14,124,125000,88380
14,125,126000,88380
14,126,127000,88380
14,127,128000,88385
14,128,129000,88385
14,129,130000,88385
14,130,131000,88385
14,131,132000,88385
14,132,133000,88385
14,133,134000,88385
14,134,135000,88385
14,135,136000,88385
14,136,137000,88385
14,137,138000,88394
14,138,139000,88394
14,139,140000,88394
14,140,141000,88394
14,141,142000,88394
14,142,143000,88394
14,143,144000,88394
14,144,145000,88394
14,145,146000,88394
14,146,147000,88394
14,147,148000,88394
14,148,149000,88406
14,149,150000,88406
14,150,151000,88406
14,151,152000,88406
14,152,153000,88406
14,153,154000,88406
14,154,155000,88406
14,155,156000,88406
14,156,157000,88414
14,157,158000,88414
14,158,159000,88414
14,159,160000,88414
14,160,161000,88414
14,161,162000,88418
14,162,163000,88418
14,163,164000,88421
14,164,165000,88421
14,165,166000,88421
14,166,167000,88421
14,167,168000,88421
14,168,169000,88421
14,169,170000,88423
14,170,171000,88423
14,171,172000,88423
14,172,173000,88423
14,173,174000,88423
14,174,175000,88423
14,175,176000,88423
14,176,177000,88423
14,177,178000,88431
14,178,179000,88431
14,179,180000,88431
14,180,181000,88431
14,181,182000,88431
14,182,183000,88431
14,183,184000,88431
14,184,185000,88431
14,185,186000,88431
14,186,187000,88431
14,187,188000,88437
14,188,189000,88437
14,189,190000,88437
14,190,191000,88454
14,191,192000,88456
14,192,193000,88456
14,193,194000,88456
14,194,195000,88459
14,195,196000,88459
14,196,197000,88465
14,197,198000,88468
14,198,199000,88474
14,199,200000,88474
14,200,201000,88474
14,201,202000,88485
14,202,203000,88485
14,203,204000,88494
14,204,205000,88494
14,205,206000,88494
14,206,207000,88494
14,207,208000,88494
14,208,209000,88494
14,209,210000,88494
14,210,211000,88494
14,211,212000,88494
14,212,213000,88494
14,213,214000,88494
14,214,215000,88494
14,215,216000,88494
14,216,217000,88494
14,217,218000,88494
14,218,219000,88494
14,219,220000,88494
14,220,221000,88494
14,221,222000,88494
14,222,223000,88494
14,223,224000,88494
14,224,225000,88494
14,225,226000,88494
14,226,227000,88494
14,227,228000,88494
14,228,229000,88494
14,229,230000,88494
14,230,231000,88494
14,231,232000,88494
14,232,233000,88494
14,233,234000,88494
14,234,235000,88494
14,235,236000,88494
14,236,237000,88494
14,237,238000,88494
14,238,239000,88494
14,239,240000,88494
14,240,241000,88494
14,241,242000,88494
14,242,243000,88494
14,243,244000,88494
14,244,245000,88494
14,245,246000,88494
14,246,247000,88494
14,247,248000,88494
14,248,249000,88494
14,249,250000,88494
14,250,251000,88494
14,251,252000,88494
14,252,253000,88494
14,253,254000,88494
14,254,255000,88503
14,255,256000,88503
14,256,257000,88503
14,257,258000,88503
14,258,259000,88503
14,259,260000,88503
14,260,261000,88503
14,261,262000,88503
14,262,263000,88507
14,263,264000,88507
14,264,265000,88507
14,265,266000,88507
14,266,267000,88507
14,267,268000,88507
14,268,269000,88507
14,269,270000,88507
14,270,271000,88507
14,271,272000,88507
14,272,273000,88507
14,273,274000,88511
14,274,275000,88511
14,275,276000,88511
14,276,277000,88511
14,277,278000,88511
14,278,279000,88511
14,279,280000,88511
14,280,281000,88511
14,281,282000,88511
14,282,283000,88515
14,283,284000,88515
14,284,285000,88515
14,285,286000,88515
14,286,287000,88515
14,287,288000,88515
14,288,289000,88515
14,289,290000,88515
14,290,291000,88515
14,291,292000,88515
14,292,293000,88515
14,293,294000,88515
14,294,295000,88515
14,295,296000,88515
14,296,297000,88515
14,297,298000,88515
14,298,299000,88515
14,299,300000,88515
14,300,301000,88515
14,301,302000,88515
14,302,303000,88515
14,303,304000,88515
14,304,305000,88515
14,305,306000,88515
14,306,307000,88515
14,307,308000,88515
14,308,309000,88515
14,309,310000,88515
14,310,311000,88515
14,311,312000,88515
14,312,313000,88519
14,313,314000,88519
14,314,315000,88519
14,315,316000,88519
14,316,317000,88519
14,317,318000,88519
14,318,319000,88519
14,319,320000,88519
14,320,321000,88519
14,321,322000,88519
14,322,323000,88519
14,323,324000,88519
14,324,325000,88519
14,325,326000,88519
14,326,327000,88519
14,327,328000,88519
14,328,329000,88519
14,329,330000,88523
14,330,331000,88523
14,331,332000,88523
14,332,333000,88523
14,333,334000,88523
14,334,335000,88523
14,335,336000,88523
14,336,337000,88523
14,337,338000,88523
14,338,339000,88523
14,339,340000,88523
14,340,341000,88523
14,341,342000,88523
14,342,343000,88523
14,343,344000,88523
14,344,345000,88523
14,345,346000,88523
14,346,347000,88523
14,347,348000,88523
14,348,349000,88526
14,349,350000,88526
14,350,351000,88526
14,351,352000,88526
14,352,353000,88526
14,353,354000,88526
14,354,355000,88526
14,355,356000,88526
14,356,357000,88526
14,357,358000,88526
14,358,359000,88526
14,359,360000,88526
14,360,361000,88526
14,361,362000,88526
14,362,363000,88526
14,363,364000,88537
14,364,365000,88537
14,365,366000,88537
14,366,367000,88537
14,367,368000,88537
14,368,369000,88537
14,369,370000,88537
14,370,371000,88537
14,371,372000,88537
14,372,373000,88537
14,373,374000,88537
14,374,375000,88537
14,375,376000,88537
14,376,377000,88537
14,377,378000,88537
14,378,379000,88537
14,379,380000,88537
14,380,381000,88537
14,381,382000,88537
14,382,383000,88537
14,383,384000,88537
14,384,385000,88537
14,385,386000,88537
14,386,387000,88537
14,387,388000,88537
14,388,389000,88546
14,389,390000,88546
14,390,391000,88546
14,391,392000,88546
14,392,393000,88546
14,393,394000,88546
14,394,395000,88546
14,395,396000,88546
14,396,397000,88546
14,397,398000,88546
14,398,399000,88546
14,399,400000,88546
14,400,401000,88546
14,401,402000,88546
14,402,403000,88546
14,403,404000,88546
14,404,405000,88546
14,405,406000,88546
14,406,407000,88546
14,407,408000,88546
14,408,409000,88546
14,409,410000,88546
14,410,411000,88546
14,411,412000,88546
14,412,413000,88546
14,413,414000,88546
14,414,415000,88546
14,415,416000,88550
14,416,417000,88550
14,417,418000,88550
14,418,419000,88550
14,419,420000,88550
14,420,421000,88550
14,421,422000,88550
14,422,423000,88550
14,423,424000,88550
14,424,425000,88550
14,425,426000,88550
14,426,427000,88550
14,427,428000,88550
14,428,429000,88550
14,429,430000,88550
14,430,431000,88550
14,431,432000,88550
14,432,433000,88550
14,433,434000,88550
14,434,435000,88550
14,435,436000,88550
14,436,437000,88550
14,437,438000,88550
14,438,439000,88550
14,439,440000,88550
14,440,441000,88550
14,441,442000,88550
14,442,443000,88550
14,443,444000,88550
14,444,445000,88550
14,445,446000,88550
14,446,447000,88550
14,447,448000,88550
14,448,449000,88550
14,449,450000,88550
14,450,451000,88550
14,451,452000,88550
14,452,453000,88550
14,453,454000,88550
14,454,455000,88550
14,455,456000,88550
14,456,457000,88550
14,457,458000,88550
14,458,459000,88550
14,459,460000,88550
14,460,461000,88550
14,461,462000,88550
14,462,463000,88550
14,463,464000,88550
14,464,465000,88550
14,465,466000,88550
14,466,467000,88550
14,467,468000,88550
14,468,469000,88550
14,469,470000,88550
14,470,471000,88550
14,471,472000,88550
14,472,473000,88550
14,473,474000,88550
14,474,475000,88550
14,475,476000,88550
14,476,477000,88550
14,477,478000,88550
14,478,479000,88550
14,479,480000,88550
14,480,481000,88550
14,481,482000,88550
14,482,483000,88550
14,483,484000,88550
14,484,485000,88550
14,485,486000,88550
14,486,487000,88550
14,487,488000,88550
14,488,489000,88550
14,489,490000,88550
14,490,491000,88550
14,491,492000,88550
14,492,493000,88550
14,493,494000,88550
14,494,495000,88550
14,495,496000,88550
14,496,497000,88550
14,497,498000,88550
14,498,499000,88550
14,499,500000,88550
15,0,1000,73012
15,1,2000,75956
15,2,3000,78134
15,3,4000,78523
15,4,5000,80290
15,5,6000,80623
15,6,7000,81142
15,7,8000,81471
15,8,9000,82536
15,9,10000,82895
15,10,11000,83149
15,11,12000,83383
15,12,13000,83682
15,13,14000,83960
15,14,15000,84049
15,15,16000,84184
15,16,17000,84520
15,17,18000,84697
15,18,19000,84889
15,19,20000,84979
15,20,21000,85181
15,21,22000,85439
15,22,23000,85480
15,23,24000,85571
15,24,25000,85705
15,25,26000,85826
15,26,27000,85853
15,27,28000,86085
15,28,29000,86118
15,29,30000,86461
15,30,31000,86461
15,31,32000,86558
15,32,33000,86715
15,33,34000,86904
15,34,35000,86904
15,35,36000,86956
15,36,37000,87062
15,37,38000,87125
15,38,39000,87223
15,39,40000,87280
15,40,41000,87372
15,41,42000,87385
15,42,43000,87426
15,43,44000,87493
15,44,45000,87564
15,45,46000,87648
15,46,47000,87648
15,47,48000,87675
15,48,49000,87723
15,49,50000,87723
15,50,51000,87729
15,51,52000,87793
15,52,53000,87801
15,53,54000,87815
15,54,55000,87875
15,55,56000,87875
15,56,57000,87902
15,57,58000,87923
15,58,59000,87984
15,59,60000,87991
15,60,61000,88005
15,61,62000,88018
15,62,63000,88042
15,63,64000,88070
15,64,65000,88095
15,65,66000,88140
15,66,67000,88189
15,67,68000,88189
15,68,69000,88229
15,69,70000,88232
15,70,71000,88267
15,71,72000,88267
15,72,73000,88300
15,73,74000,88307
15,74,75000,88310
15,75,76000,88317
15,76,77000,88325
15,77,78000,88327
15,78,79000,88329
15,79,80000,88337
15,80,81000,88342
15,81,82000,88355
15,82,83000,88360
15,83,84000,88374
15,84,85000,88374
15,85,86000,88382
15,86,87000,88382
15,87,88000,88407
15,88,89000,88407
15,89,90000,88411
15,90,91000,88411
15,91,92000,88413
15,92,93000,88421
15,93,94000,88429
15,94,95000,88429
15,95,96000,88429
15,96,97000,88444
15,97,98000,88444
15,98,99000,88444
15,99,100000,88444
15,100,101000,88444
15,101,102000,88444
15,102,103000,88469
15,103,104000,88469
15,104,105000,88469
15,105,106000,88470
15,106,107000,88477
15,107,108000,88481
15,108,109000,88484
15,109,110000,88484
15,110,111000,88490
15,111,112000,88490
15,112,113000,88492
15,113,114000,88496
15,114,115000,88521
15,115,116000,88521
15,116,117000,88530
15,117,118000,88534
15,118,119000,88539
15,119,120000,88539
15,120,121000,88539
15,121,122000,88540
15,122,123000,88544
15,123,124000,88544
15,124,125000,88545
15,125,126000,88562
15,126,127000,88562
15,127,128000,88562
15,128,129000,88562
15,129,130000,88562
15,130,131000,88562
15,131,132000,88562
15,132,133000,88562
15,133,134000,88562
15,134,135000,88562
15,135,136000,88562
15,136,137000,88562
15,137,138000,88562
15,138,139000,88562
15,139,140000,88562
15,140,141000,88562
15,141,142000,88562
15,142,143000,88562
15,143,144000,88562
15,144,145000,88562
15,145,146000,88562
15,146,147000,88562
15,147,148000,88570
15,148,149000,88570
15,149,150000,88570
15,150,151000,88570
15,151,152000,88570
15,152,153000,88570
15,153,154000,88574
15,154,155000,88574
15,155,156000,88574
15,156,157000,88574
15,157,158000,88578
15,158,159000,88589
15,159,160000,88589
15,160,161000,88589
15,161,162000,88589
15,162,163000,88589
15,163,164000,88589
15,164,165000,88589
15,165,166000,88589
15,166,167000,88589
15,167,168000,88589
15,168,169000,88605
15,169,170000,88605
15,170,171000,88605
15,171,172000,88605
15,172,173000,88605
15,173,174000,88605
15,174,175000,88605
15,175,176000,88605
15,176,177000,88605
15,177,178000,88605
15,178,179000,88605
15,179,180000,88613
15,180,181000,88613
15,181,182000,88613
15,182,183000,88613
15,183,184000,88618
15,184,185000,88622
15,185,186000,88622
15,186,187000,88622
15,187,188000,88622
15,188,189000,88622
15,189,190000,88622
15,190,191000,88622
15,191,192000,88622
15,192,193000,88622
15,193,194000,88622
15,194,195000,88622
15,195,196000,88622
15,196,197000,88622
15,197,198000,88622
15,198,199000,88626
15,199,200000,88626
15,200,201000,88626
15,201,202000,88626
15,202,203000,88626
15,203,204000,88626
15,204,205000,88626
15,205,206000,88626
15,206,207000,88630
15,207,208000,88630
15,208,209000,88630
15,209,210000,88630
15,210,211000,88630
15,211,212000,88630
15,212,213000,88630
15,213,214000,88630
15,214,215000,88630
15,215,216000,88636
15,216,217000,88636
15,217,218000,88636
15,218,219000,88636
15,219,220000,88636
15,220,221000,88636
15,221,222000,88636
15,222,223000,88636
15,223,224000,88636
15,224,225000,88636
15,225,226000,88636
15,226,227000,88636
15,227,228000,88636
15,228,229000,88636
15,229,230000,88636
15,230,231000,88636
15,231,232000,88636
15,232,233000,88636
15,233,234000,88636
15,234,235000,88636
15,235,236000,88636
15,236,237000,88636
15,237,238000,88647
15,238,239000,88647
15,239,240000,88647
15,240,241000,88647
15,241,242000,88647
15,242,243000,88647
15,243,244000,88647
15,244,245000,88647
15,245,246000,88647
15,246,247000,88647
15,247,248000,88647
15,248,249000,88647
15,249,250000,88647
15,250,251000,88647
15,251,252000,88647
15,252,253000,88647
15,253,254000,88647
15,254,255000,88647
15,255,256000,88647
15,256,257000,88647
15,257,258000,88647
15,258,259000,88647
15,259,260000,88647
15,260,261000,88647
15,261,262000,88647
15,262,263000,88647
15,263,264000,88647
15,264,265000,88647
15,265,266000,88647
15,266,267000,88647
15,267,268000,88647
15,268,269000,88647
15,269,270000,88647
15,270,271000,88647
15,271,272000,88647
15,272,273000,88647
15,273,274000,88647
15,274,275000,88647
15,275,276000,88647
15,276,277000,88647
15,277,278000,88647
15,278,279000,88647
15,279,280000,88647
15,280,281000,88647
15,281,282000,88647
15,282,283000,88647
15,283,284000,88647
15,284,285000,88647
15,285,286000,88647
15,286,287000,88647
15,287,288000,88647
15,288,289000,88647
15,289,290000,88647
15,290,291000,88647
15,291,292000,88647
15,292,293000,88647
15,293,294000,88656
15,294,295000,88656
15,295,296000,88656
15,296,297000,88656
15,297,298000,88656
15,298,299000,88656
15,299,300000,88656
15,300,301000,88656
15,301,302000,88656
15,302,303000,88656
15,303,304000,88660
15,304,305000,88660
15,305,306000,88661
15,306,307000,88666
15,307,308000,88669
15,308,309000,88672
15,309,310000,88676
15,310,311000,88680
15,311,312000,88680
15,312,313000,88680
15,313,314000,88684
15,314,315000,88684
15,315,316000,88684
15,316,317000,88684
15,317,318000,88688
15,318,319000,88688
15,319,320000,88688
15,320,321000,88688
15,321,322000,88688
15,322,323000,88688
15,323,324000,88688
15,324,325000,88688
15,325,326000,88688
15,326,327000,88688
15,327,328000,88688
15,328,329000,88688
15,329,330000,88688
15,330,331000,88688
15,331,332000,88688
15,332,333000,88688
15,333,334000,88688
15,334,335000,88688
15,335,336000,88688
15,336,337000,88688
15,337,338000,88688
15,338,339000,88688
15,339,340000,88688
15,340,341000,88688
15,341,342000,88688
15,342,343000,88688
15,343,344000,88688
15,344,345000,88688
15,345,346000,88688
15,346,347000,88688
15,347,348000,88688
15,348,349000,88688
15,349,350000,88688
15,350,351000,88688
15,351,352000,88688
15,352,353000,88688
15,353,354000,88688
15,354,355000,88688
15,355,356000,88688
15,356,357000,88688
15,357,358000,88688
15,358,359000,88688
15,359,360000,88688
15,360,361000,88688
15,361,362000,88688
15,362,363000,88688
15,363,364000,88688
15,364,365000,88688
15,365,366000,88688
15,366,367000,88688
15,367,368000,88688
15,368,369000,88688
15,369,370000,88688
15,370,371000,88688
15,371,372000,88688
15,372,373000,88688
15,373,374000,88688
15,374,375000,88688
15,375,376000,88688
15,376,377000,88688
15,377,378000,88688
15,378,379000,88688
15,379,380000,88688
15,380,381000,88688
15,381,382000,88688
15,382,383000,88688
15,383,384000,88688
15,384,385000,88688
15,385,386000,88688
15,386,387000,88688
15,387,388000,88688
15,388,389000,88688
15,389,390000,88688
15,390,391000,88688
15,391,392000,88688
15,392,393000,88688
15,393,394000,88688
15,394,395000,88688
15,395,396000,88692
15,396,397000,88692
15,397,398000,88692
15,398,399000,88692
15,399,400000,88692
15,400,401000,88692
15,401,402000,88692
15,402,403000,88692
15,403,404000,88692
15,404,405000,88692
15,405,406000,88692
15,406,407000,88692
15,407,408000,88692
15,408,409000,88692
15,409,410000,88692
15,410,411000,88692
15,411,412000,88692
15,412,413000,88692
15,413,414000,88692
15,414,415000,88692
15,415,416000,88692
15,416,417000,88692
15,417,418000,88692
15,418,419000,88692
15,419,420000,88692
15,420,421000,88692
15,421,422000,88692
15,422,423000,88692
15,423,424000,88692
15,424,425000,88692
15,425,426000,88692
15,426,427000,88692
15,427,428000,88696
15,428,429000,88696
15,429,430000,88696
15,430,431000,88696
15,431,432000,88696
15,432,433000,88696
15,433,434000,88696
15,434,435000,88707
15,435,436000,88707
15,436,437000,88707
15,437,438000,88707
15,438,439000,88707
15,439,440000,88707
15,440,441000,88707
15,441,442000,88707
15,442,443000,88707
15,443,444000,88707
15,444,445000,88707
15,445,446000,88707
15,446,447000,88707
15,447,448000,88707
15,448,449000,88707
15,449,450000,88707
15,450,451000,88707
15,451,452000,88707
15,452,453000,88707
15,453,454000,88707
15,454,455000,88707
15,455,456000,88707
15,456,457000,88707
15,457,458000,88707
15,458,459000,88707
15,459,460000,88707
15,460,461000,88707
15,461,462000,88707
15,462,463000,88707
15,463,464000,88707
15,464,465000,88707
15,465,466000,88707
15,466,467000,88707
15,467,468000,88707
15,468,469000,88707
15,469,470000,88707
15,470,471000,88707
15,471,472000,88707
15,472,473000,88707
15,473,474000,88707
15,474,475000,88707
15,475,476000,88707
15,476,477000,88707
15,477,478000,88707
15,478,479000,88707
15,479,480000,88707
15,480,481000,88707
15,481,482000,88707
15,482,483000,88707
15,483,484000,88707
15,484,485000,88707
15,485,486000,88707
15,486,487000,88707
15,487,488000,88707
15,488,489000,88707
15,489,490000,88707
15,490,491000,88707
15,491,492000,88707
15,492,493000,88707
15,493,494000,88707
15,494,495000,88707
15,495,496000,88707
15,496,497000,88707
15,497,498000,88707
15,498,499000,88716
15,499,500000,88716
