run,generation,evaluations,best_fitness
1,0,1000,73037
1,1,2000,76146
1,2,3000,77814
1,3,4000,79157
1,4,5000,80318
1,5,6000,81526
1,6,7000,81603
1,7,8000,81930
1,8,9000,82391
1,9,10000,83043
1,10,11000,83043
1,11,12000,83117
1,12,13000,83540
1,13,14000,83674
1,14,15000,84532
1,15,16000,84551
1,16,17000,84551
1,17,18000,84722
1,18,19000,84824
1,19,20000,84968
1,20,21000,85294
1,21,22000,85419
1,22,23000,85620
1,23,24000,85781
1,24,25000,85882
1,25,26000,85964
1,26,27000,86128
1,27,28000,86259
1,28,29000,86282
1,29,30000,86351
1,30,31000,86459
1,31,32000,86461
1,32,33000,86526
1,33,34000,86572
1,34,35000,86767
1,35,36000,86828
1,36,37000,87014
1,37,38000,87168
1,38,39000,87222
1,39,40000,87287
1,40,41000,87293
1,41,42000,87379
1,42,43000,87380
1,43,44000,87398
1,44,45000,87450
1,45,46000,87471
1,46,47000,87471
1,47,48000,87532
1,48,49000,87568
1,49,50000,87568
1,50,51000,87621
1,51,52000,87669
1,52,53000,87749
1,53,54000,87825
1,54,55000,87859
1,55,56000,87863
1,56,57000,87895
1,57,58000,87937
1,58,59000,87937
1,59,60000,88017
1,60,61000,88042
1,61,62000,88087
1,62,63000,88123
1,63,64000,88144
1,64,65000,88144
1,65,66000,88152
1,66,67000,88170
1,67,68000,88170
1,68,69000,88177
1,69,70000,88184
1,70,71000,88197
1,71,72000,88222
1,72,73000,88239
1,73,74000,88242
1,74,75000,88249
1,75,76000,88249
1,76,77000,88256
1,77,78000,88259
1,78,79000,88265
1,79,80000,88265
1,80,81000,88277
1,81,82000,88290
1,82,83000,88299
1,83,84000,88310
1,84,85000,88313
1,85,86000,88326
1,86,87000,88333
1,87,88000,88333
1,88,89000,88362
1,89,90000,88362
1,90,91000,88377
1,91,92000,88377
1,92,93000,88377
1,93,94000,88384
1,94,95000,88390
1,95,96000,88396
1,96,97000,88409
1,97,98000,88410
1,98,99000,88421
1,99,100000,88427
1,100,101000,88433
1,101,102000,88439
1,102,103000,88449
1,103,104000,88464
1,104,105000,88476
1,105,106000,88490
1,106,107000,88494
1,107,108000,88494
1,108,109000,88494
1,109,110000,88503
1,110,111000,88529
1,111,112000,88529
1,112,113000,88529
1,113,114000,88550
1,114,115000,88555
1,115,116000,88560
1,116,117000,88560
1,117,118000,88560
1,118,119000,88580
1,119,120000,88580
1,120,121000,88590
1,121,122000,88595
1,122,123000,88601
1,123,124000,88601
1,124,125000,88602
1,125,126000,88602
1,126,127000,88602
1,127,128000,88606
1,128,129000,88606
1,129,130000,88606
1,130,131000,88615
1,131,132000,88619
1,132,133000,88621
1,133,134000,88625
1,134,135000,88640
1,135,136000,88640
1,136,137000,88640
1,137,138000,88652
1,138,139000,88652
1,139,140000,88656
1,140,141000,88656
1,141,142000,88669
1,142,143000,88669
1,143,144000,88674
1,144,145000,88674
1,145,146000,88674
1,146,147000,88674
1,147,148000,88674
1,148,149000,88674
1,149,150000,88674
1,150,151000,88674
1,151,152000,88674
1,152,153000,88674
1,153,154000,88682
1,154,155000,88682
1,155,156000,88682
1,156,157000,88682
1,157,158000,88682
1,158,159000,88682
1,159,160000,88682
1,160,161000,88682
1,161,162000,88684
1,162,163000,88684
1,163,164000,88684
1,164,165000,88684
1,165,166000,88684
1,166,167000,88691
1,167,168000,88691
1,168,169000,88691
1,169,170000,88692
1,170,171000,88695
1,171,172000,88695
1,172,173000,88695
1,173,174000,88695
1,174,175000,88695
1,175,176000,88695
1,176,177000,88695
1,177,178000,88697
1,178,179000,88698
1,179,180000,88698
1,180,181000,88721
1,181,182000,88727
1,182,183000,88727
1,183,184000,88734
1,184,185000,88742
1,185,186000,88742
1,186,187000,88742
1,187,188000,88747
1,188,189000,88747
1,189,190000,88747
1,190,191000,88753
1,191,192000,88753
1,192,193000,88756
1,193,194000,88756
1,194,195000,88762
1,195,196000,88762
1,196,197000,88763
1,197,198000,88766
1,198,199000,88767
1,199,200000,88769
1,200,201000,88769
1,201,202000,88769
1,202,203000,88769
1,203,204000,88769
1,204,205000,88770
1,205,206000,88770
1,206,207000,88770
1,207,208000,88770
1,208,209000,88770
1,209,210000,88770
1,210,211000,88770
1,211,212000,88770
1,212,213000,88775
1,213,214000,88775
1,214,215000,88775
1,215,216000,88778
1,216,217000,88778
1,217,218000,88782
1,218,219000,88782
1,219,220000,88782
1,220,221000,88782
1,221,222000,88782
1,222,223000,88782
1,223,224000,88784
1,224,225000,88784
1,225,226000,88784
1,226,227000,88784
1,227,228000,88784
1,228,229000,88784
1,229,230000,88784
1,230,231000,88784
1,231,232000,88784
1,232,233000,88784
1,233,234000,88784
1,234,235000,88784
1,235,236000,88784
1,236,237000,88787
1,237,238000,88787
1,238,239000,88787
1,239,240000,88787
1,240,241000,88787
1,241,242000,88787
1,242,243000,88787
1,243,244000,88788
1,244,245000,88788
1,245,246000,88788
1,246,247000,88788
1,247,248000,88788
1,248,249000,88788
1,249,250000,88788
1,250,251000,88788
1,251,252000,88788
1,252,253000,88788
1,253,254000,88788
1,254,255000,88788
1,255,256000,88788
1,256,257000,88788
1,257,258000,88788
1,258,259000,88788
1,259,260000,88788
1,260,261000,88788
1,261,262000,88788
1,262,263000,88791
1,263,264000,88797
1,264,265000,88797
1,265,266000,88800
1,266,267000,88804
1,267,268000,88804
1,268,269000,88804
1,269,270000,88804
1,270,271000,88804
1,271,272000,88805
1,272,273000,88805
1,273,274000,88805
1,274,275000,88805
1,275,276000,88805
1,276,277000,88805
1,277,278000,88805
1,278,279000,88808
1,279,280000,88808
1,280,281000,88808
1,281,282000,88808
1,282,283000,88809
1,283,284000,88809
1,284,285000,88809
1,285,286000,88809
1,286,287000,88809
1,287,288000,88809
1,288,289000,88809
1,289,290000,88809
1,290,291000,88818
1,291,292000,88818
1,292,293000,88818
1,293,294000,88818
1,294,295000,88818
1,295,296000,88818
1,296,297000,88820
1,297,298000,88820
1,298,299000,88821
1,299,300000,88821
1,300,301000,88821
1,301,302000,88821
1,302,303000,88821
1,303,304000,88821
1,304,305000,88821
1,305,306000,88821
1,306,307000,88821
1,307,308000,88821
1,308,309000,88821
1,309,310000,88821
1,310,311000,88821
1,311,312000,88821
1,312,313000,88821
1,313,314000,88821
1,314,315000,88821
1,315,316000,88821
1,316,317000,88821
1,317,318000,88821
1,318,319000,88821
1,319,320000,88821
1,320,321000,88821
1,321,322000,88821
1,322,323000,88821
1,323,324000,88821
1,324,325000,88821
1,325,326000,88821
1,326,327000,88821
1,327,328000,88821
1,328,329000,88821
1,329,330000,88821
1,330,331000,88821
1,331,332000,88821
1,332,333000,88821
1,333,334000,88821
1,334,335000,88821
1,335,336000,88821
1,336,337000,88821
1,337,338000,88821
1,338,339000,88821
1,339,340000,88821
1,340,341000,88821
1,341,342000,88821
1,342,343000,88821
1,343,344000,88825
1,344,345000,88825
1,345,346000,88825
1,346,347000,88825
1,347,348000,88825
1,348,349000,88825
1,349,350000,88825
1,350,351000,88825
1,351,352000,88825
1,352,353000,88825
1,353,354000,88825
1,354,355000,88825
1,355,356000,88825
1,356,357000,88825
1,357,358000,88825
1,358,359000,88825
1,359,360000,88825
1,360,361000,88825
1,361,362000,88825
1,362,363000,88825
1,363,364000,88825
1,364,365000,88825
1,365,366000,88825
1,366,367000,88825
1,367,368000,88825
1,368,369000,88825
1,369,370000,88825
1,370,371000,88825
1,371,372000,88825
1,372,373000,88825
1,373,374000,88825
1,374,375000,88825
1,375,376000,88825
1,376,377000,88825
1,377,378000,88825
1,378,379000,88825
1,379,380000,88825
1,380,381000,88829
1,381,382000,88829
1,382,383000,88829
1,383,384000,88829
1,384,385000,88829
1,385,386000,88829
1,386,387000,88829
1,387,388000,88829
1,388,389000,88829
1,389,390000,88829
1,390,391000,88829
1,391,392000,88829
1,392,393000,88829
1,393,394000,88829
1,394,395000,88829
1,395,396000,88829
1,396,397000,88829
1,397,398000,88833
1,398,399000,88833
1,399,400000,88833
1,400,401000,88833
1,401,402000,88833
1,402,403000,88833
1,403,404000,88837
1,404,405000,88837
1,405,406000,88837
1,406,407000,88837
1,407,408000,88837
1,408,409000,88837
1,409,410000,88837
1,410,411000,88837
1,411,412000,88837
1,412,413000,88841
1,413,414000,88841
1,414,415000,88841
1,415,416000,88841
1,416,417000,88841
1,417,418000,88841
1,418,419000,88841
1,419,420000,88841
1,420,421000,88841
1,421,422000,88841
1,422,423000,88841
1,423,424000,88841
1,424,425000,88841
1,425,426000,88841
1,426,427000,88841
1,427,428000,88841
1,428,429000,88841
1,429,430000,88841
1,430,431000,88841
1,431,432000,88841
1,432,433000,88841
1,433,434000,88841
1,434,435000,88841
1,435,436000,88841
1,436,437000,88841
1,437,438000,88841
1,438,439000,88841
1,439,440000,88841
1,440,441000,88841
1,441,442000,88841
1,442,443000,88852
1,443,444000,88852
1,444,445000,88852
1,445,446000,88852
1,446,447000,88852
1,447,448000,88852
1,448,449000,88852
1,449,450000,88852
1,450,451000,88852
1,451,452000,88852
1,452,453000,88852
1,453,454000,88852
1,454,455000,88852
1,455,456000,88852
1,456,457000,88852
1,457,458000,88852
1,458,459000,88852
1,459,460000,88852
1,460,461000,88861
1,461,462000,88861
1,462,463000,88861
1,463,464000,88861
1,464,465000,88863
1,465,466000,88863
1,466,467000,88863
1,467,468000,88864
1,468,469000,88864
1,469,470000,88864
1,470,471000,88864
1,471,472000,88864
1,472,473000,88864
1,473,474000,88864
1,474,475000,88864
1,475,476000,88864
1,476,477000,88864
1,477,478000,88864
1,478,479000,88864
1,479,480000,88864
1,480,481000,88864
1,481,482000,88864
1,482,483000,88864
1,483,484000,88864
1,484,485000,88864
1,485,486000,88864
1,486,487000,88864
1,487,488000,88864
1,488,489000,88864
1,489,490000,88864
1,490,491000,88864
1,491,492000,88864
1,492,493000,88864
1,493,494000,88864
1,494,495000,88864
1,495,496000,88864
1,496,497000,88864
1,497,498000,88864
1,498,499000,88864
1,499,500000,88864
1,500,501000,88864
1,501,502000,88864
1,502,503000,88864
1,503,504000,88864
1,504,505000,88864
1,505,506000,88864
1,506,507000,88864
1,507,508000,88864
1,508,509000,88864
1,509,510000,88864
1,510,511000,88864
1,511,512000,88864
1,512,513000,88864
1,513,514000,88864
1,514,515000,88864
1,515,516000,88864
1,516,517000,88864
1,517,518000,88864
1,518,519000,88864
1,519,520000,88864
1,520,521000,88864
1,521,522000,88864
1,522,523000,88864
1,523,524000,88864
1,524,525000,88864
1,525,526000,88864
1,526,527000,88864
1,527,528000,88864
1,528,529000,88864
1,529,530000,88864
1,530,531000,88864
1,531,532000,88864
1,532,533000,88864
1,533,534000,88864
1,534,535000,88865
1,535,536000,88865
1,536,537000,88865
1,537,538000,88884
1,538,539000,88884
1,539,540000,88889
1,540,541000,88896
1,541,542000,88896
1,542,543000,88896
1,543,544000,88896
1,544,545000,88896
1,545,546000,88896
1,546,547000,88896
1,547,548000,88896
1,548,549000,88896
1,549,550000,88896
1,550,551000,88896
1,551,552000,88896
1,552,553000,88896
1,553,554000,88896
1,554,555000,88896
1,555,556000,88902
1,556,557000,88902
1,557,558000,88902
1,558,559000,88914
1,559,560000,88914
1,560,561000,88919
1,561,562000,88922
1,562,563000,88922
1,563,564000,88922
1,564,565000,88922
1,565,566000,88922
1,566,567000,88922
1,567,568000,88922
1,568,569000,88922
1,569,570000,88922
1,570,571000,88922
1,571,572000,88922
1,572,573000,88922
1,573,574000,88922
1,574,575000,88922
1,575,576000,88922
1,576,577000,88922
1,577,578000,88922
1,578,579000,88922
1,579,580000,88922
1,580,581000,88922
1,581,582000,88922
1,582,583000,88922
1,583,584000,88922
1,584,585000,88922
1,585,586000,88922
1,586,587000,88922
1,587,588000,88922
1,588,589000,88926
1,589,590000,88926
1,590,591000,88926
1,591,592000,88926
1,592,593000,88926
1,593,594000,88926
1,594,595000,88926
1,595,596000,88926
1,596,597000,88926
1,597,598000,88926
1,598,599000,88926
1,599,600000,88926
1,600,601000,88926
1,601,602000,88926
1,602,603000,88926
1,603,604000,88926
1,604,605000,88926
1,605,606000,88926
1,606,607000,88926
1,607,608000,88926
1,608,609000,88926
1,609,610000,88926
1,610,611000,88926
1,611,612000,88926
1,612,613000,88926
1,613,614000,88926
1,614,615000,88926
1,615,616000,88926
1,616,617000,88926
1,617,618000,88926
1,618,619000,88926
1,619,620000,88926
1,620,621000,88926
1,621,622000,88926
1,622,623000,88926
1,623,624000,88926
1,624,625000,88926
1,625,626000,88926
1,626,627000,88926
1,627,628000,88926
1,628,629000,88926
1,629,630000,88926
1,630,631000,88926
1,631,632000,88926
1,632,633000,88926
1,633,634000,88926
1,634,635000,88926
1,635,636000,88926
1,636,637000,88926
1,637,638000,88926
1,638,639000,88926
1,639,640000,88926
1,640,641000,88926
1,641,642000,88926
1,642,643000,88926
1,643,644000,88926
1,644,645000,88926
1,645,646000,88926
1,646,647000,88926
1,647,648000,88926
1,648,649000,88926
1,649,650000,88926
1,650,651000,88926
1,651,652000,88926
1,652,653000,88926
1,653,654000,88926
1,654,655000,88926
1,655,656000,88926
1,656,657000,88926
1,657,658000,88926
1,658,659000,88926
1,659,660000,88926
1,660,661000,88926
1,661,662000,88926
1,662,663000,88926
1,663,664000,88926
1,664,665000,88926
1,665,666000,88926
1,666,667000,88926
1,667,668000,88926
1,668,669000,88926
1,669,670000,88926
1,670,671000,88926
1,671,672000,88926
1,672,673000,88926
1,673,674000,88926
1,674,675000,88926
1,675,676000,88926
1,676,677000,88926
1,677,678000,88926
1,678,679000,88926
1,679,680000,88926
1,680,681000,88926
1,681,682000,88926
1,682,683000,88926
1,683,684000,88926
1,684,685000,88926
1,685,686000,88926
1,686,687000,88926
1,687,688000,88926
1,688,689000,88926
1,689,690000,88926
1,690,691000,88926
1,691,692000,88926
1,692,693000,88926
1,693,694000,88926
1,694,695000,88926
1,695,696000,88926
1,696,697000,88926
1,697,698000,88926
1,698,699000,88926
1,699,700000,88926
1,700,701000,88926
1,701,702000,88926
1,702,703000,88926
1,703,704000,88926
1,704,705000,88926
1,705,706000,88926
1,706,707000,88926
1,707,708000,88926
1,708,709000,88926
1,709,710000,88926
1,710,711000,88926
1,711,712000,88926
1,712,713000,88926
1,713,714000,88926
1,714,715000,88926
1,715,716000,88926
1,716,717000,88926
1,717,718000,88926
1,718,719000,88926
1,719,720000,88926
1,720,721000,88926
1,721,722000,88926
1,722,723000,88926
1,723,724000,88926
1,724,725000,88926
1,725,726000,88926
1,726,727000,88926
1,727,728000,88926
1,728,729000,88926
1,729,730000,88926
1,730,731000,88926
1,731,732000,88926
1,732,733000,88926
1,733,734000,88926
1,734,735000,88926
1,735,736000,88926
1,736,737000,88926
1,737,738000,88926
1,738,739000,88926
1,739,740000,88926
1,740,741000,88926
1,741,742000,88926
1,742,743000,88926
1,743,744000,88926
1,744,745000,88926
1,745,746000,88926
1,746,747000,88926
1,747,748000,88926
1,748,749000,88926
1,749,750000,88926
1,750,751000,88926
1,751,752000,88926
1,752,753000,88926
1,753,754000,88926
1,754,755000,88926
1,755,756000,88926
1,756,757000,88926
1,757,758000,88926
1,758,759000,88926
1,759,760000,88926
1,760,761000,88926
1,761,762000,88926
1,762,763000,88926
1,763,764000,88926
1,764,765000,88926
1,765,766000,88926
1,766,767000,88926
1,767,768000,88926
1,768,769000,88926
1,769,770000,88926
1,770,771000,88926
1,771,772000,88926
1,772,773000,88926
1,773,774000,88926
1,774,775000,88926
1,775,776000,88926
1,776,777000,88926
1,777,778000,88926
1,778,779000,88926
1,779,780000,88926
1,780,781000,88926
1,781,782000,88926
1,782,783000,88926
1,783,784000,88926
1,784,785000,88926
1,785,786000,88926
1,786,787000,88926
1,787,788000,88926
1,788,789000,88926
1,789,790000,88926
1,790,791000,88926
1,791,792000,88926
1,792,793000,88926
1,793,794000,88926
1,794,795000,88926
1,795,796000,88926
1,796,797000,88926
1,797,798000,88926
1,798,799000,88926
1,799,800000,88926
1,800,801000,88926
1,801,802000,88926
1,802,803000,88926
1,803,804000,88926
1,804,805000,88926
1,805,806000,88926
1,806,807000,88926
1,807,808000,88926
1,808,809000,88926
1,809,810000,88926
1,810,811000,88926
1,811,812000,88926
1,812,813000,88926
1,813,814000,88926
1,814,815000,88926
1,815,816000,88926
1,816,817000,88926
1,817,818000,88926
1,818,819000,88926
1,819,820000,88926
1,820,821000,88926
1,821,822000,88926
1,822,823000,88926
1,823,824000,88926
1,824,825000,88926
1,825,826000,88926
1,826,827000,88926
1,827,828000,88926
1,828,829000,88926
1,829,830000,88926
1,830,831000,88926
1,831,832000,88926
1,832,833000,88926
1,833,834000,88926
1,834,835000,88926
1,835,836000,88926
1,836,837000,88926
1,837,838000,88926
1,838,839000,88926
1,839,840000,88926
1,840,841000,88926
1,841,842000,88926
1,842,843000,88926
1,843,844000,88926
1,844,845000,88926
1,845,846000,88926
1,846,847000,88926
1,847,848000,88926
1,848,849000,88926
1,849,850000,88926
1,850,851000,88926
1,851,852000,88926
1,852,853000,88926
1,853,854000,88926
1,854,855000,88926
1,855,856000,88926
1,856,857000,88926
1,857,858000,88926
1,858,859000,88926
1,859,860000,88926
1,860,861000,88926
1,861,862000,88926
1,862,863000,88926
1,863,864000,88926
1,864,865000,88926
1,865,866000,88926
1,866,867000,88926
1,867,868000,88926
1,868,869000,88926
1,869,870000,88926
1,870,871000,88926
1,871,872000,88926
1,872,873000,88926
1,873,874000,88926
1,874,875000,88926
1,875,876000,88926
1,876,877000,88926
1,877,878000,88926
1,878,879000,88926
1,879,880000,88926
1,880,881000,88926
1,881,882000,88926
1,882,883000,88926
1,883,884000,88926
1,884,885000,88926
1,885,886000,88926
1,886,887000,88926
1,887,888000,88926
1,888,889000,88926
1,889,890000,88926
1,890,891000,88926
1,891,892000,88926
1,892,893000,88926
1,893,894000,88926
1,894,895000,88926
1,895,896000,88926
1,896,897000,88926
1,897,898000,88926
1,898,899000,88926
1,899,900000,88926
1,900,901000,88926
1,901,902000,88926
1,902,903000,88926
1,903,904000,88926
1,904,905000,88926
1,905,906000,88926
1,906,907000,88926
1,907,908000,88926
1,908,909000,88926
1,909,910000,88926
1,910,911000,88926
1,911,912000,88926
1,912,913000,88926
1,913,914000,88926
1,914,915000,88926
1,915,916000,88926
1,916,917000,88926
1,917,918000,88926
1,918,919000,88926
1,919,920000,88926
1,920,921000,88926
1,921,922000,88926
1,922,923000,88926
1,923,924000,88926
1,924,925000,88926
1,925,926000,88926
1,926,927000,88926
1,927,928000,88926
1,928,929000,88926
1,929,930000,88926
1,930,931000,88926
1,931,932000,88926
1,932,933000,88926
1,933,934000,88926
1,934,935000,88926
1,935,936000,88926
1,936,937000,88926
1,937,938000,88926
1,938,939000,88926
1,939,940000,88926
1,940,941000,88926
1,941,942000,88926
1,942,943000,88926
1,943,944000,88926
1,944,945000,88926
1,945,946000,88926
1,946,947000,88926
1,947,948000,88926
1,948,949000,88926
1,949,950000,88926
1,950,951000,88926
1,951,952000,88926
1,952,953000,88926
1,953,954000,88926
1,954,955000,88926
1,955,956000,88926
1,956,957000,88926
1,957,958000,88926
1,958,959000,88926
1,959,960000,88926
1,960,961000,88926
1,961,962000,88926
1,962,963000,88926
1,963,964000,88926
1,964,965000,88926
1,965,966000,88926
1,966,967000,88926
1,967,968000,88926
1,968,969000,88926
1,969,970000,88926
1,970,971000,88926
1,971,972000,88926
1,972,973000,88926
1,973,974000,88926
1,974,975000,88926
1,975,976000,88926
1,976,977000,88926
1,977,978000,88926
1,978,979000,88926
1,979,980000,88926
1,980,981000,88926
1,981,982000,88926
1,982,983000,88926
1,983,984000,88926
1,984,985000,88926
1,985,986000,88926
1,986,987000,88926
1,987,988000,88926
1,988,989000,88926
1,989,990000,88926
1,990,991000,88926
1,991,992000,88926
1,992,993000,88926
1,993,994000,88926
1,994,995000,88926
1,995,996000,88926
1,996,997000,88926
1,997,998000,88926
1,998,999000,88926
1,999,1000000,88926
2,0,1000,73327
2,1,2000,75965
2,2,3000,78947
2,3,4000,79395
2,4,5000,80506
2,5,6000,81714
2,6,7000,82667
2,7,8000,82667
2,8,9000,82877
2,9,10000,83148
2,10,11000,83425
2,11,12000,83759
2,12,13000,84171
2,13,14000,84223
2,14,15000,85183
2,15,16000,85199
2,16,17000,85282
2,17,18000,85396
2,18,19000,85547
2,19,20000,85609
2,20,21000,85624
2,21,22000,85758
2,22,23000,85879
2,23,24000,86150
2,24,25000,86179
2,25,26000,86359
2,26,27000,86598
2,27,28000,86623
2,28,29000,86669
2,29,30000,86687
2,30,31000,86719
2,31,32000,86767
2,32,33000,86784
2,33,34000,86919
2,34,35000,86919
2,35,36000,87009
2,36,37000,87255
2,37,38000,87255
2,38,39000,87351
2,39,40000,87357
2,40,41000,87404
2,41,42000,87434
2,42,43000,87489
2,43,44000,87525
2,44,45000,87525
2,45,46000,87531
2,46,47000,87548
2,47,48000,87660
2,48,49000,87660
2,49,50000,87667
2,50,51000,87717
2,51,52000,87781
2,52,53000,87789
2,53,54000,87795
2,54,55000,87818
2,55,56000,87818
2,56,57000,87850
2,57,58000,87850
2,58,59000,87894
2,59,60000,87927
2,60,61000,87941
2,61,62000,88009
2,62,63000,88009
2,63,64000,88023
2,64,65000,88064
2,65,66000,88072
2,66,67000,88075
2,67,68000,88076
2,68,69000,88106
2,69,70000,88106
2,70,71000,88106
2,71,72000,88115
2,72,73000,88123
2,73,74000,88134
2,74,75000,88134
2,75,76000,88149
2,76,77000,88156
2,77,78000,88162
2,78,79000,88179
2,79,80000,88200
2,80,81000,88205
2,81,82000,88222
2,82,83000,88222
2,83,84000,88226
2,84,85000,88228
2,85,86000,88229
2,86,87000,88268
2,87,88000,88268
2,88,89000,88270
2,89,90000,88280
2,90,91000,88280
2,91,92000,88308
2,92,93000,88308
2,93,94000,88332
2,94,95000,88332
2,95,96000,88332
2,96,97000,88332
2,97,98000,88341
2,98,99000,88342
2,99,100000,88348
2,100,101000,88353
2,101,102000,88353
2,102,103000,88361
2,103,104000,88375
2,104,105000,88375
2,105,106000,88379
2,106,107000,88381
2,107,108000,88397
2,108,109000,88397
2,109,110000,88398
2,110,111000,88408
2,111,112000,88408
2,112,113000,88410
2,113,114000,88410
2,114,115000,88413
2,115,116000,88413
2,116,117000,88425
2,117,118000,88431
2,118,119000,88431
2,119,120000,88438
2,120,121000,88443
2,121,122000,88461
2,122,123000,88461
2,123,124000,88467
2,124,125000,88469
2,125,126000,88475
2,126,127000,88475
2,127,128000,88479
2,128,129000,88481
2,129,130000,88484
2,130,131000,88487
2,131,132000,88487
2,132,133000,88489
2,133,134000,88518
2,134,135000,88518
2,135,136000,88520
2,136,137000,88520
2,137,138000,88520
2,138,139000,88524
2,139,140000,88524
2,140,141000,88524
2,141,142000,88524
2,142,143000,88524
2,143,144000,88524
2,144,145000,88524
2,145,146000,88524
2,146,147000,88524
2,147,148000,88524
2,148,149000,88524
2,149,150000,88524
2,150,151000,88524
2,151,152000,88524
2,152,153000,88530
2,153,154000,88530
2,154,155000,88530
2,155,156000,88532
2,156,157000,88538
2,157,158000,88545
2,158,159000,88545
2,159,160000,88551
2,160,161000,88551
2,161,162000,88551
2,162,163000,88555
2,163,164000,88561
2,164,165000,88567
2,165,166000,88567
2,166,167000,88573
2,167,168000,88574
2,168,169000,88574
2,169,170000,88575
2,170,171000,88575
2,171,172000,88575
2,172,173000,88575
2,173,174000,88575
2,174,175000,88575
2,175,176000,88575
2,176,177000,88575
2,177,178000,88581
2,178,179000,88581
2,179,180000,88581
2,180,181000,88581
2,181,182000,88582
2,182,183000,88582
2,183,184000,88582
2,184,185000,88582
2,185,186000,88584
2,186,187000,88584
2,187,188000,88584
2,188,189000,88584
2,189,190000,88584
2,190,191000,88584
2,191,192000,88584
2,192,193000,88584
2,193,194000,88584
2,194,195000,88584
2,195,196000,88588
2,196,197000,88592
2,197,198000,88592
2,198,199000,88592
2,199,200000,88595
2,200,201000,88595
2,201,202000,88595
2,202,203000,88595
2,203,204000,88597
2,204,205000,88597
2,205,206000,88597
2,206,207000,88597
2,207,208000,88598
2,208,209000,88601
2,209,210000,88601
2,210,211000,88612
2,211,212000,88613
2,212,213000,88620
2,213,214000,88620
2,214,215000,88631
2,215,216000,88637
2,216,217000,88637
2,217,218000,88637
2,218,219000,88637
2,219,220000,88637
2,220,221000,88638
2,221,222000,88638
2,222,223000,88638
2,223,224000,88638
2,224,225000,88638
2,225,226000,88638
2,226,227000,88638
2,227,228000,88638
2,228,229000,88638
2,229,230000,88650
2,230,231000,88650
2,231,232000,88650
2,232,233000,88650
2,233,234000,88650
2,234,235000,88650
2,235,236000,88650
2,236,237000,88650
2,237,238000,88650
2,238,239000,88650
2,239,240000,88650
2,240,241000,88650
2,241,242000,88650
2,242,243000,88650
2,243,244000,88650
2,244,245000,88650
2,245,246000,88650
2,246,247000,88650
2,247,248000,88650
2,248,249000,88650
2,249,250000,88650
2,250,251000,88650
2,251,252000,88652
2,252,253000,88652
2,253,254000,88652
2,254,255000,88653
2,255,256000,88654
2,256,257000,88654
2,257,258000,88661
2,258,259000,88662
2,259,260000,88662
2,260,261000,88662
2,261,262000,88662
2,262,263000,88662
2,263,264000,88662
2,264,265000,88662
2,265,266000,88662
2,266,267000,88662
2,267,268000,88662
2,268,269000,88662
2,269,270000,88662
2,270,271000,88666
2,271,272000,88666
2,272,273000,88666
2,273,274000,88666
2,274,275000,88666
2,275,276000,88666
2,276,277000,88666
2,277,278000,88666
2,278,279000,88666
2,279,280000,88666
2,280,281000,88666
2,281,282000,88666
2,282,283000,88666
2,283,284000,88666
2,284,285000,88670
2,285,286000,88670
2,286,287000,88670
2,287,288000,88670
2,288,289000,88676
2,289,290000,88676
2,290,291000,88676
2,291,292000,88680
2,292,293000,88680
2,293,294000,88680
2,294,295000,88681
2,295,296000,88681
2,296,297000,88681
2,297,298000,88681
2,298,299000,88681
2,299,300000,88681
2,300,301000,88681
2,301,302000,88681
2,302,303000,88681
2,303,304000,88681
2,304,305000,88685
2,305,306000,88685
2,306,307000,88685
2,307,308000,88685
2,308,309000,88685
2,309,310000,88685
2,310,311000,88685
2,311,312000,88685
2,312,313000,88685
2,313,314000,88685
2,314,315000,88685
2,315,316000,88685
2,316,317000,88685
2,317,318000,88685
2,318,319000,88685
2,319,320000,88685
2,320,321000,88685
2,321,322000,88685
2,322,323000,88685
2,323,324000,88685
2,324,325000,88685
2,325,326000,88685
2,326,327000,88685
2,327,328000,88685
2,328,329000,88685
2,329,330000,88685
2,330,331000,88685
2,331,332000,88685
2,332,333000,88685
2,333,334000,88685
2,334,335000,88685
2,335,336000,88685
2,336,337000,88685
2,337,338000,88685
2,338,339000,88685
2,339,340000,88685
2,340,341000,88685
2,341,342000,88685
2,342,343000,88685
2,343,344000,88685
2,344,345000,88685
2,345,346000,88685
2,346,347000,88685
2,347,348000,88689
2,348,349000,88689
2,349,350000,88689
2,350,351000,88689
2,351,352000,88689
2,352,353000,88689
2,353,354000,88689
2,354,355000,88689
2,355,356000,88689
2,356,357000,88689
2,357,358000,88689
2,358,359000,88689
2,359,360000,88689
2,360,361000,88689
2,361,362000,88689
2,362,363000,88689
2,363,364000,88689
2,364,365000,88689
2,365,366000,88689
2,366,367000,88689
2,367,368000,88689
2,368,369000,88689
2,369,370000,88689
2,370,371000,88689
2,371,372000,88689
2,372,373000,88689
2,373,374000,88689
2,374,375000,88689
2,375,376000,88689
2,376,377000,88689
2,377,378000,88689
2,378,379000,88689
2,379,380000,88689
2,380,381000,88689
2,381,382000,88689
2,382,383000,88689
2,383,384000,88689
2,384,385000,88689
2,385,386000,88689
2,386,387000,88689
2,387,388000,88689
2,388,389000,88689
2,389,390000,88689
2,390,391000,88689
2,391,392000,88689
2,392,393000,88689
2,393,394000,88689
2,394,395000,88700
2,395,396000,88700
2,396,397000,88700
2,397,398000,88700
2,398,399000,88700
2,399,400000,88700
2,400,401000,88705
2,401,402000,88705
2,402,403000,88705
2,403,404000,88705
2,404,405000,88705
2,405,406000,88705
2,406,407000,88705
2,407,408000,88705
2,408,409000,88705
2,409,410000,88705
2,410,411000,88705
2,411,412000,88705
2,412,413000,88705
2,413,414000,88705
2,414,415000,88705
2,415,416000,88705
2,416,417000,88705
2,417,418000,88714
2,418,419000,88714
2,419,420000,88714
2,420,421000,88714
2,421,422000,88714
2,422,423000,88714
2,423,424000,88714
2,424,425000,88714
2,425,426000,88714
2,426,427000,88714
2,427,428000,88714
2,428,429000,88714
2,429,430000,88714
2,430,431000,88714
2,431,432000,88714
2,432,433000,88714
2,433,434000,88714
2,434,435000,88714
2,435,436000,88714
2,436,437000,88714
2,437,438000,88714
2,438,439000,88714
2,439,440000,88714
2,440,441000,88714
2,441,442000,88714
2,442,443000,88714
2,443,444000,88714
2,444,445000,88714
2,445,446000,88714
2,446,447000,88714
2,447,448000,88714
2,448,449000,88714
2,449,450000,88714
2,450,451000,88714
2,451,452000,88714
2,452,453000,88714
2,453,454000,88714
2,454,455000,88714
2,455,456000,88714
2,456,457000,88714
2,457,458000,88714
2,458,459000,88722
2,459,460000,88722
2,460,461000,88722
2,461,462000,88726
2,462,463000,88738
2,463,464000,88738
2,464,465000,88746
2,465,466000,88746
2,466,467000,88746
2,467,468000,88750
2,468,469000,88750
2,469,470000,88750
2,470,471000,88750
2,471,472000,88750
2,472,473000,88750
2,473,474000,88750
2,474,475000,88750
2,475,476000,88750
2,476,477000,88750
2,477,478000,88750
2,478,479000,88750
2,479,480000,88750
2,480,481000,88750
2,481,482000,88750
2,482,483000,88750
2,483,484000,88750
2,484,485000,88750
2,485,486000,88750
2,486,487000,88750
2,487,488000,88750
2,488,489000,88750
2,489,490000,88750
2,490,491000,88750
2,491,492000,88750
2,492,493000,88750
2,493,494000,88750
2,494,495000,88750
2,495,496000,88750
2,496,497000,88750
2,497,498000,88750
2,498,499000,88750
2,499,500000,88750
2,500,501000,88750
2,501,502000,88750
2,502,503000,88750
2,503,504000,88750
2,504,505000,88750
2,505,506000,88750
2,506,507000,88750
2,507,508000,88750
2,508,509000,88750
2,509,510000,88750
2,510,511000,88750
2,511,512000,88750
2,512,513000,88750
2,513,514000,88750
2,514,515000,88750
2,515,516000,88750
2,516,517000,88750
2,517,518000,88750
2,518,519000,88750
2,519,520000,88750
2,520,521000,88750
2,521,522000,88750
2,522,523000,88750
2,523,524000,88750
2,524,525000,88750
2,525,526000,88750
2,526,527000,88750
2,527,528000,88750
2,528,529000,88750
2,529,530000,88750
2,530,531000,88750
2,531,532000,88750
2,532,533000,88750
2,533,534000,88750
2,534,535000,88750
2,535,536000,88750
2,536,537000,88750
2,537,538000,88750
2,538,539000,88750
2,539,540000,88750
2,540,541000,88750
2,541,542000,88750
2,542,543000,88750
2,543,544000,88750
2,544,545000,88750
2,545,546000,88750
2,546,547000,88750
2,547,548000,88750
2,548,549000,88750
2,549,550000,88750
2,550,551000,88750
2,551,552000,88750
2,552,553000,88750
2,553,554000,88750
2,554,555000,88750
2,555,556000,88750
2,556,557000,88750
2,557,558000,88750
2,558,559000,88750
2,559,560000,88750
2,560,561000,88750
2,561,562000,88750
2,562,563000,88750
2,563,564000,88750
2,564,565000,88750
2,565,566000,88750
2,566,567000,88750
2,567,568000,88750
2,568,569000,88750
2,569,570000,88750
2,570,571000,88750
2,571,572000,88750
2,572,573000,88750
2,573,574000,88750
2,574,575000,88750
2,575,576000,88750
2,576,577000,88750
2,577,578000,88750
2,578,579000,88750
2,579,580000,88750
2,580,581000,88750
2,581,582000,88750
2,582,583000,88750
2,583,584000,88750
2,584,585000,88750
2,585,586000,88750
2,586,587000,88750
2,587,588000,88750
2,588,589000,88750
2,589,590000,88750
2,590,591000,88750
2,591,592000,88750
2,592,593000,88750
2,593,594000,88750
2,594,595000,88750
2,595,596000,88750
2,596,597000,88750
2,597,598000,88750
2,598,599000,88750
2,599,600000,88750
2,600,601000,88750
2,601,602000,88750
2,602,603000,88750
2,603,604000,88750
2,604,605000,88750
2,605,606000,88750
2,606,607000,88750
2,607,608000,88750
2,608,609000,88750
2,609,610000,88750
2,610,611000,88750
2,611,612000,88750
2,612,613000,88750
2,613,614000,88750
2,614,615000,88750
2,615,616000,88750
2,616,617000,88750
2,617,618000,88750
2,618,619000,88750
2,619,620000,88750
2,620,621000,88750
2,621,622000,88750
2,622,623000,88750
2,623,624000,88750
2,624,625000,88750
2,625,626000,88750
2,626,627000,88750
2,627,628000,88750
2,628,629000,88750
2,629,630000,88750
2,630,631000,88750
2,631,632000,88750
2,632,633000,88750
2,633,634000,88750
2,634,635000,88750
2,635,636000,88750
2,636,637000,88750
2,637,638000,88750
2,638,639000,88750
2,639,640000,88750
2,640,641000,88750
2,641,642000,88750
2,642,643000,88750
2,643,644000,88750
2,644,645000,88750
2,645,646000,88750
2,646,647000,88750
2,647,648000,88750
2,648,649000,88750
2,649,650000,88750
2,650,651000,88750
2,651,652000,88750
2,652,653000,88750
2,653,654000,88750
2,654,655000,88750
2,655,656000,88750
2,656,657000,88750
2,657,658000,88750
2,658,659000,88750
2,659,660000,88750
2,660,661000,88750
2,661,662000,88750
2,662,663000,88750
2,663,664000,88750
2,664,665000,88750
2,665,666000,88750
2,666,667000,88750
2,667,668000,88750
2,668,669000,88750
2,669,670000,88750
2,670,671000,88750
2,671,672000,88750
2,672,673000,88750
2,673,674000,88750
2,674,675000,88750
2,675,676000,88750
2,676,677000,88750
2,677,678000,88750
2,678,679000,88750
2,679,680000,88750
2,680,681000,88750
2,681,682000,88750
2,682,683000,88750
2,683,684000,88750
2,684,685000,88750
2,685,686000,88750
2,686,687000,88750
2,687,688000,88750
2,688,689000,88750
2,689,690000,88750
2,690,691000,88750
2,691,692000,88750
2,692,693000,88750
2,693,694000,88750
2,694,695000,88750
2,695,696000,88750
2,696,697000,88750
2,697,698000,88750
2,698,699000,88750
2,699,700000,88750
2,700,701000,88750
2,701,702000,88750
2,702,703000,88750
2,703,704000,88750
2,704,705000,88750
2,705,706000,88750
2,706,707000,88750
2,707,708000,88750
2,708,709000,88750
2,709,710000,88750
2,710,711000,88750
2,711,712000,88750
2,712,713000,88750
2,713,714000,88750
2,714,715000,88750
2,715,716000,88750
2,716,717000,88750
2,717,718000,88750
2,718,719000,88750
2,719,720000,88750
2,720,721000,88750
2,721,722000,88750
2,722,723000,88750
2,723,724000,88750
2,724,725000,88750
2,725,726000,88750
2,726,727000,88750
2,727,728000,88750
2,728,729000,88750
2,729,730000,88750
2,730,731000,88750
2,731,732000,88750
2,732,733000,88750
2,733,734000,88750
2,734,735000,88750
2,735,736000,88750
2,736,737000,88750
2,737,738000,88750
2,738,739000,88750
2,739,740000,88750
2,740,741000,88750
2,741,742000,88750
2,742,743000,88750
2,743,744000,88750
2,744,745000,88750
2,745,746000,88750
2,746,747000,88750
2,747,748000,88750
2,748,749000,88750
2,749,750000,88750
2,750,751000,88750
2,751,752000,88750
2,752,753000,88750
2,753,754000,88750
2,754,755000,88750
2,755,756000,88750
2,756,757000,88750
2,757,758000,88750
2,758,759000,88750
2,759,760000,88750
2,760,761000,88750
2,761,762000,88750
2,762,763000,88750
2,763,764000,88750
2,764,765000,88750
2,765,766000,88750
2,766,767000,88750
2,767,768000,88750
2,768,769000,88750
2,769,770000,88750
2,770,771000,88750
2,771,772000,88750
2,772,773000,88750
2,773,774000,88750
2,774,775000,88750
2,775,776000,88750
2,776,777000,88750
2,777,778000,88750
2,778,779000,88750
2,779,780000,88750
2,780,781000,88750
2,781,782000,88750
2,782,783000,88750
2,783,784000,88750
2,784,785000,88750
2,785,786000,88750
2,786,787000,88750
2,787,788000,88750
2,788,789000,88750
2,789,790000,88750
2,790,791000,88750
2,791,792000,88750
2,792,793000,88750
2,793,794000,88750
2,794,795000,88750
2,795,796000,88750
2,796,797000,88750
2,797,798000,88750
2,798,799000,88750
2,799,800000,88750
2,800,801000,88750
2,801,802000,88750
2,802,803000,88750
2,803,804000,88750
2,804,805000,88750
2,805,806000,88750
2,806,807000,88750
2,807,808000,88750
2,808,809000,88750
2,809,810000,88750
2,810,811000,88750
2,811,812000,88750
2,812,813000,88750
2,813,814000,88750
2,814,815000,88750
2,815,816000,88750
2,816,817000,88750
2,817,818000,88750
2,818,819000,88750
2,819,820000,88750
2,820,821000,88750
2,821,822000,88750
2,822,823000,88750
2,823,824000,88750
2,824,825000,88750
2,825,826000,88750
2,826,827000,88750
2,827,828000,88750
2,828,829000,88750
2,829,830000,88750
2,830,831000,88750
2,831,832000,88750
2,832,833000,88750
2,833,834000,88750
2,834,835000,88750
2,835,836000,88750
2,836,837000,88750
2,837,838000,88750
2,838,839000,88750
2,839,840000,88750
2,840,841000,88750
2,841,842000,88750
2,842,843000,88750
2,843,844000,88750
2,844,845000,88750
2,845,846000,88750
2,846,847000,88750
2,847,848000,88750
2,848,849000,88750
2,849,850000,88750
2,850,851000,88750
2,851,852000,88750
2,852,853000,88750
2,853,854000,88750
2,854,855000,88750
2,855,856000,88750
2,856,857000,88750
2,857,858000,88750
2,858,859000,88750
2,859,860000,88750
2,860,861000,88750
2,861,862000,88750
2,862,863000,88750
2,863,864000,88750
2,864,865000,88750
2,865,866000,88750
2,866,867000,88750
2,867,868000,88750
2,868,869000,88750
2,869,870000,88750
2,870,871000,88750
2,871,872000,88750
2,872,873000,88750
2,873,874000,88750
2,874,875000,88750
2,875,876000,88750
2,876,877000,88750
2,877,878000,88750
2,878,879000,88750
2,879,880000,88750
2,880,881000,88750
2,881,882000,88750
2,882,883000,88750
2,883,884000,88750
2,884,885000,88750
2,885,886000,88750
2,886,887000,88750
2,887,888000,88750
2,888,889000,88750
2,889,890000,88750
2,890,891000,88750
2,891,892000,88750
2,892,893000,88750
2,893,894000,88750
2,894,895000,88750
2,895,896000,88750
2,896,897000,88750
2,897,898000,88750
2,898,899000,88750
2,899,900000,88750
2,900,901000,88750
2,901,902000,88750
2,902,903000,88750
2,903,904000,88750
2,904,905000,88750
2,905,906000,88750
2,906,907000,88750
2,907,908000,88750
2,908,909000,88750
2,909,910000,88750
2,910,911000,88750
2,911,912000,88750
2,912,913000,88750
2,913,914000,88750
2,914,915000,88750
2,915,916000,88750
2,916,917000,88750
2,917,918000,88750
2,918,919000,88750
2,919,920000,88750
2,920,921000,88750
2,921,922000,88750
2,922,923000,88750
2,923,924000,88750
2,924,925000,88750
2,925,926000,88750
2,926,927000,88750
2,927,928000,88750
2,928,929000,88750
2,929,930000,88750
2,930,931000,88750
2,931,932000,88750
2,932,933000,88750
2,933,934000,88750
2,934,935000,88750
2,935,936000,88750
2,936,937000,88750
2,937,938000,88750
2,938,939000,88750
2,939,940000,88750
2,940,941000,88750
2,941,942000,88750
2,942,943000,88750
2,943,944000,88750
2,944,945000,88750
2,945,946000,88750
2,946,947000,88750
2,947,948000,88750
2,948,949000,88750
2,949,950000,88750
2,950,951000,88750
2,951,952000,88750
2,952,953000,88750
2,953,954000,88750
2,954,955000,88750
2,955,956000,88750
2,956,957000,88750
2,957,958000,88750
2,958,959000,88750
2,959,960000,88750
2,960,961000,88750
2,961,962000,88750
2,962,963000,88750
2,963,964000,88750
2,964,965000,88750
2,965,966000,88750
2,966,967000,88750
2,967,968000,88750
2,968,969000,88750
2,969,970000,88750
2,970,971000,88750
2,971,972000,88750
2,972,973000,88750
2,973,974000,88750
2,974,975000,88750
2,975,976000,88750
2,976,977000,88750
2,977,978000,88750
2,978,979000,88750
2,979,980000,88750
2,980,981000,88750
2,981,982000,88750
2,982,983000,88750
2,983,984000,88750
2,984,985000,88750
2,985,986000,88750
2,986,987000,88750
2,987,988000,88750
2,988,989000,88750
2,989,990000,88750
2,990,991000,88750
2,991,992000,88750
2,992,993000,88750
2,993,994000,88750
2,994,995000,88750
2,995,996000,88750
2,996,997000,88750
2,997,998000,88750
2,998,999000,88750
2,999,1000000,88750
3,0,1000,73177
3,1,2000,75613
3,2,3000,77277
3,3,4000,78152
3,4,5000,79724
3,5,6000,80262
3,6,7000,81515
3,7,8000,82184
3,8,9000,82354
3,9,10000,82600
3,10,11000,83496
3,11,12000,83496
3,12,13000,84086
3,13,14000,84311
3,14,15000,84576
3,15,16000,84720
3,16,17000,85007
3,17,18000,85337
3,18,19000,85366
3,19,20000,85426
3,20,21000,85495
3,21,22000,85680
3,22,23000,85711
3,23,24000,85758
3,24,25000,85927
3,25,26000,86021
3,26,27000,86049
3,27,28000,86079
3,28,29000,86233
3,29,30000,86269
3,30,31000,86281
3,31,32000,86328
3,32,33000,86575
3,33,34000,86652
3,34,35000,86686
3,35,36000,86820
3,36,37000,86820
3,37,38000,86833
3,38,39000,86859
3,39,40000,86939
3,40,41000,86966
3,41,42000,87031
3,42,43000,87099
3,43,44000,87165
3,44,45000,87213
3,45,46000,87305
3,46,47000,87343
3,47,48000,87372
3,48,49000,87402
3,49,50000,87472
3,50,51000,87484
3,51,52000,87525
3,52,53000,87526
3,53,54000,87537
3,54,55000,87552
3,55,56000,87558
3,56,57000,87580
3,57,58000,87596
3,58,59000,87624
3,59,60000,87656
3,60,61000,87669
3,61,62000,87726
3,62,63000,87750
3,63,64000,87802
3,64,65000,87811
3,65,66000,87815
3,66,67000,87823
3,67,68000,87826
3,68,69000,87826
3,69,70000,87827
3,70,71000,87832
3,71,72000,87844
3,72,73000,87873
3,73,74000,87874
3,74,75000,87891
3,75,76000,87892
3,76,77000,87893
3,77,78000,87894
3,78,79000,87897
3,79,80000,87911
3,80,81000,87920
3,81,82000,87937
3,82,83000,87937
3,83,84000,87960
3,84,85000,87971
3,85,86000,87981
3,86,87000,87999
3,87,88000,88006
3,88,89000,88021
3,89,90000,88021
3,90,91000,88035
3,91,92000,88061
3,92,93000,88063
3,93,94000,88080
3,94,95000,88086
3,95,96000,88094
3,96,97000,88100
3,97,98000,88100
3,98,99000,88109
3,99,100000,88118
3,100,101000,88120
3,101,102000,88120
3,102,103000,88122
3,103,104000,88125
3,104,105000,88149
3,105,106000,88154
3,106,107000,88161
3,107,108000,88162
3,108,109000,88169
3,109,110000,88175
3,110,111000,88181
3,111,112000,88186
3,112,113000,88186
3,113,114000,88192
3,114,115000,88192
3,115,116000,88192
3,116,117000,88196
3,117,118000,88201
3,118,119000,88201
3,119,120000,88205
3,120,121000,88205
3,121,122000,88207
3,122,123000,88215
3,123,124000,88215
3,124,125000,88215
3,125,126000,88215
3,126,127000,88215
3,127,128000,88217
3,128,129000,88221
3,129,130000,88221
3,130,131000,88221
3,131,132000,88227
3,132,133000,88227
3,133,134000,88227
3,134,135000,88227
3,135,136000,88235
3,136,137000,88235
3,137,138000,88235
3,138,139000,88235
3,139,140000,88247
3,140,141000,88247
3,141,142000,88248
3,142,143000,88248
3,143,144000,88248
3,144,145000,88248
3,145,146000,88248
3,146,147000,88248
3,147,148000,88264
3,148,149000,88264
3,149,150000,88264
3,150,151000,88265
3,151,152000,88269
3,152,153000,88269
3,153,154000,88271
3,154,155000,88271
3,155,156000,88276
3,156,157000,88278
3,157,158000,88278
3,158,159000,88281
3,159,160000,88294
3,160,161000,88294
3,161,162000,88300
3,162,163000,88301
3,163,164000,88303
3,164,165000,88304
3,165,166000,88304
3,166,167000,88304
3,167,168000,88305
3,168,169000,88305
3,169,170000,88305
3,170,171000,88305
3,171,172000,88305
3,172,173000,88305
3,173,174000,88307
3,174,175000,88307
3,175,176000,88307
3,176,177000,88313
3,177,178000,88315
3,178,179000,88315
3,179,180000,88317
3,180,181000,88317
3,181,182000,88317
3,182,183000,88317
3,183,184000,88318
3,184,185000,88318
3,185,186000,88318
3,186,187000,88318
3,187,188000,88318
3,188,189000,88318
3,189,190000,88320
3,190,191000,88320
3,191,192000,88324
3,192,193000,88324
3,193,194000,88326
3,194,195000,88326
3,195,196000,88326
3,196,197000,88326
3,197,198000,88332
3,198,199000,88332
3,199,200000,88332
3,200,201000,88333
3,201,202000,88333
3,202,203000,88336
3,203,204000,88336
3,204,205000,88337
3,205,206000,88337
3,206,207000,88337
3,207,208000,88337
3,208,209000,88337
3,209,210000,88337
3,210,211000,88337
3,211,212000,88337
3,212,213000,88337
3,213,214000,88337
3,214,215000,88337
3,215,216000,88337
3,216,217000,88337
3,217,218000,88348
3,218,219000,88348
3,219,220000,88348
3,220,221000,88348
3,221,222000,88348
3,222,223000,88348
3,223,224000,88348
3,224,225000,88348
3,225,226000,88348
3,226,227000,88348
3,227,228000,88348
3,228,229000,88348
3,229,230000,88348
3,230,231000,88348
3,231,232000,88348
3,232,233000,88348
3,233,234000,88348
3,234,235000,88348
3,235,236000,88348
3,236,237000,88348
3,237,238000,88348
3,238,239000,88348
3,239,240000,88348
3,240,241000,88348
3,241,242000,88348
3,242,243000,88348
3,243,244000,88348
3,244,245000,88348
3,245,246000,88348
3,246,247000,88348
3,247,248000,88348
3,248,249000,88348
3,249,250000,88348
3,250,251000,88348
3,251,252000,88348
3,252,253000,88348
3,253,254000,88348
3,254,255000,88348
3,255,256000,88348
3,256,257000,88348
3,257,258000,88348
3,258,259000,88348
3,259,260000,88348
3,260,261000,88357
3,261,262000,88357
3,262,263000,88357
3,263,264000,88357
3,264,265000,88357
3,265,266000,88357
3,266,267000,88357
3,267,268000,88357
3,268,269000,88357
3,269,270000,88357
3,270,271000,88357
3,271,272000,88357
3,272,273000,88357
3,273,274000,88357
3,274,275000,88357
3,275,276000,88357
3,276,277000,88357
3,277,278000,88359
3,278,279000,88359
3,279,280000,88359
3,280,281000,88361
3,281,282000,88363
3,282,283000,88363
3,283,284000,88363
3,284,285000,88363
3,285,286000,88363
3,286,287000,88363
3,287,288000,88363
3,288,289000,88363
3,289,290000,88363
3,290,291000,88363
3,291,292000,88363
3,292,293000,88363
3,293,294000,88363
3,294,295000,88363
3,295,296000,88363
3,296,297000,88363
3,297,298000,88363
3,298,299000,88363
3,299,300000,88363
3,300,301000,88363
3,301,302000,88363
3,302,303000,88363
3,303,304000,88363
3,304,305000,88363
3,305,306000,88363
3,306,307000,88363
3,307,308000,88363
3,308,309000,88363
3,309,310000,88367
3,310,311000,88367
3,311,312000,88369
3,312,313000,88369
3,313,314000,88373
3,314,315000,88375
3,315,316000,88378
3,316,317000,88378
3,317,318000,88378
3,318,319000,88380
3,319,320000,88380
3,320,321000,88380
3,321,322000,88380
3,322,323000,88380
3,323,324000,88380
3,324,325000,88380
3,325,326000,88380
3,326,327000,88380
3,327,328000,88380
3,328,329000,88380
3,329,330000,88380
3,330,331000,88380
3,331,332000,88380
3,332,333000,88380
3,333,334000,88380
3,334,335000,88380
3,335,336000,88380
3,336,337000,88380
3,337,338000,88380
3,338,339000,88384
3,339,340000,88384
3,340,341000,88384
3,341,342000,88384
3,342,343000,88384
3,343,344000,88384
3,344,345000,88384
3,345,346000,88384
3,346,347000,88384
3,347,348000,88384
3,348,349000,88384
3,349,350000,88384
3,350,351000,88384
3,351,352000,88384
3,352,353000,88384
3,353,354000,88384
3,354,355000,88384
3,355,356000,88384
3,356,357000,88384
3,357,358000,88384
3,358,359000,88384
3,359,360000,88384
3,360,361000,88388
3,361,362000,88388
3,362,363000,88388
3,363,364000,88388
3,364,365000,88388
3,365,366000,88388
3,366,367000,88388
3,367,368000,88388
3,368,369000,88388
3,369,370000,88388
3,370,371000,88388
3,371,372000,88388
3,372,373000,88388
3,373,374000,88388
3,374,375000,88392
3,375,376000,88392
3,376,377000,88392
3,377,378000,88392
3,378,379000,88392
3,379,380000,88392
3,380,381000,88392
3,381,382000,88392
3,382,383000,88392
3,383,384000,88392
3,384,385000,88392
3,385,386000,88392
3,386,387000,88392
3,387,388000,88392
3,388,389000,88403
3,389,390000,88403
3,390,391000,88403
3,391,392000,88403
3,392,393000,88403
3,393,394000,88403
3,394,395000,88403
3,395,396000,88403
3,396,397000,88403
3,397,398000,88403
3,398,399000,88403
3,399,400000,88403
3,400,401000,88403
3,401,402000,88403
3,402,403000,88403
3,403,404000,88403
3,404,405000,88403
3,405,406000,88403
3,406,407000,88403
3,407,408000,88403
3,408,409000,88403
3,409,410000,88403
3,410,411000,88403
3,411,412000,88403
3,412,413000,88403
3,413,414000,88403
3,414,415000,88403
3,415,416000,88403
3,416,417000,88403
3,417,418000,88403
3,418,419000,88403
3,419,420000,88403
3,420,421000,88403
3,421,422000,88403
3,422,423000,88403
3,423,424000,88403
3,424,425000,88403
3,425,426000,88403
3,426,427000,88403
3,427,428000,88403
3,428,429000,88403
3,429,430000,88403
3,430,431000,88403
3,431,432000,88403
3,432,433000,88403
3,433,434000,88403
3,434,435000,88403
3,435,436000,88403
3,436,437000,88403
3,437,438000,88403
3,438,439000,88403
3,439,440000,88403
3,440,441000,88403
3,441,442000,88403
3,442,443000,88403
3,443,444000,88403
3,444,445000,88403
3,445,446000,88403
3,446,447000,88403
3,447,448000,88403
3,448,449000,88403
3,449,450000,88403
3,450,451000,88403
3,451,452000,88403
3,452,453000,88403
3,453,454000,88403
3,454,455000,88403
3,455,456000,88403
3,456,457000,88403
3,457,458000,88403
3,458,459000,88403
3,459,460000,88403
3,460,461000,88403
3,461,462000,88403
3,462,463000,88403
3,463,464000,88403
3,464,465000,88403
3,465,466000,88403
3,466,467000,88403
3,467,468000,88403
3,468,469000,88403
3,469,470000,88403
3,470,471000,88403
3,471,472000,88403
3,472,473000,88403
3,473,474000,88403
3,474,475000,88403
3,475,476000,88403
3,476,477000,88403
3,477,478000,88403
3,478,479000,88403
3,479,480000,88403
3,480,481000,88403
3,481,482000,88403
3,482,483000,88403
3,483,484000,88403
3,484,485000,88403
3,485,486000,88403
3,486,487000,88403
3,487,488000,88403
3,488,489000,88403
3,489,490000,88403
3,490,491000,88403
3,491,492000,88403
3,492,493000,88403
3,493,494000,88403
3,494,495000,88403
3,495,496000,88403
3,496,497000,88403
3,497,498000,88403
3,498,499000,88403
3,499,500000,88403
3,500,501000,88403
3,501,502000,88403
3,502,503000,88403
3,503,504000,88403
3,504,505000,88403
3,505,506000,88403
3,506,507000,88403
3,507,508000,88403
3,508,509000,88403
3,509,510000,88403
3,510,511000,88403
3,511,512000,88403
3,512,513000,88403
3,513,514000,88403
3,514,515000,88403
3,515,516000,88403
3,516,517000,88403
3,517,518000,88403
3,518,519000,88403
3,519,520000,88403
3,520,521000,88403
3,521,522000,88403
3,522,523000,88403
3,523,524000,88403
3,524,525000,88403
3,525,526000,88403
3,526,527000,88403
3,527,528000,88403
3,528,529000,88403
3,529,530000,88403
3,530,531000,88403
3,531,532000,88403
3,532,533000,88403
3,533,534000,88403
3,534,535000,88403
3,535,536000,88403
3,536,537000,88403
3,537,538000,88403
3,538,539000,88403
3,539,540000,88403
3,540,541000,88403
3,541,542000,88403
3,542,543000,88403
3,543,544000,88403
3,544,545000,88412
3,545,546000,88412
3,546,547000,88412
3,547,548000,88412
3,548,549000,88412
3,549,550000,88412
3,550,551000,88412
3,551,552000,88416
3,552,553000,88416
3,553,554000,88416
3,554,555000,88419
3,555,556000,88428
3,556,557000,88428
3,557,558000,88428
3,558,559000,88432
3,559,560000,88432
3,560,561000,88432
3,561,562000,88432
3,562,563000,88432
3,563,564000,88432
3,564,565000,88432
3,565,566000,88432
3,566,567000,88432
3,567,568000,88432
3,568,569000,88432
3,569,570000,88432
3,570,571000,88432
3,571,572000,88432
3,572,573000,88432
3,573,574000,88432
3,574,575000,88432
3,575,576000,88432
3,576,577000,88432
3,577,578000,88432
3,578,579000,88432
3,579,580000,88432
3,580,581000,88432
3,581,582000,88432
3,582,583000,88432
3,583,584000,88432
3,584,585000,88432
3,585,586000,88432
3,586,587000,88432
3,587,588000,88432
3,588,589000,88432
3,589,590000,88432
3,590,591000,88432
3,591,592000,88432
3,592,593000,88432
3,593,594000,88432
3,594,595000,88432
3,595,596000,88432
3,596,597000,88432
3,597,598000,88432
3,598,599000,88432
3,599,600000,88432
3,600,601000,88432
3,601,602000,88432
3,602,603000,88432
3,603,604000,88432
3,604,605000,88432
3,605,606000,88432
3,606,607000,88432
3,607,608000,88432
3,608,609000,88432
3,609,610000,88432
3,610,611000,88432
3,611,612000,88432
3,612,613000,88432
3,613,614000,88432
3,614,615000,88432
3,615,616000,88432
3,616,617000,88432
3,617,618000,88432
3,618,619000,88432
3,619,620000,88432
3,620,621000,88432
3,621,622000,88432
3,622,623000,88432
3,623,624000,88432
3,624,625000,88432
3,625,626000,88432
3,626,627000,88432
3,627,628000,88432
3,628,629000,88432
3,629,630000,88432
3,630,631000,88432
3,631,632000,88432
3,632,633000,88432
3,633,634000,88432
3,634,635000,88432
3,635,636000,88432
3,636,637000,88432
3,637,638000,88432
3,638,639000,88432
3,639,640000,88432
3,640,641000,88432
3,641,642000,88432
3,642,643000,88432
3,643,644000,88432
3,644,645000,88432
3,645,646000,88432
3,646,647000,88432
3,647,648000,88432
3,648,649000,88432
3,649,650000,88432
3,650,651000,88432
3,651,652000,88432
3,652,653000,88432
3,653,654000,88432
3,654,655000,88432
3,655,656000,88432
3,656,657000,88432
3,657,658000,88432
3,658,659000,88432
3,659,660000,88432
3,660,661000,88432
3,661,662000,88432
3,662,663000,88432
3,663,664000,88432
3,664,665000,88432
3,665,666000,88432
3,666,667000,88432
3,667,668000,88432
3,668,669000,88432
3,669,670000,88432
3,670,671000,88432
3,671,672000,88432
3,672,673000,88432
3,673,674000,88432
3,674,675000,88432
3,675,676000,88432
3,676,677000,88432
3,677,678000,88432
3,678,679000,88432
3,679,680000,88432
3,680,681000,88432
3,681,682000,88432
3,682,683000,88432
3,683,684000,88432
3,684,685000,88432
3,685,686000,88432
3,686,687000,88432
3,687,688000,88432
3,688,689000,88432
3,689,690000,88432
3,690,691000,88432
3,691,692000,88432
3,692,693000,88432
3,693,694000,88432
3,694,695000,88432
3,695,696000,88432
3,696,697000,88432
3,697,698000,88432
3,698,699000,88432
3,699,700000,88432
3,700,701000,88432
3,701,702000,88432
3,702,703000,88432
3,703,704000,88432
3,704,705000,88432
3,705,706000,88432
3,706,707000,88432
3,707,708000,88432
3,708,709000,88432
3,709,710000,88432
3,710,711000,88432
3,711,712000,88432
3,712,713000,88432
3,713,714000,88432
3,714,715000,88432
3,715,716000,88432
3,716,717000,88432
3,717,718000,88432
3,718,719000,88432
3,719,720000,88432
3,720,721000,88432
3,721,722000,88432
3,722,723000,88432
3,723,724000,88432
3,724,725000,88432
3,725,726000,88432
3,726,727000,88432
3,727,728000,88432
3,728,729000,88432
3,729,730000,88432
3,730,731000,88432
3,731,732000,88432
3,732,733000,88432
3,733,734000,88432
3,734,735000,88432
3,735,736000,88432
3,736,737000,88432
3,737,738000,88432
3,738,739000,88432
3,739,740000,88432
3,740,741000,88432
3,741,742000,88432
3,742,743000,88432
3,743,744000,88432
3,744,745000,88432
3,745,746000,88432
3,746,747000,88432
3,747,748000,88432
3,748,749000,88432
3,749,750000,88432
3,750,751000,88432
3,751,752000,88432
3,752,753000,88432
3,753,754000,88432
3,754,755000,88432
3,755,756000,88432
3,756,757000,88432
3,757,758000,88432
3,758,759000,88432
3,759,760000,88432
3,760,761000,88432
3,761,762000,88432
3,762,763000,88432
3,763,764000,88432
3,764,765000,88432
3,765,766000,88432
3,766,767000,88432
3,767,768000,88432
3,768,769000,88432
3,769,770000,88432
3,770,771000,88432
3,771,772000,88432
3,772,773000,88432
3,773,774000,88432
3,774,775000,88432
3,775,776000,88432
3,776,777000,88432
3,777,778000,88432
3,778,779000,88432
3,779,780000,88432
3,780,781000,88432
3,781,782000,88432
3,782,783000,88432
3,783,784000,88432
3,784,785000,88432
3,785,786000,88432
3,786,787000,88432
3,787,788000,88432
3,788,789000,88432
3,789,790000,88432
3,790,791000,88432
3,791,792000,88432
3,792,793000,88432
3,793,794000,88432
3,794,795000,88432
3,795,796000,88432
3,796,797000,88432
3,797,798000,88432
3,798,799000,88432
3,799,800000,88432
3,800,801000,88432
3,801,802000,88432
3,802,803000,88432
3,803,804000,88432
3,804,805000,88432
3,805,806000,88432
3,806,807000,88432
3,807,808000,88432
3,808,809000,88432
3,809,810000,88432
3,810,811000,88432
3,811,812000,88432
3,812,813000,88432
3,813,814000,88432
3,814,815000,88432
3,815,816000,88432
3,816,817000,88432
3,817,818000,88432
3,818,819000,88432
3,819,820000,88432
3,820,821000,88432
3,821,822000,88432
3,822,823000,88432
3,823,824000,88432
3,824,825000,88432
3,825,826000,88432
3,826,827000,88432
3,827,828000,88432
3,828,829000,88432
3,829,830000,88432
3,830,831000,88432
3,831,832000,88432
3,832,833000,88432
3,833,834000,88432
3,834,835000,88432
3,835,836000,88432
3,836,837000,88432
3,837,838000,88432
3,838,839000,88432
3,839,840000,88432
3,840,841000,88432
3,841,842000,88432
3,842,843000,88432
3,843,844000,88432
3,844,845000,88432
3,845,846000,88432
3,846,847000,88432
3,847,848000,88432
3,848,849000,88432
3,849,850000,88432
3,850,851000,88432
3,851,852000,88432
3,852,853000,88432
3,853,854000,88432
3,854,855000,88432
3,855,856000,88432
3,856,857000,88432
3,857,858000,88432
3,858,859000,88432
3,859,860000,88432
3,860,861000,88432
3,861,862000,88432
3,862,863000,88432
3,863,864000,88432
3,864,865000,88432
3,865,866000,88432
3,866,867000,88432
3,867,868000,88432
3,868,869000,88432
3,869,870000,88432
3,870,871000,88432
3,871,872000,88432
3,872,873000,88432
3,873,874000,88432
3,874,875000,88432
3,875,876000,88432
3,876,877000,88432
3,877,878000,88432
3,878,879000,88432
3,879,880000,88432
3,880,881000,88432
3,881,882000,88432
3,882,883000,88432
3,883,884000,88432
3,884,885000,88432
3,885,886000,88432
3,886,887000,88432
3,887,888000,88432
3,888,889000,88432
3,889,890000,88432
3,890,891000,88432
3,891,892000,88432
3,892,893000,88432
3,893,894000,88432
3,894,895000,88432
3,895,896000,88432
3,896,897000,88432
3,897,898000,88432
3,898,899000,88432
3,899,900000,88432
3,900,901000,88432
3,901,902000,88432
3,902,903000,88432
3,903,904000,88432
3,904,905000,88432
3,905,906000,88432
3,906,907000,88432
3,907,908000,88432
3,908,909000,88432
3,909,910000,88432
3,910,911000,88432
3,911,912000,88432
3,912,913000,88432
3,913,914000,88432
3,914,915000,88432
3,915,916000,88432
3,916,917000,88432
3,917,918000,88432
3,918,919000,88432
3,919,920000,88432
3,920,921000,88432
3,921,922000,88432
3,922,923000,88432
3,923,924000,88432
3,924,925000,88432
3,925,926000,88432
3,926,927000,88432
3,927,928000,88432
3,928,929000,88432
3,929,930000,88432
3,930,931000,88432
3,931,932000,88432
3,932,933000,88432
3,933,934000,88432
3,934,935000,88432
3,935,936000,88432
3,936,937000,88432
3,937,938000,88432
3,938,939000,88432
3,939,940000,88432
3,940,941000,88432
3,941,942000,88432
3,942,943000,88432
3,943,944000,88432
3,944,945000,88432
3,945,946000,88432
3,946,947000,88432
3,947,948000,88432
3,948,949000,88432
3,949,950000,88432
3,950,951000,88432
3,951,952000,88432
3,952,953000,88432
3,953,954000,88432
3,954,955000,88432
3,955,956000,88432
3,956,957000,88432
3,957,958000,88432
3,958,959000,88432
3,959,960000,88432
3,960,961000,88432
3,961,962000,88432
3,962,963000,88432
3,963,964000,88432
3,964,965000,88432
3,965,966000,88432
3,966,967000,88432
3,967,968000,88432
3,968,969000,88432
3,969,970000,88432
3,970,971000,88432
3,971,972000,88432
3,972,973000,88432
3,973,974000,88432
3,974,975000,88432
3,975,976000,88432
3,976,977000,88432
3,977,978000,88432
3,978,979000,88432
3,979,980000,88432
3,980,981000,88432
3,981,982000,88432
3,982,983000,88432
3,983,984000,88432
3,984,985000,88432
3,985,986000,88432
3,986,987000,88432
3,987,988000,88432
3,988,989000,88432
3,989,990000,88432
3,990,991000,88432
3,991,992000,88432
3,992,993000,88432
3,993,994000,88432
3,994,995000,88432
3,995,996000,88432
3,996,997000,88432
3,997,998000,88432
3,998,999000,88432
3,999,1000000,88432
4,0,1000,73044
4,1,2000,76194
4,2,3000,77411
4,3,4000,79280
4,4,5000,80448
4,5,6000,81463
4,6,7000,82089
4,7,8000,82655
4,8,9000,83360
4,9,10000,83558
4,10,11000,83643
4,11,12000,83832
4,12,13000,84375
4,13,14000,84531
4,14,15000,84733
4,15,16000,84890
4,16,17000,85031
4,17,18000,85334
4,18,19000,85457
4,19,20000,85630
4,20,21000,85793
4,21,22000,85864
4,22,23000,85963
4,23,24000,86046
4,24,25000,86125
4,25,26000,86189
4,26,27000,86222
4,27,28000,86295
4,28,29000,86432
4,29,30000,86469
4,30,31000,86570
4,31,32000,86589
4,32,33000,86646
4,33,34000,86790
4,34,35000,86845
4,35,36000,86956
4,36,37000,86970
4,37,38000,87081
4,38,39000,87122
4,39,40000,87122
4,40,41000,87170
4,41,42000,87229
4,42,43000,87257
4,43,44000,87263
4,44,45000,87301
4,45,46000,87356
4,46,47000,87368
4,47,48000,87381
4,48,49000,87416
4,49,50000,87456
4,50,51000,87461
4,51,52000,87496
4,52,53000,87548
4,53,54000,87592
4,54,55000,87626
4,55,56000,87671
4,56,57000,87690
4,57,58000,87704
4,58,59000,87726
4,59,60000,87736
4,60,61000,87752
4,61,62000,87765
4,62,63000,87781
4,63,64000,87785
4,64,65000,87792
4,65,66000,87805
4,66,67000,87838
4,67,68000,87838
4,68,69000,87868
4,69,70000,87871
4,70,71000,87881
4,71,72000,87887
4,72,73000,87897
4,73,74000,87930
4,74,75000,87939
4,75,76000,87941
4,76,77000,87945
4,77,78000,87956
4,78,79000,87963
4,79,80000,88001
4,80,81000,88008
4,81,82000,88029
4,82,83000,88045
4,83,84000,88055
4,84,85000,88068
4,85,86000,88072
4,86,87000,88085
4,87,88000,88085
4,88,89000,88088
4,89,90000,88095
4,90,91000,88101
4,91,92000,88117
4,92,93000,88118
4,93,94000,88130
4,94,95000,88130
4,95,96000,88130
4,96,97000,88135
4,97,98000,88135
4,98,99000,88135
4,99,100000,88155
4,100,101000,88161
4,101,102000,88172
4,102,103000,88172
4,103,104000,88181
4,104,105000,88187
4,105,106000,88187
4,106,107000,88193
4,107,108000,88196
4,108,109000,88215
4,109,110000,88217
4,110,111000,88228
4,111,112000,88230
4,112,113000,88230
4,113,114000,88232
4,114,115000,88238
4,115,116000,88239
4,116,117000,88240
4,117,118000,88245
4,118,119000,88247
4,119,120000,88248
4,120,121000,88251
4,121,122000,88256
4,122,123000,88256
4,123,124000,88260
4,124,125000,88269
4,125,126000,88269
4,126,127000,88269
4,127,128000,88294
4,128,129000,88295
4,129,130000,88297
4,130,131000,88310
4,131,132000,88315
4,132,133000,88318
4,133,134000,88323
4,134,135000,88323
4,135,136000,88335
4,136,137000,88336
4,137,138000,88343
4,138,139000,88345
4,139,140000,88346
4,140,141000,88348
4,141,142000,88352
4,142,143000,88352
4,143,144000,88352
4,144,145000,88352
4,145,146000,88355
4,146,147000,88356
4,147,148000,88356
4,148,149000,88357
4,149,150000,88358
4,150,151000,88362
4,151,152000,88362
4,152,153000,88363
4,153,154000,88367
4,154,155000,88367
4,155,156000,88374
4,156,157000,88375
4,157,158000,88376
4,158,159000,88385
4,159,160000,88386
4,160,161000,88389
4,161,162000,88389
4,162,163000,88389
4,163,164000,88389
4,164,165000,88389
4,165,166000,88389
4,166,167000,88389
4,167,168000,88389
4,168,169000,88389
4,169,170000,88389
4,170,171000,88389
4,171,172000,88389
4,172,173000,88389
4,173,174000,88398
4,174,175000,88398
4,175,176000,88398
4,176,177000,88404
4,177,178000,88404
4,178,179000,88404
4,179,180000,88404
4,180,181000,88404
4,181,182000,88413
4,182,183000,88413
4,183,184000,88415
4,184,185000,88415
4,185,186000,88424
4,186,187000,88424
4,187,188000,88424
4,188,189000,88424
4,189,190000,88424
4,190,191000,88424
4,191,192000,88424
4,192,193000,88426
4,193,194000,88426
4,194,195000,88426
4,195,196000,88426
4,196,197000,88426
4,197,198000,88426
4,198,199000,88434
4,199,200000,88434
4,200,201000,88434
4,201,202000,88434
4,202,203000,88438
4,203,204000,88438
4,204,205000,88438
4,205,206000,88438
4,206,207000,88438
4,207,208000,88438
4,208,209000,88443
4,209,210000,88443
4,210,211000,88443
4,211,212000,88443
4,212,213000,88444
4,213,214000,88444
4,214,215000,88446
4,215,216000,88452
4,216,217000,88459
4,217,218000,88460
4,218,219000,88462
4,219,220000,88487
4,220,221000,88487
4,221,222000,88488
4,222,223000,88491
4,223,224000,88491
4,224,225000,88499
4,225,226000,88499
4,226,227000,88512
4,227,228000,88512
4,228,229000,88512
4,229,230000,88512
4,230,231000,88512
4,231,232000,88512
4,232,233000,88512
4,233,234000,88512
4,234,235000,88512
4,235,236000,88512
4,236,237000,88521
4,237,238000,88521
4,238,239000,88521
4,239,240000,88521
4,240,241000,88521
4,241,242000,88521
4,242,243000,88521
4,243,244000,88521
4,244,245000,88521
4,245,246000,88521
4,246,247000,88521
4,247,248000,88521
4,248,249000,88521
4,249,250000,88521
4,250,251000,88521
4,251,252000,88529
4,252,253000,88529
4,253,254000,88529
4,254,255000,88529
4,255,256000,88529
4,256,257000,88529
4,257,258000,88529
4,258,259000,88529
4,259,260000,88529
4,260,261000,88529
4,261,262000,88529
4,262,263000,88529
4,263,264000,88529
4,264,265000,88529
4,265,266000,88529
4,266,267000,88529
4,267,268000,88529
4,268,269000,88529
4,269,270000,88529
4,270,271000,88529
4,271,272000,88529
4,272,273000,88529
4,273,274000,88529
4,274,275000,88529
4,275,276000,88529
4,276,277000,88529
4,277,278000,88529
4,278,279000,88529
4,279,280000,88529
4,280,281000,88529
4,281,282000,88529
4,282,283000,88529
4,283,284000,88529
4,284,285000,88529
4,285,286000,88529
4,286,287000,88531
4,287,288000,88531
4,288,289000,88531
4,289,290000,88531
4,290,291000,88531
4,291,292000,88531
4,292,293000,88531
4,293,294000,88531
4,294,295000,88539
4,295,296000,88539
4,296,297000,88539
4,297,298000,88539
4,298,299000,88539
4,299,300000,88539
4,300,301000,88539
4,301,302000,88539
4,302,303000,88539
4,303,304000,88539
4,304,305000,88539
4,305,306000,88541
4,306,307000,88541
4,307,308000,88541
4,308,309000,88541
4,309,310000,88541
4,310,311000,88541
4,311,312000,88541
4,312,313000,88541
4,313,314000,88541
4,314,315000,88541
4,315,316000,88541
4,316,317000,88541
4,317,318000,88541
4,318,319000,88541
4,319,320000,88541
4,320,321000,88541
4,321,322000,88541
4,322,323000,88541
4,323,324000,88541
4,324,325000,88541
4,325,326000,88541
4,326,327000,88541
4,327,328000,88541
4,328,329000,88541
4,329,330000,88541
4,330,331000,88541
4,331,332000,88541
4,332,333000,88541
4,333,334000,88541
4,334,335000,88541
4,335,336000,88541
4,336,337000,88541
4,337,338000,88541
4,338,339000,88541
4,339,340000,88541
4,340,341000,88541
4,341,342000,88541
4,342,343000,88541
4,343,344000,88541
4,344,345000,88541
4,345,346000,88541
4,346,347000,88549
4,347,348000,88549
4,348,349000,88549
4,349,350000,88549
4,350,351000,88549
4,351,352000,88549
4,352,353000,88549
4,353,354000,88549
4,354,355000,88549
4,355,356000,88549
4,356,357000,88549
4,357,358000,88549
4,358,359000,88549
4,359,360000,88549
4,360,361000,88549
4,361,362000,88549
4,362,363000,88549
4,363,364000,88549
4,364,365000,88549
4,365,366000,88549
4,366,367000,88549
4,367,368000,88549
4,368,369000,88549
4,369,370000,88558
4,370,371000,88558
4,371,372000,88558
4,372,373000,88558
4,373,374000,88558
4,374,375000,88561
4,375,376000,88561
4,376,377000,88561
4,377,378000,88586
4,378,379000,88586
4,379,380000,88586
4,380,381000,88586
4,381,382000,88586
4,382,383000,88586
4,383,384000,88586
4,384,385000,88586
4,385,386000,88586
4,386,387000,88586
4,387,388000,88586
4,388,389000,88586
4,389,390000,88586
4,390,391000,88586
4,391,392000,88586
4,392,393000,88586
4,393,394000,88586
4,394,395000,88586
4,395,396000,88586
4,396,397000,88586
4,397,398000,88586
4,398,399000,88586
4,399,400000,88586
4,400,401000,88586
4,401,402000,88586
4,402,403000,88586
4,403,404000,88586
4,404,405000,88586
4,405,406000,88586
4,406,407000,88586
4,407,408000,88586
4,408,409000,88586
4,409,410000,88586
4,410,411000,88586
4,411,412000,88586
4,412,413000,88586
4,413,414000,88586
4,414,415000,88586
4,415,416000,88586
4,416,417000,88586
4,417,418000,88586
4,418,419000,88586
4,419,420000,88586
4,420,421000,88586
4,421,422000,88586
4,422,423000,88586
4,423,424000,88586
4,424,425000,88595
4,425,426000,88595
4,426,427000,88595
4,427,428000,88595
4,428,429000,88595
4,429,430000,88595
4,430,431000,88595
4,431,432000,88595
4,432,433000,88595
4,433,434000,88595
4,434,435000,88595
4,435,436000,88595
4,436,437000,88595
4,437,438000,88595
4,438,439000,88595
4,439,440000,88595
4,440,441000,88595
4,441,442000,88595
4,442,443000,88595
4,443,444000,88595
4,444,445000,88595
4,445,446000,88595
4,446,447000,88595
4,447,448000,88595
4,448,449000,88595
4,449,450000,88595
4,450,451000,88595
4,451,452000,88595
4,452,453000,88595
4,453,454000,88595
4,454,455000,88595
4,455,456000,88595
4,456,457000,88595
4,457,458000,88595
4,458,459000,88595
4,459,460000,88595
4,460,461000,88595
4,461,462000,88595
4,462,463000,88595
4,463,464000,88595
4,464,465000,88595
4,465,466000,88595
4,466,467000,88595
4,467,468000,88595
4,468,469000,88595
4,469,470000,88595
4,470,471000,88595
4,471,472000,88595
4,472,473000,88595
4,473,474000,88595
4,474,475000,88595
4,475,476000,88595
4,476,477000,88595
4,477,478000,88595
4,478,479000,88595
4,479,480000,88595
4,480,481000,88595
4,481,482000,88595
4,482,483000,88595
4,483,484000,88595
4,484,485000,88595
4,485,486000,88595
4,486,487000,88595
4,487,488000,88595
4,488,489000,88595
4,489,490000,88595
4,490,491000,88595
4,491,492000,88595
4,492,493000,88595
4,493,494000,88595
4,494,495000,88595
4,495,496000,88595
4,496,497000,88595
4,497,498000,88595
4,498,499000,88595
4,499,500000,88595
4,500,501000,88595
4,501,502000,88595
4,502,503000,88595
4,503,504000,88595
4,504,505000,88595
4,505,506000,88595
4,506,507000,88595
4,507,508000,88595
4,508,509000,88595
4,509,510000,88595
4,510,511000,88595
4,511,512000,88595
4,512,513000,88595
4,513,514000,88595
4,514,515000,88595
4,515,516000,88595
4,516,517000,88595
4,517,518000,88595
4,518,519000,88595
4,519,520000,88595
4,520,521000,88595
4,521,522000,88595
4,522,523000,88595
4,523,524000,88595
4,524,525000,88595
4,525,526000,88595
4,526,527000,88595
4,527,528000,88595
4,528,529000,88595
4,529,530000,88595
4,530,531000,88595
4,531,532000,88595
4,532,533000,88595
4,533,534000,88595
4,534,535000,88595
4,535,536000,88595
4,536,537000,88595
4,537,538000,88595
4,538,539000,88595
4,539,540000,88595
4,540,541000,88595
4,541,542000,88595
4,542,543000,88595
4,543,544000,88595
4,544,545000,88595
4,545,546000,88595
4,546,547000,88595
4,547,548000,88595
4,548,549000,88595
4,549,550000,88595
4,550,551000,88595
4,551,552000,88595
4,552,553000,88595
4,553,554000,88595
4,554,555000,88595
4,555,556000,88595
4,556,557000,88595
4,557,558000,88595
4,558,559000,88595
4,559,560000,88595
4,560,561000,88595
4,561,562000,88595
4,562,563000,88595
4,563,564000,88595
4,564,565000,88595
4,565,566000,88595
4,566,567000,88595
4,567,568000,88595
4,568,569000,88595
4,569,570000,88595
4,570,571000,88595
4,571,572000,88595
4,572,573000,88595
4,573,574000,88595
4,574,575000,88595
4,575,576000,88595
4,576,577000,88595
4,577,578000,88595
4,578,579000,88595
4,579,580000,88595
4,580,581000,88595
4,581,582000,88595
4,582,583000,88595
4,583,584000,88595
4,584,585000,88595
4,585,586000,88595
4,586,587000,88595
4,587,588000,88595
4,588,589000,88595
4,589,590000,88595
4,590,591000,88595
4,591,592000,88595
4,592,593000,88595
4,593,594000,88595
4,594,595000,88595
4,595,596000,88595
4,596,597000,88595
4,597,598000,88595
4,598,599000,88595
4,599,600000,88595
4,600,601000,88595
4,601,602000,88595
4,602,603000,88595
4,603,604000,88595
4,604,605000,88595
4,605,606000,88595
4,606,607000,88595
4,607,608000,88595
4,608,609000,88595
4,609,610000,88595
4,610,611000,88595
4,611,612000,88595
4,612,613000,88595
4,613,614000,88595
4,614,615000,88595
4,615,616000,88595
4,616,617000,88595
4,617,618000,88595
4,618,619000,88595
4,619,620000,88595
4,620,621000,88595
4,621,622000,88595
4,622,623000,88595
4,623,624000,88595
4,624,625000,88595
4,625,626000,88595
4,626,627000,88595
4,627,628000,88595
4,628,629000,88595
4,629,630000,88595
4,630,631000,88595
4,631,632000,88595
4,632,633000,88595
4,633,634000,88595
4,634,635000,88595
4,635,636000,88595
4,636,637000,88595
4,637,638000,88595
4,638,639000,88595
4,639,640000,88595
4,640,641000,88595
4,641,642000,88595
4,642,643000,88595
4,643,644000,88595
4,644,645000,88595
4,645,646000,88595
4,646,647000,88595
4,647,648000,88595
4,648,649000,88595
4,649,650000,88595
4,650,651000,88595
4,651,652000,88595
4,652,653000,88595
4,653,654000,88595
4,654,655000,88595
4,655,656000,88595
4,656,657000,88595
4,657,658000,88595
4,658,659000,88595
4,659,660000,88595
4,660,661000,88595
4,661,662000,88595
4,662,663000,88595
4,663,664000,88595
4,664,665000,88595
4,665,666000,88595
4,666,667000,88595
4,667,668000,88595
4,668,669000,88595
4,669,670000,88595
4,670,671000,88595
4,671,672000,88595
4,672,673000,88595
4,673,674000,88595
4,674,675000,88597
4,675,676000,88597
4,676,677000,88597
4,677,678000,88597
4,678,679000,88597
4,679,680000,88597
4,680,681000,88597
4,681,682000,88597
4,682,683000,88597
4,683,684000,88597
4,684,685000,88597
4,685,686000,88597
4,686,687000,88597
4,687,688000,88597
4,688,689000,88597
4,689,690000,88597
4,690,691000,88597
4,691,692000,88597
4,692,693000,88597
4,693,694000,88597
4,694,695000,88597
4,695,696000,88597
4,696,697000,88597
4,697,698000,88597
4,698,699000,88597
4,699,700000,88597
4,700,701000,88597
4,701,702000,88597
4,702,703000,88597
4,703,704000,88597
4,704,705000,88597
4,705,706000,88597
4,706,707000,88597
4,707,708000,88597
4,708,709000,88597
4,709,710000,88597
4,710,711000,88597
4,711,712000,88597
4,712,713000,88597
4,713,714000,88597
4,714,715000,88597
4,715,716000,88597
4,716,717000,88597
4,717,718000,88597
4,718,719000,88597
4,719,720000,88597
4,720,721000,88597
4,721,722000,88597
4,722,723000,88597
4,723,724000,88597
4,724,725000,88597
4,725,726000,88597
4,726,727000,88597
4,727,728000,88597
4,728,729000,88597
4,729,730000,88597
4,730,731000,88597
4,731,732000,88597
4,732,733000,88597
4,733,734000,88597
4,734,735000,88597
4,735,736000,88597
4,736,737000,88597
4,737,738000,88597
4,738,739000,88597
4,739,740000,88597
4,740,741000,88597
4,741,742000,88597
4,742,743000,88597
4,743,744000,88597
4,744,745000,88597
4,745,746000,88597
4,746,747000,88597
4,747,748000,88597
4,748,749000,88597
4,749,750000,88597
4,750,751000,88597
4,751,752000,88597
4,752,753000,88597
4,753,754000,88597
4,754,755000,88597
4,755,756000,88597
4,756,757000,88597
4,757,758000,88597
4,758,759000,88597
4,759,760000,88597
4,760,761000,88597
4,761,762000,88597
4,762,763000,88597
4,763,764000,88597
4,764,765000,88597
4,765,766000,88597
4,766,767000,88597
4,767,768000,88597
4,768,769000,88597
4,769,770000,88597
4,770,771000,88597
4,771,772000,88597
4,772,773000,88597
4,773,774000,88597
4,774,775000,88597
4,775,776000,88597
4,776,777000,88597
4,777,778000,88597
4,778,779000,88597
4,779,780000,88597
4,780,781000,88597
4,781,782000,88597
4,782,783000,88597
4,783,784000,88597
4,784,785000,88597
4,785,786000,88597
4,786,787000,88597
4,787,788000,88597
4,788,789000,88597
4,789,790000,88597
4,790,791000,88597
4,791,792000,88597
4,792,793000,88597
4,793,794000,88597
4,794,795000,88597
4,795,796000,88597
4,796,797000,88597
4,797,798000,88597
4,798,799000,88597
4,799,800000,88597
4,800,801000,88597
4,801,802000,88597
4,802,803000,88597
4,803,804000,88597
4,804,805000,88597
4,805,806000,88597
4,806,807000,88597
4,807,808000,88597
4,808,809000,88597
4,809,810000,88597
4,810,811000,88597
4,811,812000,88597
4,812,813000,88597
4,813,814000,88597
4,814,815000,88597
4,815,816000,88597
4,816,817000,88597
4,817,818000,88597
4,818,819000,88597
4,819,820000,88597
4,820,821000,88597
4,821,822000,88597
4,822,823000,88597
4,823,824000,88597
4,824,825000,88597
4,825,826000,88597
4,826,827000,88597
4,827,828000,88597
4,828,829000,88597
4,829,830000,88597
4,830,831000,88597
4,831,832000,88597
4,832,833000,88597
4,833,834000,88597
4,834,835000,88597
4,835,836000,88597
4,836,837000,88597
4,837,838000,88597
4,838,839000,88597
4,839,840000,88597
4,840,841000,88597
4,841,842000,88597
4,842,843000,88597
4,843,844000,88597
4,844,845000,88597
4,845,846000,88597
4,846,847000,88597
4,847,848000,88597
4,848,849000,88597
4,849,850000,88597
4,850,851000,88597
4,851,852000,88597
4,852,853000,88597
4,853,854000,88597
4,854,855000,88597
4,855,856000,88597
4,856,857000,88597
4,857,858000,88597
4,858,859000,88597
4,859,860000,88597
4,860,861000,88597
4,861,862000,88597
4,862,863000,88597
4,863,864000,88597
4,864,865000,88597
4,865,866000,88597
4,866,867000,88597
4,867,868000,88597
4,868,869000,88597
4,869,870000,88597
4,870,871000,88597
4,871,872000,88597
4,872,873000,88597
4,873,874000,88597
4,874,875000,88597
4,875,876000,88597
4,876,877000,88597
4,877,878000,88597
4,878,879000,88597
4,879,880000,88597
4,880,881000,88597
4,881,882000,88597
4,882,883000,88597
4,883,884000,88597
4,884,885000,88597
4,885,886000,88597
4,886,887000,88597
4,887,888000,88597
4,888,889000,88597
4,889,890000,88597
4,890,891000,88597
4,891,892000,88597
4,892,893000,88597
4,893,894000,88597
4,894,895000,88597
4,895,896000,88597
4,896,897000,88597
4,897,898000,88597
4,898,899000,88597
4,899,900000,88597
4,900,901000,88597
4,901,902000,88597
4,902,903000,88597
4,903,904000,88597
4,904,905000,88597
4,905,906000,88597
4,906,907000,88597
4,907,908000,88597
4,908,909000,88597
4,909,910000,88597
4,910,911000,88597
4,911,912000,88597
4,912,913000,88597
4,913,914000,88597
4,914,915000,88597
4,915,916000,88597
4,916,917000,88597
4,917,918000,88597
4,918,919000,88597
4,919,920000,88597
4,920,921000,88597
4,921,922000,88597
4,922,923000,88597
4,923,924000,88597
4,924,925000,88597
4,925,926000,88597
4,926,927000,88597
4,927,928000,88597
4,928,929000,88597
4,929,930000,88597
4,930,931000,88597
4,931,932000,88597
4,932,933000,88597
4,933,934000,88597
4,934,935000,88597
4,935,936000,88597
4,936,937000,88597
4,937,938000,88597
4,938,939000,88597
4,939,940000,88597
4,940,941000,88597
4,941,942000,88597
4,942,943000,88597
4,943,944000,88597
4,944,945000,88597
4,945,946000,88597
4,946,947000,88597
4,947,948000,88597
4,948,949000,88597
4,949,950000,88597
4,950,951000,88597
4,951,952000,88597
4,952,953000,88597
4,953,954000,88597
4,954,955000,88597
4,955,956000,88597
4,956,957000,88597
4,957,958000,88597
4,958,959000,88597
4,959,960000,88597
4,960,961000,88597
4,961,962000,88597
4,962,963000,88597
4,963,964000,88597
4,964,965000,88597
4,965,966000,88597
4,966,967000,88597
4,967,968000,88597
4,968,969000,88597
4,969,970000,88597
4,970,971000,88597
4,971,972000,88597
4,972,973000,88597
4,973,974000,88597
4,974,975000,88597
4,975,976000,88597
4,976,977000,88597
4,977,978000,88597
4,978,979000,88597
4,979,980000,88597
4,980,981000,88597
4,981,982000,88597
4,982,983000,88597
4,983,984000,88597
4,984,985000,88597
4,985,986000,88597
4,986,987000,88597
4,987,988000,88597
4,988,989000,88597
4,989,990000,88597
4,990,991000,88597
4,991,992000,88597
4,992,993000,88597
4,993,994000,88597
4,994,995000,88597
4,995,996000,88597
4,996,997000,88597
4,997,998000,88597
4,998,999000,88597
4,999,1000000,88597
5,0,1000,73813
5,1,2000,77515
5,2,3000,78442
5,3,4000,80164
5,4,5000,80522
5,5,6000,81994
5,6,7000,82806
5,7,8000,83084
5,8,9000,83548
5,9,10000,83604
5,10,11000,83828
5,11,12000,84115
5,12,13000,84283
5,13,14000,84607
5,14,15000,84877
5,15,16000,85006
5,16,17000,85257
5,17,18000,85361
5,18,19000,85551
5,19,20000,85625
5,20,21000,85660
5,21,22000,85952
5,22,23000,85952
5,23,24000,86200
5,24,25000,86301
5,25,26000,86347
5,26,27000,86347
5,27,28000,86370
5,28,29000,86462
5,29,30000,86549
5,30,31000,86583
5,31,32000,86629
5,32,33000,86690
5,33,34000,86701
5,34,35000,86782
5,35,36000,86798
5,36,37000,86854
5,37,38000,86879
5,38,39000,86925
5,39,40000,86981
5,40,41000,87049
5,41,42000,87065
5,42,43000,87065
5,43,44000,87107
5,44,45000,87132
5,45,46000,87160
5,46,47000,87190
5,47,48000,87249
5,48,49000,87249
5,49,50000,87352
5,50,51000,87366
5,51,52000,87393
5,52,53000,87413
5,53,54000,87419
5,54,55000,87446
5,55,56000,87462
5,56,57000,87504
5,57,58000,87519
5,58,59000,87557
5,59,60000,87571
5,60,61000,87608
5,61,62000,87611
5,62,63000,87670
5,63,64000,87688
5,64,65000,87695
5,65,66000,87703
5,66,67000,87725
5,67,68000,87734
5,68,69000,87742
5,69,70000,87742
5,70,71000,87762
5,71,72000,87806
5,72,73000,87808
5,73,74000,87810
5,74,75000,87836
5,75,76000,87846
5,76,77000,87877
5,77,78000,87877
5,78,79000,87902
5,79,80000,87902
5,80,81000,87904
5,81,82000,87917
5,82,83000,87919
5,83,84000,87924
5,84,85000,87929
5,85,86000,87951
5,86,87000,87951
5,87,88000,87954
5,88,89000,87958
5,89,90000,87972
5,90,91000,87976
5,91,92000,88006
5,92,93000,88006
5,93,94000,88018
5,94,95000,88031
5,95,96000,88038
5,96,97000,88042
5,97,98000,88044
5,98,99000,88048
5,99,100000,88049
5,100,101000,88055
5,101,102000,88066
5,102,103000,88074
5,103,104000,88081
5,104,105000,88081
5,105,106000,88083
5,106,107000,88083
5,107,108000,88094
5,108,109000,88096
5,109,110000,88096
5,110,111000,88120
5,111,112000,88120
5,112,113000,88133
5,113,114000,88133
5,114,115000,88133
5,115,116000,88133
5,116,117000,88133
5,117,118000,88133
5,118,119000,88133
5,119,120000,88135
5,120,121000,88135
5,121,122000,88149
5,122,123000,88151
5,123,124000,88156
5,124,125000,88157
5,125,126000,88157
5,126,127000,88160
5,127,128000,88160
5,128,129000,88160
5,129,130000,88160
5,130,131000,88162
5,131,132000,88162
5,132,133000,88162
5,133,134000,88162
5,134,135000,88163
5,135,136000,88163
5,136,137000,88163
5,137,138000,88163
5,138,139000,88164
5,139,140000,88164
5,140,141000,88164
5,141,142000,88164
5,142,143000,88164
5,143,144000,88164
5,144,145000,88189
5,145,146000,88189
5,146,147000,88189
5,147,148000,88189
5,148,149000,88189
5,149,150000,88189
5,150,151000,88189
5,151,152000,88189
5,152,153000,88189
5,153,154000,88189
5,154,155000,88197
5,155,156000,88197
5,156,157000,88197
5,157,158000,88201
5,158,159000,88201
5,159,160000,88201
5,160,161000,88201
5,161,162000,88201
5,162,163000,88201
5,163,164000,88201
5,164,165000,88201
5,165,166000,88201
5,166,167000,88201
5,167,168000,88201
5,168,169000,88201
5,169,170000,88201
5,170,171000,88201
5,171,172000,88201
5,172,173000,88201
5,173,174000,88201
5,174,175000,88201
5,175,176000,88203
5,176,177000,88203
5,177,178000,88203
5,178,179000,88203
5,179,180000,88211
5,180,181000,88211
5,181,182000,88211
5,182,183000,88211
5,183,184000,88215
5,184,185000,88215
5,185,186000,88215
5,186,187000,88215
5,187,188000,88215
5,188,189000,88215
5,189,190000,88236
5,190,191000,88236
5,191,192000,88236
5,192,193000,88236
5,193,194000,88236
5,194,195000,88236
5,195,196000,88242
5,196,197000,88242
5,197,198000,88242
5,198,199000,88242
5,199,200000,88250
5,200,201000,88250
5,201,202000,88250
5,202,203000,88254
5,203,204000,88254
5,204,205000,88254
5,205,206000,88254
5,206,207000,88266
5,207,208000,88266
5,208,209000,88266
5,209,210000,88266
5,210,211000,88274
5,211,212000,88274
5,212,213000,88278
5,213,214000,88278
5,214,215000,88278
5,215,216000,88278
5,216,217000,88278
5,217,218000,88278
5,218,219000,88278
5,219,220000,88278
5,220,221000,88278
5,221,222000,88278
5,222,223000,88278
5,223,224000,88278
5,224,225000,88278
5,225,226000,88278
5,226,227000,88278
5,227,228000,88278
5,228,229000,88278
5,229,230000,88278
5,230,231000,88278
5,231,232000,88278
5,232,233000,88278
5,233,234000,88278
5,234,235000,88278
5,235,236000,88278
5,236,237000,88280
5,237,238000,88280
5,238,239000,88280
5,239,240000,88280
5,240,241000,88280
5,241,242000,88282
5,242,243000,88282
5,243,244000,88282
5,244,245000,88282
5,245,246000,88282
5,246,247000,88293
5,247,248000,88293
5,248,249000,88293
5,249,250000,88294
5,250,251000,88294
5,251,252000,88294
5,252,253000,88294
5,253,254000,88294
5,254,255000,88294
5,255,256000,88294
5,256,257000,88294
5,257,258000,88294
5,258,259000,88294
5,259,260000,88294
5,260,261000,88294
5,261,262000,88294
5,262,263000,88294
5,263,264000,88294
5,264,265000,88294
5,265,266000,88294
5,266,267000,88294
5,267,268000,88294
5,268,269000,88294
5,269,270000,88294
5,270,271000,88294
5,271,272000,88294
5,272,273000,88294
5,273,274000,88294
5,274,275000,88306
5,275,276000,88306
5,276,277000,88306
5,277,278000,88306
5,278,279000,88306
5,279,280000,88306
5,280,281000,88310
5,281,282000,88310
5,282,283000,88310
5,283,284000,88310
5,284,285000,88310
5,285,286000,88310
5,286,287000,88310
5,287,288000,88310
5,288,289000,88310
5,289,290000,88310
5,290,291000,88310
5,291,292000,88310
5,292,293000,88310
5,293,294000,88310
5,294,295000,88310
5,295,296000,88310
5,296,297000,88314
5,297,298000,88314
5,298,299000,88314
5,299,300000,88314
5,300,301000,88314
5,301,302000,88314
5,302,303000,88314
5,303,304000,88314
5,304,305000,88325
5,305,306000,88325
5,306,307000,88334
5,307,308000,88346
5,308,309000,88346
5,309,310000,88360
5,310,311000,88360
5,311,312000,88360
5,312,313000,88372
5,313,314000,88372
5,314,315000,88372
5,315,316000,88372
5,316,317000,88372
5,317,318000,88372
5,318,319000,88372
5,319,320000,88372
5,320,321000,88374
5,321,322000,88378
5,322,323000,88378
5,323,324000,88380
5,324,325000,88380
5,325,326000,88380
5,326,327000,88380
5,327,328000,88380
5,328,329000,88380
5,329,330000,88384
5,330,331000,88384
5,331,332000,88384
5,332,333000,88384
5,333,334000,88384
5,334,335000,88384
5,335,336000,88384
5,336,337000,88384
5,337,338000,88384
5,338,339000,88384
5,339,340000,88384
5,340,341000,88384
5,341,342000,88384
5,342,343000,88384
5,343,344000,88384
5,344,345000,88384
5,345,346000,88384
5,346,347000,88384
5,347,348000,88384
5,348,349000,88384
5,349,350000,88384
5,350,351000,88384
5,351,352000,88384
5,352,353000,88384
5,353,354000,88384
5,354,355000,88384
5,355,356000,88384
5,356,357000,88384
5,357,358000,88384
5,358,359000,88384
5,359,360000,88384
5,360,361000,88384
5,361,362000,88384
5,362,363000,88384
5,363,364000,88384
5,364,365000,88384
5,365,366000,88384
5,366,367000,88384
5,367,368000,88384
5,368,369000,88384
5,369,370000,88384
5,370,371000,88384
5,371,372000,88395
5,372,373000,88395
5,373,374000,88395
5,374,375000,88395
5,375,376000,88395
5,376,377000,88395
5,377,378000,88395
5,378,379000,88395
5,379,380000,88395
5,380,381000,88395
5,381,382000,88395
5,382,383000,88396
5,383,384000,88396
5,384,385000,88396
5,385,386000,88396
5,386,387000,88396
5,387,388000,88396
5,388,389000,88396
5,389,390000,88396
5,390,391000,88396
5,391,392000,88396
5,392,393000,88396
5,393,394000,88396
5,394,395000,88396
5,395,396000,88396
5,396,397000,88396
5,397,398000,88396
5,398,399000,88396
5,399,400000,88396
5,400,401000,88396
5,401,402000,88405
5,402,403000,88405
5,403,404000,88405
5,404,405000,88405
5,405,406000,88405
5,406,407000,88411
5,407,408000,88411
5,408,409000,88411
5,409,410000,88411
5,410,411000,88412
5,411,412000,88412
5,412,413000,88412
5,413,414000,88412
5,414,415000,88412
5,415,416000,88412
5,416,417000,88412
5,417,418000,88412
5,418,419000,88412
5,419,420000,88412
5,420,421000,88412
5,421,422000,88412
5,422,423000,88412
5,423,424000,88412
5,424,425000,88412
5,425,426000,88412
5,426,427000,88412
5,427,428000,88412
5,428,429000,88412
5,429,430000,88412
5,430,431000,88412
5,431,432000,88412
5,432,433000,88412
5,433,434000,88412
5,434,435000,88412
5,435,436000,88412
5,436,437000,88412
5,437,438000,88412
5,438,439000,88412
5,439,440000,88412
5,440,441000,88412
5,441,442000,88412
5,442,443000,88412
5,443,444000,88412
5,444,445000,88412
5,445,446000,88412
5,446,447000,88412
5,447,448000,88412
5,448,449000,88412
5,449,450000,88412
5,450,451000,88412
5,451,452000,88412
5,452,453000,88412
5,453,454000,88412
5,454,455000,88412
5,455,456000,88412
5,456,457000,88412
5,457,458000,88412
5,458,459000,88412
5,459,460000,88412
5,460,461000,88412
5,461,462000,88412
5,462,463000,88412
5,463,464000,88412
5,464,465000,88412
5,465,466000,88412
5,466,467000,88412
5,467,468000,88412
5,468,469000,88412
5,469,470000,88412
5,470,471000,88412
5,471,472000,88412
5,472,473000,88412
5,473,474000,88412
5,474,475000,88412
5,475,476000,88412
5,476,477000,88412
5,477,478000,88412
5,478,479000,88412
5,479,480000,88412
5,480,481000,88412
5,481,482000,88412
5,482,483000,88412
5,483,484000,88412
5,484,485000,88412
5,485,486000,88412
5,486,487000,88412
5,487,488000,88412
5,488,489000,88412
5,489,490000,88412
5,490,491000,88412
5,491,492000,88412
5,492,493000,88412
5,493,494000,88412
5,494,495000,88412
5,495,496000,88412
5,496,497000,88412
5,497,498000,88412
5,498,499000,88412
5,499,500000,88412
5,500,501000,88412
5,501,502000,88412
5,502,503000,88412
5,503,504000,88412
5,504,505000,88412
5,505,506000,88412
5,506,507000,88412
5,507,508000,88412
5,508,509000,88412
5,509,510000,88412
5,510,511000,88412
5,511,512000,88412
5,512,513000,88412
5,513,514000,88412
5,514,515000,88412
5,515,516000,88412
5,516,517000,88412
5,517,518000,88412
5,518,519000,88412
5,519,520000,88412
5,520,521000,88412
5,521,522000,88412
5,522,523000,88412
5,523,524000,88412
5,524,525000,88412
5,525,526000,88412
5,526,527000,88412
5,527,528000,88412
5,528,529000,88412
5,529,530000,88412
5,530,531000,88412
5,531,532000,88412
5,532,533000,88412
5,533,534000,88412
5,534,535000,88412
5,535,536000,88412
5,536,537000,88412
5,537,538000,88412
5,538,539000,88412
5,539,540000,88412
5,540,541000,88412
5,541,542000,88412
5,542,543000,88412
5,543,544000,88412
5,544,545000,88416
5,545,546000,88416
5,546,547000,88416
5,547,548000,88416
5,548,549000,88416
5,549,550000,88416
5,550,551000,88416
5,551,552000,88416
5,552,553000,88416
5,553,554000,88416
5,554,555000,88416
5,555,556000,88416
5,556,557000,88416
5,557,558000,88416
5,558,559000,88416
5,559,560000,88416
5,560,561000,88416
5,561,562000,88416
5,562,563000,88416
5,563,564000,88416
5,564,565000,88416
5,565,566000,88416
5,566,567000,88416
5,567,568000,88416
5,568,569000,88416
5,569,570000,88416
5,570,571000,88416
5,571,572000,88416
5,572,573000,88416
5,573,574000,88416
5,574,575000,88416
5,575,576000,88416
5,576,577000,88416
5,577,578000,88416
5,578,579000,88416
5,579,580000,88416
5,580,581000,88416
5,581,582000,88416
5,582,583000,88416
5,583,584000,88416
5,584,585000,88416
5,585,586000,88416
5,586,587000,88416
5,587,588000,88416
5,588,589000,88416
5,589,590000,88416
5,590,591000,88416
5,591,592000,88416
5,592,593000,88416
5,593,594000,88416
5,594,595000,88416
5,595,596000,88416
5,596,597000,88416
5,597,598000,88416
5,598,599000,88416
5,599,600000,88416
5,600,601000,88416
5,601,602000,88416
5,602,603000,88416
5,603,604000,88416
5,604,605000,88416
5,605,606000,88416
5,606,607000,88416
5,607,608000,88416
5,608,609000,88416
5,609,610000,88416
5,610,611000,88416
5,611,612000,88416
5,612,613000,88416
5,613,614000,88416
5,614,615000,88416
5,615,616000,88416
5,616,617000,88419
5,617,618000,88419
5,618,619000,88419
5,619,620000,88419
5,620,621000,88419
5,621,622000,88419
5,622,623000,88425
5,623,624000,88428
5,624,625000,88428
5,625,626000,88428
5,626,627000,88428
5,627,628000,88428
5,628,629000,88428
5,629,630000,88428
5,630,631000,88430
5,631,632000,88430
5,632,633000,88430
5,633,634000,88430
5,634,635000,88431
5,635,636000,88431
5,636,637000,88431
5,637,638000,88431
5,638,639000,88431
5,639,640000,88431
5,640,641000,88431
5,641,642000,88431
5,642,643000,88431
5,643,644000,88431
5,644,645000,88440
5,645,646000,88440
5,646,647000,88440
5,647,648000,88440
5,648,649000,88440
5,649,650000,88440
5,650,651000,88440
5,651,652000,88440
5,652,653000,88440
5,653,654000,88440
5,654,655000,88440
5,655,656000,88440
5,656,657000,88444
5,657,658000,88444
5,658,659000,88444
5,659,660000,88444
5,660,661000,88450
5,661,662000,88450
5,662,663000,88450
5,663,664000,88450
5,664,665000,88450
5,665,666000,88450
5,666,667000,88450
5,667,668000,88450
5,668,669000,88450
5,669,670000,88450
5,670,671000,88450
5,671,672000,88450
5,672,673000,88450
5,673,674000,88450
5,674,675000,88450
5,675,676000,88450
5,676,677000,88450
5,677,678000,88450
5,678,679000,88450
5,679,680000,88450
5,680,681000,88450
5,681,682000,88450
5,682,683000,88450
5,683,684000,88450
5,684,685000,88450
5,685,686000,88450
5,686,687000,88450
5,687,688000,88450
5,688,689000,88450
5,689,690000,88450
5,690,691000,88450
5,691,692000,88450
5,692,693000,88450
5,693,694000,88450
5,694,695000,88450
5,695,696000,88450
5,696,697000,88450
5,697,698000,88450
5,698,699000,88450
5,699,700000,88450
5,700,701000,88450
5,701,702000,88450
5,702,703000,88450
5,703,704000,88450
5,704,705000,88450
5,705,706000,88450
5,706,707000,88450
5,707,708000,88450
5,708,709000,88450
5,709,710000,88450
5,710,711000,88450
5,711,712000,88450
5,712,713000,88450
5,713,714000,88450
5,714,715000,88450
5,715,716000,88450
5,716,717000,88450
5,717,718000,88450
5,718,719000,88450
5,719,720000,88450
5,720,721000,88450
5,721,722000,88450
5,722,723000,88450
5,723,724000,88453
5,724,725000,88453
5,725,726000,88453
5,726,727000,88453
5,727,728000,88453
5,728,729000,88456
5,729,730000,88456
5,730,731000,88456
5,731,732000,88456
5,732,733000,88456
5,733,734000,88459
5,734,735000,88459
5,735,736000,88459
5,736,737000,88459
5,737,738000,88459
5,738,739000,88459
5,739,740000,88459
5,740,741000,88459
5,741,742000,88459
5,742,743000,88459
5,743,744000,88459
5,744,745000,88459
5,745,746000,88459
5,746,747000,88459
5,747,748000,88459
5,748,749000,88459
5,749,750000,88459
5,750,751000,88459
5,751,752000,88459
5,752,753000,88459
5,753,754000,88459
5,754,755000,88459
5,755,756000,88459
5,756,757000,88459
5,757,758000,88459
5,758,759000,88459
5,759,760000,88459
5,760,761000,88459
5,761,762000,88459
5,762,763000,88459
5,763,764000,88459
5,764,765000,88459
5,765,766000,88459
5,766,767000,88459
5,767,768000,88459
5,768,769000,88459
5,769,770000,88459
5,770,771000,88459
5,771,772000,88459
5,772,773000,88459
5,773,774000,88459
5,774,775000,88459
5,775,776000,88459
5,776,777000,88459
5,777,778000,88459
5,778,779000,88459
5,779,780000,88459
5,780,781000,88459
5,781,782000,88459
5,782,783000,88459
5,783,784000,88459
5,784,785000,88459
5,785,786000,88459
5,786,787000,88459
5,787,788000,88459
5,788,789000,88459
5,789,790000,88459
5,790,791000,88459
5,791,792000,88459
5,792,793000,88459
5,793,794000,88459
5,794,795000,88459
5,795,796000,88459
5,796,797000,88459
5,797,798000,88459
5,798,799000,88459
5,799,800000,88459
5,800,801000,88459
5,801,802000,88459
5,802,803000,88459
5,803,804000,88459
5,804,805000,88459
5,805,806000,88459
5,806,807000,88459
5,807,808000,88459
5,808,809000,88459
5,809,810000,88459
5,810,811000,88459
5,811,812000,88459
5,812,813000,88459
5,813,814000,88459
5,814,815000,88459
5,815,816000,88459
5,816,817000,88459
5,817,818000,88459
5,818,819000,88459
5,819,820000,88459
5,820,821000,88459
5,821,822000,88459
5,822,823000,88459
5,823,824000,88459
5,824,825000,88459
5,825,826000,88459
5,826,827000,88459
5,827,828000,88459
5,828,829000,88459
5,829,830000,88459
5,830,831000,88459
5,831,832000,88459
5,832,833000,88459
5,833,834000,88459
5,834,835000,88459
5,835,836000,88459
5,836,837000,88459
5,837,838000,88459
5,838,839000,88459
5,839,840000,88459
5,840,841000,88459
5,841,842000,88459
5,842,843000,88459
5,843,844000,88459
5,844,845000,88459
5,845,846000,88459
5,846,847000,88459
5,847,848000,88459
5,848,849000,88459
5,849,850000,88459
5,850,851000,88459
5,851,852000,88459
5,852,853000,88459
5,853,854000,88459
5,854,855000,88459
5,855,856000,88459
5,856,857000,88459
5,857,858000,88459
5,858,859000,88459
5,859,860000,88459
5,860,861000,88459
5,861,862000,88459
5,862,863000,88459
5,863,864000,88459
5,864,865000,88459
5,865,866000,88459
5,866,867000,88459
5,867,868000,88459
5,868,869000,88459
5,869,870000,88459
5,870,871000,88459
5,871,872000,88459
5,872,873000,88459
5,873,874000,88459
5,874,875000,88459
5,875,876000,88459
5,876,877000,88459
5,877,878000,88459
5,878,879000,88459
5,879,880000,88459
5,880,881000,88459
5,881,882000,88459
5,882,883000,88459
5,883,884000,88459
5,884,885000,88459
5,885,886000,88459
5,886,887000,88459
5,887,888000,88459
5,888,889000,88459
5,889,890000,88459
5,890,891000,88459
5,891,892000,88459
5,892,893000,88459
5,893,894000,88459
5,894,895000,88459
5,895,896000,88459
5,896,897000,88459
5,897,898000,88459
5,898,899000,88459
5,899,900000,88459
5,900,901000,88459
5,901,902000,88459
5,902,903000,88459
5,903,904000,88459
5,904,905000,88459
5,905,906000,88459
5,906,907000,88459
5,907,908000,88459
5,908,909000,88459
5,909,910000,88459
5,910,911000,88459
5,911,912000,88459
5,912,913000,88459
5,913,914000,88459
5,914,915000,88459
5,915,916000,88459
5,916,917000,88468
5,917,918000,88468
5,918,919000,88468
5,919,920000,88468
5,920,921000,88469
5,921,922000,88469
5,922,923000,88469
5,923,924000,88469
5,924,925000,88469
5,925,926000,88469
5,926,927000,88469
5,927,928000,88469
5,928,929000,88469
5,929,930000,88469
5,930,931000,88469
5,931,932000,88469
5,932,933000,88469
5,933,934000,88469
5,934,935000,88469
5,935,936000,88469
5,936,937000,88469
5,937,938000,88469
5,938,939000,88469
5,939,940000,88469
5,940,941000,88469
5,941,942000,88469
5,942,943000,88469
5,943,944000,88469
5,944,945000,88469
5,945,946000,88469
5,946,947000,88469
5,947,948000,88469
5,948,949000,88469
5,949,950000,88469
5,950,951000,88469
5,951,952000,88469
5,952,953000,88469
5,953,954000,88469
5,954,955000,88469
5,955,956000,88469
5,956,957000,88469
5,957,958000,88471
5,958,959000,88471
5,959,960000,88472
5,960,961000,88472
5,961,962000,88484
5,962,963000,88484
5,963,964000,88485
5,964,965000,88485
5,965,966000,88485
5,966,967000,88485
5,967,968000,88486
5,968,969000,88486
5,969,970000,88486
5,970,971000,88486
5,971,972000,88486
5,972,973000,88486
5,973,974000,88486
5,974,975000,88486
5,975,976000,88486
5,976,977000,88486
5,977,978000,88486
5,978,979000,88486
5,979,980000,88486
5,980,981000,88486
5,981,982000,88486
5,982,983000,88486
5,983,984000,88486
5,984,985000,88486
5,985,986000,88486
5,986,987000,88486
5,987,988000,88486
5,988,989000,88486
5,989,990000,88486
5,990,991000,88486
5,991,992000,88486
5,992,993000,88486
5,993,994000,88486
5,994,995000,88486
5,995,996000,88486
5,996,997000,88486
5,997,998000,88486
5,998,999000,88486
5,999,1000000,88486
6,0,1000,73397
6,1,2000,76762
6,2,3000,78576
6,3,4000,78771
6,4,5000,79573
6,5,6000,80348
6,6,7000,81363
6,7,8000,81759
6,8,9000,82394
6,9,10000,83196
6,10,11000,83523
6,11,12000,84200
6,12,13000,84396
6,13,14000,84724
6,14,15000,84879
6,15,16000,84958
6,16,17000,85119
6,17,18000,85403
6,18,19000,85615
6,19,20000,85635
6,20,21000,85654
6,21,22000,85867
6,22,23000,85954
6,23,24000,86127
6,24,25000,86179
6,25,26000,86482
6,26,27000,86492
6,27,28000,86567
6,28,29000,86673
6,29,30000,86743
6,30,31000,86841
6,31,32000,86841
6,32,33000,86999
6,33,34000,87036
6,34,35000,87108
6,35,36000,87179
6,36,37000,87207
6,37,38000,87227
6,38,39000,87310
6,39,40000,87364
6,40,41000,87385
6,41,42000,87443
6,42,43000,87454
6,43,44000,87468
6,44,45000,87530
6,45,46000,87535
6,46,47000,87536
6,47,48000,87635
6,48,49000,87635
6,49,50000,87666
6,50,51000,87673
6,51,52000,87701
6,52,53000,87734
6,53,54000,87753
6,54,55000,87759
6,55,56000,87799
6,56,57000,87838
6,57,58000,87857
6,58,59000,87905
6,59,60000,87920
6,60,61000,87931
6,61,62000,87976
6,62,63000,87976
6,63,64000,87980
6,64,65000,87983
6,65,66000,88002
6,66,67000,88003
6,67,68000,88022
6,68,69000,88041
6,69,70000,88049
6,70,71000,88067
6,71,72000,88076
6,72,73000,88082
6,73,74000,88107
6,74,75000,88123
6,75,76000,88125
6,76,77000,88131
6,77,78000,88138
6,78,79000,88138
6,79,80000,88138
6,80,81000,88141
6,81,82000,88141
6,82,83000,88141
6,83,84000,88148
6,84,85000,88157
6,85,86000,88157
6,86,87000,88163
6,87,88000,88170
6,88,89000,88170
6,89,90000,88170
6,90,91000,88170
6,91,92000,88182
6,92,93000,88182
6,93,94000,88182
6,94,95000,88182
6,95,96000,88186
6,96,97000,88186
6,97,98000,88186
6,98,99000,88187
6,99,100000,88191
6,100,101000,88191
6,101,102000,88191
6,102,103000,88197
6,103,104000,88203
6,104,105000,88203
6,105,106000,88205
6,106,107000,88214
6,107,108000,88217
6,108,109000,88217
6,109,110000,88225
6,110,111000,88234
6,111,112000,88243
6,112,113000,88248
6,113,114000,88254
6,114,115000,88262
6,115,116000,88263
6,116,117000,88273
6,117,118000,88273
6,118,119000,88274
6,119,120000,88290
6,120,121000,88290
6,121,122000,88298
6,122,123000,88317
6,123,124000,88320
6,124,125000,88347
6,125,126000,88351
6,126,127000,88356
6,127,128000,88362
6,128,129000,88366
6,129,130000,88368
6,130,131000,88377
6,131,132000,88377
6,132,133000,88379
6,133,134000,88380
6,134,135000,88386
6,135,136000,88386
6,136,137000,88387
6,137,138000,88389
6,138,139000,88396
6,139,140000,88396
6,140,141000,88401
6,141,142000,88402
6,142,143000,88402
6,143,144000,88403
6,144,145000,88403
6,145,146000,88403
6,146,147000,88403
6,147,148000,88405
6,148,149000,88407
6,149,150000,88407
6,150,151000,88409
6,151,152000,88414
6,152,153000,88414
6,153,154000,88436
6,154,155000,88436
6,155,156000,88443
6,156,157000,88445
6,157,158000,88445
6,158,159000,88451
6,159,160000,88451
6,160,161000,88451
6,161,162000,88456
6,162,163000,88456
6,163,164000,88458
6,164,165000,88458
6,165,166000,88458
6,166,167000,88458
6,167,168000,88458
6,168,169000,88458
6,169,170000,88458
6,170,171000,88458
6,171,172000,88458
6,172,173000,88458
6,173,174000,88458
6,174,175000,88458
6,175,176000,88458
6,176,177000,88458
6,177,178000,88458
6,178,179000,88458
6,179,180000,88458
6,180,181000,88458
6,181,182000,88458
6,182,183000,88458
6,183,184000,88458
6,184,185000,88458
6,185,186000,88464
6,186,187000,88464
6,187,188000,88464
6,188,189000,88464
6,189,190000,88464
6,190,191000,88464
6,191,192000,88464
6,192,193000,88464
6,193,194000,88465
6,194,195000,88465
6,195,196000,88465
6,196,197000,88466
6,197,198000,88467
6,198,199000,88469
6,199,200000,88471
6,200,201000,88471
6,201,202000,88471
6,202,203000,88471
6,203,204000,88471
6,204,205000,88471
6,205,206000,88471
6,206,207000,88471
6,207,208000,88471
6,208,209000,88471
6,209,210000,88471
6,210,211000,88473
6,211,212000,88473
6,212,213000,88473
6,213,214000,88475
6,214,215000,88489
6,215,216000,88502
6,216,217000,88515
6,217,218000,88515
6,218,219000,88520
6,219,220000,88520
6,220,221000,88520
6,221,222000,88525
6,222,223000,88529
6,223,224000,88535
6,224,225000,88535
6,225,226000,88536
6,226,227000,88537
6,227,228000,88537
6,228,229000,88537
6,229,230000,88537
6,230,231000,88537
6,231,232000,88537
6,232,233000,88537
6,233,234000,88543
6,234,235000,88543
6,235,236000,88543
6,236,237000,88544
6,237,238000,88544
6,238,239000,88549
6,239,240000,88549
6,240,241000,88549
6,241,242000,88549
6,242,243000,88549
6,243,244000,88549
6,244,245000,88549
6,245,246000,88549
6,246,247000,88549
6,247,248000,88549
6,248,249000,88549
6,249,250000,88549
6,250,251000,88549
6,251,252000,88549
6,252,253000,88549
6,253,254000,88549
6,254,255000,88549
6,255,256000,88549
6,256,257000,88549
6,257,258000,88549
6,258,259000,88549
6,259,260000,88549
6,260,261000,88561
6,261,262000,88561
6,262,263000,88561
6,263,264000,88561
6,264,265000,88561
6,265,266000,88561
6,266,267000,88561
6,267,268000,88561
6,268,269000,88561
6,269,270000,88561
6,270,271000,88561
6,271,272000,88561
6,272,273000,88561
6,273,274000,88561
6,274,275000,88561
6,275,276000,88561
6,276,277000,88561
6,277,278000,88561
6,278,279000,88561
6,279,280000,88561
6,280,281000,88565
6,281,282000,88565
6,282,283000,88565
6,283,284000,88565
6,284,285000,88565
6,285,286000,88569
6,286,287000,88569
6,287,288000,88569
6,288,289000,88569
6,289,290000,88569
6,290,291000,88569
6,291,292000,88569
6,292,293000,88569
6,293,294000,88569
6,294,295000,88569
6,295,296000,88569
6,296,297000,88569
6,297,298000,88569
6,298,299000,88569
6,299,300000,88573
6,300,301000,88573
6,301,302000,88573
6,302,303000,88573
6,303,304000,88573
6,304,305000,88573
6,305,306000,88573
6,306,307000,88573
6,307,308000,88573
6,308,309000,88573
6,309,310000,88573
6,310,311000,88573
6,311,312000,88573
6,312,313000,88573
6,313,314000,88573
6,314,315000,88573
6,315,316000,88573
6,316,317000,88573
6,317,318000,88573
6,318,319000,88577
6,319,320000,88577
6,320,321000,88577
6,321,322000,88577
6,322,323000,88577
6,323,324000,88577
6,324,325000,88577
6,325,326000,88577
6,326,327000,88577
6,327,328000,88577
6,328,329000,88577
6,329,330000,88577
6,330,331000,88577
6,331,332000,88577
6,332,333000,88577
6,333,334000,88577
6,334,335000,88577
6,335,336000,88577
6,336,337000,88577
6,337,338000,88577
6,338,339000,88577
6,339,340000,88577
6,340,341000,88577
6,341,342000,88577
6,342,343000,88577
6,343,344000,88577
6,344,345000,88577
6,345,346000,88577
6,346,347000,88577
6,347,348000,88577
6,348,349000,88577
6,349,350000,88577
6,350,351000,88577
6,351,352000,88577
6,352,353000,88577
6,353,354000,88577
6,354,355000,88577
6,355,356000,88577
6,356,357000,88577
6,357,358000,88577
6,358,359000,88577
6,359,360000,88577
6,360,361000,88577
6,361,362000,88577
6,362,363000,88577
6,363,364000,88577
6,364,365000,88577
6,365,366000,88577
6,366,367000,88577
6,367,368000,88577
6,368,369000,88577
6,369,370000,88577
6,370,371000,88581
6,371,372000,88581
6,372,373000,88581
6,373,374000,88581
6,374,375000,88581
6,375,376000,88581
6,376,377000,88581
6,377,378000,88581
6,378,379000,88581
6,379,380000,88581
6,380,381000,88581
6,381,382000,88581
6,382,383000,88581
6,383,384000,88581
6,384,385000,88581
6,385,386000,88581
6,386,387000,88581
6,387,388000,88581
6,388,389000,88581
6,389,390000,88581
6,390,391000,88581
6,391,392000,88581
6,392,393000,88581
6,393,394000,88581
6,394,395000,88581
6,395,396000,88581
6,396,397000,88581
6,397,398000,88581
6,398,399000,88581
6,399,400000,88581
6,400,401000,88581
6,401,402000,88581
6,402,403000,88581
6,403,404000,88581
6,404,405000,88581
6,405,406000,88581
6,406,407000,88581
6,407,408000,88581
6,408,409000,88581
6,409,410000,88581
6,410,411000,88581
6,411,412000,88581
6,412,413000,88581
6,413,414000,88581
6,414,415000,88581
6,415,416000,88581
6,416,417000,88581
6,417,418000,88581
6,418,419000,88581
6,419,420000,88581
6,420,421000,88581
6,421,422000,88592
6,422,423000,88592
6,423,424000,88592
6,424,425000,88592
6,425,426000,88592
6,426,427000,88592
6,427,428000,88592
6,428,429000,88592
6,429,430000,88592
6,430,431000,88592
6,431,432000,88592
6,432,433000,88592
6,433,434000,88592
6,434,435000,88592
6,435,436000,88592
6,436,437000,88592
6,437,438000,88592
6,438,439000,88592
6,439,440000,88592
6,440,441000,88592
6,441,442000,88592
6,442,443000,88592
6,443,444000,88592
6,444,445000,88592
6,445,446000,88592
6,446,447000,88592
6,447,448000,88592
6,448,449000,88592
6,449,450000,88592
6,450,451000,88592
6,451,452000,88592
6,452,453000,88599
6,453,454000,88599
6,454,455000,88599
6,455,456000,88599
6,456,457000,88608
6,457,458000,88608
6,458,459000,88608
6,459,460000,88608
6,460,461000,88612
6,461,462000,88612
6,462,463000,88613
6,463,464000,88613
6,464,465000,88613
6,465,466000,88616
6,466,467000,88616
6,467,468000,88616
6,468,469000,88616
6,469,470000,88616
6,470,471000,88616
6,471,472000,88616
6,472,473000,88616
6,473,474000,88616
6,474,475000,88616
6,475,476000,88616
6,476,477000,88616
6,477,478000,88616
6,478,479000,88616
6,479,480000,88616
6,480,481000,88616
6,481,482000,88616
6,482,483000,88616
6,483,484000,88616
6,484,485000,88616
6,485,486000,88616
6,486,487000,88616
6,487,488000,88616
6,488,489000,88616
6,489,490000,88616
6,490,491000,88616
6,491,492000,88616
6,492,493000,88621
6,493,494000,88621
6,494,495000,88621
6,495,496000,88621
6,496,497000,88624
6,497,498000,88624
6,498,499000,88624
6,499,500000,88628
6,500,501000,88629
6,501,502000,88631
6,502,503000,88635
6,503,504000,88635
6,504,505000,88635
6,505,506000,88635
6,506,507000,88635
6,507,508000,88635
6,508,509000,88635
6,509,510000,88635
6,510,511000,88635
6,511,512000,88635
6,512,513000,88635
6,513,514000,88635
6,514,515000,88635
6,515,516000,88635
6,516,517000,88635
6,517,518000,88635
6,518,519000,88635
6,519,520000,88635
6,520,521000,88635
6,521,522000,88635
6,522,523000,88635
6,523,524000,88635
6,524,525000,88635
6,525,526000,88635
6,526,527000,88635
6,527,528000,88635
6,528,529000,88635
6,529,530000,88635
6,530,531000,88635
6,531,532000,88635
6,532,533000,88635
6,533,534000,88635
6,534,535000,88635
6,535,536000,88635
6,536,537000,88635
6,537,538000,88635
6,538,539000,88635
6,539,540000,88635
6,540,541000,88635
6,541,542000,88635
6,542,543000,88635
6,543,544000,88635
6,544,545000,88635
6,545,546000,88635
6,546,547000,88635
6,547,548000,88635
6,548,549000,88635
6,549,550000,88635
6,550,551000,88635
6,551,552000,88635
6,552,553000,88635
6,553,554000,88635
6,554,555000,88635
6,555,556000,88635
6,556,557000,88635
6,557,558000,88635
6,558,559000,88635
6,559,560000,88635
6,560,561000,88635
6,561,562000,88635
6,562,563000,88635
6,563,564000,88635
6,564,565000,88635
6,565,566000,88635
6,566,567000,88635
6,567,568000,88635
6,568,569000,88635
6,569,570000,88635
6,570,571000,88635
6,571,572000,88635
6,572,573000,88635
6,573,574000,88635
6,574,575000,88635
6,575,576000,88635
6,576,577000,88635
6,577,578000,88635
6,578,579000,88635
6,579,580000,88635
6,580,581000,88635
6,581,582000,88635
6,582,583000,88635
6,583,584000,88635
6,584,585000,88635
6,585,586000,88635
6,586,587000,88635
6,587,588000,88635
6,588,589000,88635
6,589,590000,88635
6,590,591000,88635
6,591,592000,88635
6,592,593000,88635
6,593,594000,88635
6,594,595000,88635
6,595,596000,88635
6,596,597000,88635
6,597,598000,88635
6,598,599000,88635
6,599,600000,88635
6,600,601000,88635
6,601,602000,88635
6,602,603000,88635
6,603,604000,88635
6,604,605000,88635
6,605,606000,88635
6,606,607000,88635
6,607,608000,88635
6,608,609000,88635
6,609,610000,88635
6,610,611000,88635
6,611,612000,88635
6,612,613000,88635
6,613,614000,88635
6,614,615000,88635
6,615,616000,88635
6,616,617000,88635
6,617,618000,88635
6,618,619000,88635
6,619,620000,88635
6,620,621000,88635
6,621,622000,88635
6,622,623000,88635
6,623,624000,88635
6,624,625000,88635
6,625,626000,88635
6,626,627000,88635
6,627,628000,88635
6,628,629000,88635
6,629,630000,88635
6,630,631000,88635
6,631,632000,88635
6,632,633000,88635
6,633,634000,88635
6,634,635000,88635
6,635,636000,88635
6,636,637000,88635
6,637,638000,88635
6,638,639000,88635
6,639,640000,88635
6,640,641000,88635
6,641,642000,88635
6,642,643000,88635
6,643,644000,88635
6,644,645000,88635
6,645,646000,88635
6,646,647000,88635
6,647,648000,88635
6,648,649000,88635
6,649,650000,88635
6,650,651000,88635
6,651,652000,88635
6,652,653000,88635
6,653,654000,88635
6,654,655000,88635
6,655,656000,88635
6,656,657000,88635
6,657,658000,88635
6,658,659000,88635
6,659,660000,88635
6,660,661000,88635
6,661,662000,88635
6,662,663000,88635
6,663,664000,88635
6,664,665000,88635
6,665,666000,88635
6,666,667000,88635
6,667,668000,88635
6,668,669000,88635
6,669,670000,88635
6,670,671000,88635
6,671,672000,88635
6,672,673000,88635
6,673,674000,88635
6,674,675000,88635
6,675,676000,88635
6,676,677000,88635
6,677,678000,88635
6,678,679000,88635
6,679,680000,88635
6,680,681000,88635
6,681,682000,88635
6,682,683000,88635
6,683,684000,88635
6,684,685000,88635
6,685,686000,88635
6,686,687000,88635
6,687,688000,88635
6,688,689000,88635
6,689,690000,88635
6,690,691000,88635
6,691,692000,88635
6,692,693000,88635
6,693,694000,88635
6,694,695000,88635
6,695,696000,88635
6,696,697000,88635
6,697,698000,88635
6,698,699000,88635
6,699,700000,88635
6,700,701000,88635
6,701,702000,88635
6,702,703000,88635
6,703,704000,88635
6,704,705000,88635
6,705,706000,88635
6,706,707000,88635
6,707,708000,88635
6,708,709000,88635
6,709,710000,88635
6,710,711000,88635
6,711,712000,88635
6,712,713000,88635
6,713,714000,88635
6,714,715000,88635
6,715,716000,88635
6,716,717000,88635
6,717,718000,88635
6,718,719000,88635
6,719,720000,88635
6,720,721000,88635
6,721,722000,88635
6,722,723000,88635
6,723,724000,88635
6,724,725000,88635
6,725,726000,88635
6,726,727000,88635
6,727,728000,88635
6,728,729000,88635
6,729,730000,88635
6,730,731000,88635
6,731,732000,88635
6,732,733000,88635
6,733,734000,88635
6,734,735000,88635
6,735,736000,88635
6,736,737000,88635
6,737,738000,88635
6,738,739000,88635
6,739,740000,88635
6,740,741000,88635
6,741,742000,88635
6,742,743000,88635
6,743,744000,88635
6,744,745000,88635
6,745,746000,88635
6,746,747000,88635
6,747,748000,88635
6,748,749000,88635
6,749,750000,88635
6,750,751000,88635
6,751,752000,88635
6,752,753000,88635
6,753,754000,88635
6,754,755000,88635
6,755,756000,88635
6,756,757000,88635
6,757,758000,88635
6,758,759000,88635
6,759,760000,88635
6,760,761000,88635
6,761,762000,88635
6,762,763000,88635
6,763,764000,88635
6,764,765000,88635
6,765,766000,88635
6,766,767000,88635
6,767,768000,88635
6,768,769000,88635
6,769,770000,88635
6,770,771000,88635
6,771,772000,88635
6,772,773000,88635
6,773,774000,88635
6,774,775000,88635
6,775,776000,88635
6,776,777000,88635
6,777,778000,88635
6,778,779000,88635
6,779,780000,88635
6,780,781000,88635
6,781,782000,88635
6,782,783000,88635
6,783,784000,88635
6,784,785000,88635
6,785,786000,88635
6,786,787000,88635
6,787,788000,88635
6,788,789000,88635
6,789,790000,88635
6,790,791000,88635
6,791,792000,88635
6,792,793000,88635
6,793,794000,88635
6,794,795000,88635
6,795,796000,88635
6,796,797000,88635
6,797,798000,88635
6,798,799000,88635
6,799,800000,88635
6,800,801000,88635
6,801,802000,88635
6,802,803000,88635
6,803,804000,88635
6,804,805000,88635
6,805,806000,88635
6,806,807000,88635
6,807,808000,88635
6,808,809000,88635
6,809,810000,88635
6,810,811000,88635
6,811,812000,88635
6,812,813000,88635
6,813,814000,88635
6,814,815000,88635
6,815,816000,88635
6,816,817000,88635
6,817,818000,88635
6,818,819000,88635
6,819,820000,88635
6,820,821000,88635
6,821,822000,88635
6,822,823000,88635
6,823,824000,88635
6,824,825000,88635
6,825,826000,88635
6,826,827000,88635
6,827,828000,88635
6,828,829000,88635
6,829,830000,88635
6,830,831000,88635
6,831,832000,88635
6,832,833000,88635
6,833,834000,88635
6,834,835000,88635
6,835,836000,88635
6,836,837000,88635
6,837,838000,88635
6,838,839000,88635
6,839,840000,88635
6,840,841000,88635
6,841,842000,88635
6,842,843000,88635
6,843,844000,88635
6,844,845000,88635
6,845,846000,88635
6,846,847000,88635
6,847,848000,88635
6,848,849000,88635
6,849,850000,88635
6,850,851000,88635
6,851,852000,88635
6,852,853000,88635
6,853,854000,88635
6,854,855000,88635
6,855,856000,88635
6,856,857000,88635
6,857,858000,88635
6,858,859000,88635
6,859,860000,88635
6,860,861000,88635
6,861,862000,88635
6,862,863000,88635
6,863,864000,88635
6,864,865000,88635
6,865,866000,88635
6,866,867000,88635
6,867,868000,88635
6,868,869000,88635
6,869,870000,88635
6,870,871000,88635
6,871,872000,88635
6,872,873000,88635
6,873,874000,88635
6,874,875000,88635
6,875,876000,88635
6,876,877000,88635
6,877,878000,88635
6,878,879000,88635
6,879,880000,88635
6,880,881000,88635
6,881,882000,88635
6,882,883000,88635
6,883,884000,88635
6,884,885000,88635
6,885,886000,88635
6,886,887000,88635
6,887,888000,88635
6,888,889000,88635
6,889,890000,88635
6,890,891000,88635
6,891,892000,88635
6,892,893000,88635
6,893,894000,88635
6,894,895000,88635
6,895,896000,88635
6,896,897000,88635
6,897,898000,88635
6,898,899000,88635
6,899,900000,88635
6,900,901000,88635
6,901,902000,88635
6,902,903000,88635
6,903,904000,88635
6,904,905000,88635
6,905,906000,88635
6,906,907000,88635
6,907,908000,88635
6,908,909000,88635
6,909,910000,88635
6,910,911000,88635
6,911,912000,88635
6,912,913000,88635
6,913,914000,88635
6,914,915000,88635
6,915,916000,88635
6,916,917000,88635
6,917,918000,88635
6,918,919000,88635
6,919,920000,88635
6,920,921000,88635
6,921,922000,88635
6,922,923000,88635
6,923,924000,88635
6,924,925000,88635
6,925,926000,88635
6,926,927000,88635
6,927,928000,88635
6,928,929000,88635
6,929,930000,88635
6,930,931000,88635
6,931,932000,88635
6,932,933000,88635
6,933,934000,88635
6,934,935000,88635
6,935,936000,88635
6,936,937000,88635
6,937,938000,88635
6,938,939000,88635
6,939,940000,88635
6,940,941000,88635
6,941,942000,88635
6,942,943000,88635
6,943,944000,88635
6,944,945000,88635
6,945,946000,88635
6,946,947000,88635
6,947,948000,88635
6,948,949000,88635
6,949,950000,88635
6,950,951000,88635
6,951,952000,88635
6,952,953000,88635
6,953,954000,88635
6,954,955000,88635
6,955,956000,88635
6,956,957000,88635
6,957,958000,88635
6,958,959000,88635
6,959,960000,88635
6,960,961000,88635
6,961,962000,88635
6,962,963000,88635
6,963,964000,88635
6,964,965000,88635
6,965,966000,88635
6,966,967000,88635
6,967,968000,88635
6,968,969000,88635
6,969,970000,88635
6,970,971000,88635
6,971,972000,88635
6,972,973000,88635
6,973,974000,88635
6,974,975000,88635
6,975,976000,88635
6,976,977000,88635
6,977,978000,88635
6,978,979000,88635
6,979,980000,88635
6,980,981000,88635
6,981,982000,88635
6,982,983000,88635
6,983,984000,88635
6,984,985000,88635
6,985,986000,88635
6,986,987000,88635
6,987,988000,88635
6,988,989000,88635
6,989,990000,88635
6,990,991000,88635
6,991,992000,88635
6,992,993000,88635
6,993,994000,88635
6,994,995000,88635
6,995,996000,88635
6,996,997000,88635
6,997,998000,88635
6,998,999000,88635
6,999,1000000,88635
7,0,1000,73208
7,1,2000,76497
7,2,3000,78469
7,3,4000,79808
7,4,5000,80109
7,5,6000,81088
7,6,7000,81864
7,7,8000,82390
7,8,9000,83405
7,9,10000,83825
7,10,11000,85097
7,11,12000,85097
7,12,13000,85176
7,13,14000,85400
7,14,15000,85504
7,15,16000,85504
7,16,17000,85614
7,17,18000,85693
7,18,19000,85839
7,19,20000,85915
7,20,21000,86049
7,21,22000,86275
7,22,23000,86295
7,23,24000,86367
7,24,25000,86401
7,25,26000,86847
7,26,27000,86849
7,27,28000,86883
7,28,29000,86883
7,29,30000,86883
7,30,31000,86975
7,31,32000,86976
7,32,33000,87024
7,33,34000,87155
7,34,35000,87186
7,35,36000,87192
7,36,37000,87274
7,37,38000,87327
7,38,39000,87378
7,39,40000,87413
7,40,41000,87453
7,41,42000,87463
7,42,43000,87472
7,43,44000,87508
7,44,45000,87535
7,45,46000,87537
7,46,47000,87638
7,47,48000,87638
7,48,49000,87662
7,49,50000,87774
7,50,51000,87774
7,51,52000,87783
7,52,53000,87831
7,53,54000,87831
7,54,55000,87836
7,55,56000,87842
7,56,57000,87842
7,57,58000,87875
7,58,59000,87875
7,59,60000,87880
7,60,61000,87900
7,61,62000,87909
7,62,63000,87917
7,63,64000,87933
7,64,65000,87936
7,65,66000,87954
7,66,67000,87961
7,67,68000,87983
7,68,69000,87987
7,69,70000,88007
7,70,71000,88019
7,71,72000,88026
7,72,73000,88043
7,73,74000,88043
7,74,75000,88062
7,75,76000,88062
7,76,77000,88065
7,77,78000,88065
7,78,79000,88078
7,79,80000,88078
7,80,81000,88081
7,81,82000,88081
7,82,83000,88089
7,83,84000,88094
7,84,85000,88097
7,85,86000,88099
7,86,87000,88103
7,87,88000,88103
7,88,89000,88127
7,89,90000,88130
7,90,91000,88145
7,91,92000,88153
7,92,93000,88160
7,93,94000,88168
7,94,95000,88177
7,95,96000,88177
7,96,97000,88182
7,97,98000,88183
7,98,99000,88188
7,99,100000,88193
7,100,101000,88202
7,101,102000,88206
7,102,103000,88212
7,103,104000,88225
7,104,105000,88225
7,105,106000,88225
7,106,107000,88231
7,107,108000,88236
7,108,109000,88248
7,109,110000,88255
7,110,111000,88261
7,111,112000,88265
7,112,113000,88266
7,113,114000,88273
7,114,115000,88273
7,115,116000,88273
7,116,117000,88278
7,117,118000,88278
7,118,119000,88279
7,119,120000,88281
7,120,121000,88287
7,121,122000,88288
7,122,123000,88312
7,123,124000,88312
7,124,125000,88312
7,125,126000,88326
7,126,127000,88333
7,127,128000,88333
7,128,129000,88336
7,129,130000,88350
7,130,131000,88350
7,131,132000,88359
7,132,133000,88372
7,133,134000,88372
7,134,135000,88378
7,135,136000,88378
7,136,137000,88382
7,137,138000,88382
7,138,139000,88383
7,139,140000,88383
7,140,141000,88391
7,141,142000,88391
7,142,143000,88394
7,143,144000,88394
7,144,145000,88394
7,145,146000,88395
7,146,147000,88397
7,147,148000,88397
7,148,149000,88400
7,149,150000,88406
7,150,151000,88409
7,151,152000,88411
7,152,153000,88413
7,153,154000,88413
7,154,155000,88413
7,155,156000,88421
7,156,157000,88421
7,157,158000,88427
7,158,159000,88431
7,159,160000,88435
7,160,161000,88435
7,161,162000,88435
7,162,163000,88451
7,163,164000,88451
7,164,165000,88451
7,165,166000,88451
7,166,167000,88466
7,167,168000,88466
7,168,169000,88466
7,169,170000,88466
7,170,171000,88473
7,171,172000,88473
7,172,173000,88473
7,173,174000,88473
7,174,175000,88473
7,175,176000,88473
7,176,177000,88473
7,177,178000,88473
7,178,179000,88473
7,179,180000,88473
7,180,181000,88473
7,181,182000,88473
7,182,183000,88473
7,183,184000,88473
7,184,185000,88473
7,185,186000,88473
7,186,187000,88473
7,187,188000,88473
7,188,189000,88473
7,189,190000,88473
7,190,191000,88473
7,191,192000,88473
7,192,193000,88473
7,193,194000,88473
7,194,195000,88473
7,195,196000,88473
7,196,197000,88473
7,197,198000,88473
7,198,199000,88473
7,199,200000,88473
7,200,201000,88473
7,201,202000,88473
7,202,203000,88473
7,203,204000,88473
7,204,205000,88473
7,205,206000,88473
7,206,207000,88473
7,207,208000,88473
7,208,209000,88473
7,209,210000,88473
7,210,211000,88473
7,211,212000,88473
7,212,213000,88473
7,213,214000,88473
7,214,215000,88473
7,215,216000,88473
7,216,217000,88473
7,217,218000,88473
7,218,219000,88473
7,219,220000,88473
7,220,221000,88473
7,221,222000,88473
7,222,223000,88473
7,223,224000,88473
7,224,225000,88473
7,225,226000,88473
7,226,227000,88473
7,227,228000,88473
7,228,229000,88473
7,229,230000,88473
7,230,231000,88473
7,231,232000,88473
7,232,233000,88473
7,233,234000,88473
7,234,235000,88473
7,235,236000,88473
7,236,237000,88473
7,237,238000,88476
7,238,239000,88476
7,239,240000,88476
7,240,241000,88484
7,241,242000,88484
7,242,243000,88488
7,243,244000,88488
7,244,245000,88492
7,245,246000,88492
7,246,247000,88492
7,247,248000,88492
7,248,249000,88492
7,249,250000,88492
7,250,251000,88492
7,251,252000,88492
7,252,253000,88492
7,253,254000,88492
7,254,255000,88492
7,255,256000,88492
7,256,257000,88492
7,257,258000,88492
7,258,259000,88492
7,259,260000,88492
7,260,261000,88492
7,261,262000,88492
7,262,263000,88492
7,263,264000,88501
7,264,265000,88501
7,265,266000,88501
7,266,267000,88501
7,267,268000,88501
7,268,269000,88501
7,269,270000,88501
7,270,271000,88501
7,271,272000,88501
7,272,273000,88501
7,273,274000,88501
7,274,275000,88501
7,275,276000,88501
7,276,277000,88505
7,277,278000,88505
7,278,279000,88505
7,279,280000,88505
7,280,281000,88505
7,281,282000,88505
7,282,283000,88505
7,283,284000,88505
7,284,285000,88505
7,285,286000,88505
7,286,287000,88505
7,287,288000,88505
7,288,289000,88505
7,289,290000,88505
7,290,291000,88505
7,291,292000,88505
7,292,293000,88505
7,293,294000,88509
7,294,295000,88509
7,295,296000,88509
7,296,297000,88509
7,297,298000,88509
7,298,299000,88509
7,299,300000,88509
7,300,301000,88509
7,301,302000,88509
7,302,303000,88509
7,303,304000,88509
7,304,305000,88509
7,305,306000,88509
7,306,307000,88509
7,307,308000,88509
7,308,309000,88509
7,309,310000,88513
7,310,311000,88513
7,311,312000,88513
7,312,313000,88513
7,313,314000,88513
7,314,315000,88513
7,315,316000,88513
7,316,317000,88513
7,317,318000,88513
7,318,319000,88513
7,319,320000,88513
7,320,321000,88513
7,321,322000,88513
7,322,323000,88513
7,323,324000,88513
7,324,325000,88513
7,325,326000,88513
7,326,327000,88513
7,327,328000,88513
7,328,329000,88513
7,329,330000,88513
7,330,331000,88513
7,331,332000,88513
7,332,333000,88513
7,333,334000,88517
7,334,335000,88517
7,335,336000,88517
7,336,337000,88517
7,337,338000,88517
7,338,339000,88517
7,339,340000,88517
7,340,341000,88517
7,341,342000,88517
7,342,343000,88521
7,343,344000,88521
7,344,345000,88521
7,345,346000,88521
7,346,347000,88521
7,347,348000,88521
7,348,349000,88521
7,349,350000,88521
7,350,351000,88521
7,351,352000,88521
7,352,353000,88521
7,353,354000,88521
7,354,355000,88521
7,355,356000,88521
7,356,357000,88521
7,357,358000,88521
7,358,359000,88521
7,359,360000,88521
7,360,361000,88521
7,361,362000,88521
7,362,363000,88521
7,363,364000,88532
7,364,365000,88532
7,365,366000,88532
7,366,367000,88532
7,367,368000,88532
7,368,369000,88532
7,369,370000,88532
7,370,371000,88532
7,371,372000,88532
7,372,373000,88532
7,373,374000,88532
7,374,375000,88532
7,375,376000,88532
7,376,377000,88532
7,377,378000,88532
7,378,379000,88532
7,379,380000,88532
7,380,381000,88532
7,381,382000,88532
7,382,383000,88532
7,383,384000,88532
7,384,385000,88532
7,385,386000,88532
7,386,387000,88532
7,387,388000,88532
7,388,389000,88532
7,389,390000,88532
7,390,391000,88532
7,391,392000,88532
7,392,393000,88532
7,393,394000,88532
7,394,395000,88532
7,395,396000,88532
7,396,397000,88532
7,397,398000,88541
7,398,399000,88541
7,399,400000,88541
7,400,401000,88541
7,401,402000,88541
7,402,403000,88551
7,403,404000,88551
7,404,405000,88551
7,405,406000,88551
7,406,407000,88551
7,407,408000,88551
7,408,409000,88551
7,409,410000,88551
7,410,411000,88551
7,411,412000,88551
7,412,413000,88551
7,413,414000,88551
7,414,415000,88551
7,415,416000,88551
7,416,417000,88551
7,417,418000,88551
7,418,419000,88551
7,419,420000,88551
7,420,421000,88551
7,421,422000,88551
7,422,423000,88551
7,423,424000,88551
7,424,425000,88551
7,425,426000,88551
7,426,427000,88551
7,427,428000,88551
7,428,429000,88551
7,429,430000,88551
7,430,431000,88551
7,431,432000,88551
7,432,433000,88551
7,433,434000,88551
7,434,435000,88551
7,435,436000,88551
7,436,437000,88551
7,437,438000,88551
7,438,439000,88551
7,439,440000,88551
7,440,441000,88551
7,441,442000,88551
7,442,443000,88555
7,443,444000,88555
7,444,445000,88555
7,445,446000,88555
7,446,447000,88555
7,447,448000,88555
7,448,449000,88555
7,449,450000,88555
7,450,451000,88555
7,451,452000,88555
7,452,453000,88555
7,453,454000,88555
7,454,455000,88555
7,455,456000,88555
7,456,457000,88555
7,457,458000,88555
7,458,459000,88555
7,459,460000,88555
7,460,461000,88555
7,461,462000,88555
7,462,463000,88555
7,463,464000,88555
7,464,465000,88555
7,465,466000,88555
7,466,467000,88555
7,467,468000,88555
7,468,469000,88555
7,469,470000,88555
7,470,471000,88555
7,471,472000,88555
7,472,473000,88555
7,473,474000,88555
7,474,475000,88555
7,475,476000,88555
7,476,477000,88555
7,477,478000,88555
7,478,479000,88555
7,479,480000,88555
7,480,481000,88555
7,481,482000,88555
7,482,483000,88555
7,483,484000,88555
7,484,485000,88555
7,485,486000,88555
7,486,487000,88555
7,487,488000,88555
7,488,489000,88555
7,489,490000,88555
7,490,491000,88555
7,491,492000,88555
7,492,493000,88555
7,493,494000,88555
7,494,495000,88555
7,495,496000,88555
7,496,497000,88555
7,497,498000,88555
7,498,499000,88555
7,499,500000,88555
7,500,501000,88555
7,501,502000,88555
7,502,503000,88555
7,503,504000,88555
7,504,505000,88555
7,505,506000,88555
7,506,507000,88555
7,507,508000,88555
7,508,509000,88555
7,509,510000,88555
7,510,511000,88555
7,511,512000,88555
7,512,513000,88555
7,513,514000,88555
7,514,515000,88555
7,515,516000,88555
7,516,517000,88555
7,517,518000,88555
7,518,519000,88555
7,519,520000,88555
7,520,521000,88555
7,521,522000,88555
7,522,523000,88555
7,523,524000,88555
7,524,525000,88555
7,525,526000,88555
7,526,527000,88555
7,527,528000,88555
7,528,529000,88555
7,529,530000,88555
7,530,531000,88555
7,531,532000,88555
7,532,533000,88555
7,533,534000,88555
7,534,535000,88555
7,535,536000,88555
7,536,537000,88555
7,537,538000,88555
7,538,539000,88555
7,539,540000,88555
7,540,541000,88555
7,541,542000,88555
7,542,543000,88555
7,543,544000,88555
7,544,545000,88555
7,545,546000,88555
7,546,547000,88555
7,547,548000,88555
7,548,549000,88555
7,549,550000,88555
7,550,551000,88555
7,551,552000,88555
7,552,553000,88555
7,553,554000,88555
7,554,555000,88555
7,555,556000,88555
7,556,557000,88555
7,557,558000,88555
7,558,559000,88555
7,559,560000,88555
7,560,561000,88555
7,561,562000,88555
7,562,563000,88555
7,563,564000,88555
7,564,565000,88555
7,565,566000,88555
7,566,567000,88555
7,567,568000,88555
7,568,569000,88555
7,569,570000,88555
7,570,571000,88555
7,571,572000,88555
7,572,573000,88555
7,573,574000,88555
7,574,575000,88555
7,575,576000,88555
7,576,577000,88555
7,577,578000,88555
7,578,579000,88555
7,579,580000,88555
7,580,581000,88555
7,581,582000,88555
7,582,583000,88555
7,583,584000,88555
7,584,585000,88555
7,585,586000,88555
7,586,587000,88555
7,587,588000,88555
7,588,589000,88555
7,589,590000,88555
7,590,591000,88555
7,591,592000,88555
7,592,593000,88555
7,593,594000,88555
7,594,595000,88555
7,595,596000,88555
7,596,597000,88555
7,597,598000,88555
7,598,599000,88555
7,599,600000,88555
7,600,601000,88555
7,601,602000,88555
7,602,603000,88555
7,603,604000,88555
7,604,605000,88555
7,605,606000,88555
7,606,607000,88555
7,607,608000,88555
7,608,609000,88555
7,609,610000,88555
7,610,611000,88555
7,611,612000,88555
7,612,613000,88555
7,613,614000,88555
7,614,615000,88555
7,615,616000,88555
7,616,617000,88555
7,617,618000,88555
7,618,619000,88555
7,619,620000,88555
7,620,621000,88555
7,621,622000,88555
7,622,623000,88555
7,623,624000,88555
7,624,625000,88555
7,625,626000,88555
7,626,627000,88555
7,627,628000,88555
7,628,629000,88555
7,629,630000,88555
7,630,631000,88555
7,631,632000,88555
7,632,633000,88555
7,633,634000,88555
7,634,635000,88555
7,635,636000,88555
7,636,637000,88555
7,637,638000,88555
7,638,639000,88555
7,639,640000,88555
7,640,641000,88555
7,641,642000,88555
7,642,643000,88555
7,643,644000,88555
7,644,645000,88555
7,645,646000,88555
7,646,647000,88555
7,647,648000,88555
7,648,649000,88555
7,649,650000,88555
7,650,651000,88555
7,651,652000,88555
7,652,653000,88555
7,653,654000,88555
7,654,655000,88555
7,655,656000,88555
7,656,657000,88555
7,657,658000,88555
7,658,659000,88555
7,659,660000,88555
7,660,661000,88555
7,661,662000,88555
7,662,663000,88555
7,663,664000,88555
7,664,665000,88555
7,665,666000,88555
7,666,667000,88555
7,667,668000,88555
7,668,669000,88555
7,669,670000,88555
7,670,671000,88555
7,671,672000,88555
7,672,673000,88555
7,673,674000,88555
7,674,675000,88555
7,675,676000,88555
7,676,677000,88555
7,677,678000,88555
7,678,679000,88555
7,679,680000,88555
7,680,681000,88555
7,681,682000,88555
7,682,683000,88555
7,683,684000,88555
7,684,685000,88555
7,685,686000,88555
7,686,687000,88555
7,687,688000,88555
7,688,689000,88555
7,689,690000,88555
7,690,691000,88555
7,691,692000,88555
7,692,693000,88555
7,693,694000,88555
7,694,695000,88555
7,695,696000,88555
7,696,697000,88555
7,697,698000,88555
7,698,699000,88555
7,699,700000,88555
7,700,701000,88555
7,701,702000,88555
7,702,703000,88555
7,703,704000,88555
7,704,705000,88555
7,705,706000,88555
7,706,707000,88555
7,707,708000,88555
7,708,709000,88555
7,709,710000,88555
7,710,711000,88555
7,711,712000,88555
7,712,713000,88555
7,713,714000,88555
7,714,715000,88555
7,715,716000,88555
7,716,717000,88555
7,717,718000,88555
7,718,719000,88555
7,719,720000,88555
7,720,721000,88555
7,721,722000,88555
7,722,723000,88555
7,723,724000,88555
7,724,725000,88555
7,725,726000,88555
7,726,727000,88555
7,727,728000,88555
7,728,729000,88555
7,729,730000,88555
7,730,731000,88555
7,731,732000,88555
7,732,733000,88555
7,733,734000,88555
7,734,735000,88555
7,735,736000,88555
7,736,737000,88555
7,737,738000,88555
7,738,739000,88555
7,739,740000,88555
7,740,741000,88555
7,741,742000,88555
7,742,743000,88555
7,743,744000,88555
7,744,745000,88555
7,745,746000,88555
7,746,747000,88555
7,747,748000,88555
7,748,749000,88555
7,749,750000,88555
7,750,751000,88555
7,751,752000,88555
7,752,753000,88555
7,753,754000,88555
7,754,755000,88555
7,755,756000,88555
7,756,757000,88555
7,757,758000,88555
7,758,759000,88555
7,759,760000,88555
7,760,761000,88555
7,761,762000,88555
7,762,763000,88555
7,763,764000,88555
7,764,765000,88555
7,765,766000,88555
7,766,767000,88555
7,767,768000,88555
7,768,769000,88555
7,769,770000,88555
7,770,771000,88555
7,771,772000,88555
7,772,773000,88555
7,773,774000,88555
7,774,775000,88555
7,775,776000,88555
7,776,777000,88555
7,777,778000,88555
7,778,779000,88555
7,779,780000,88555
7,780,781000,88555
7,781,782000,88555
7,782,783000,88555
7,783,784000,88555
7,784,785000,88555
7,785,786000,88555
7,786,787000,88555
7,787,788000,88555
7,788,789000,88555
7,789,790000,88555
7,790,791000,88555
7,791,792000,88555
7,792,793000,88555
7,793,794000,88555
7,794,795000,88555
7,795,796000,88555
7,796,797000,88555
7,797,798000,88555
7,798,799000,88555
7,799,800000,88555
7,800,801000,88555
7,801,802000,88555
7,802,803000,88555
7,803,804000,88555
7,804,805000,88555
7,805,806000,88555
7,806,807000,88555
7,807,808000,88555
7,808,809000,88555
7,809,810000,88555
7,810,811000,88555
7,811,812000,88555
7,812,813000,88555
7,813,814000,88555
7,814,815000,88555
7,815,816000,88555
7,816,817000,88555
7,817,818000,88555
7,818,819000,88555
7,819,820000,88555
7,820,821000,88555
7,821,822000,88555
7,822,823000,88555
7,823,824000,88555
7,824,825000,88555
7,825,826000,88555
7,826,827000,88555
7,827,828000,88555
7,828,829000,88555
7,829,830000,88555
7,830,831000,88555
7,831,832000,88555
7,832,833000,88555
7,833,834000,88555
7,834,835000,88555
7,835,836000,88555
7,836,837000,88555
7,837,838000,88555
7,838,839000,88555
7,839,840000,88555
7,840,841000,88555
7,841,842000,88555
7,842,843000,88555
7,843,844000,88555
7,844,845000,88555
7,845,846000,88555
7,846,847000,88555
7,847,848000,88555
7,848,849000,88555
7,849,850000,88555
7,850,851000,88555
7,851,852000,88555
7,852,853000,88555
7,853,854000,88555
7,854,855000,88555
7,855,856000,88555
7,856,857000,88555
7,857,858000,88555
7,858,859000,88555
7,859,860000,88555
7,860,861000,88555
7,861,862000,88555
7,862,863000,88555
7,863,864000,88555
7,864,865000,88555
7,865,866000,88555
7,866,867000,88555
7,867,868000,88555
7,868,869000,88555
7,869,870000,88555
7,870,871000,88555
7,871,872000,88555
7,872,873000,88555
7,873,874000,88555
7,874,875000,88555
7,875,876000,88555
7,876,877000,88555
7,877,878000,88555
7,878,879000,88555
7,879,880000,88555
7,880,881000,88555
7,881,882000,88555
7,882,883000,88555
7,883,884000,88555
7,884,885000,88555
7,885,886000,88555
7,886,887000,88555
7,887,888000,88555
7,888,889000,88555
7,889,890000,88555
7,890,891000,88555
7,891,892000,88555
7,892,893000,88555
7,893,894000,88555
7,894,895000,88555
7,895,896000,88555
7,896,897000,88555
7,897,898000,88555
7,898,899000,88555
7,899,900000,88555
7,900,901000,88555
7,901,902000,88555
7,902,903000,88555
7,903,904000,88555
7,904,905000,88555
7,905,906000,88555
7,906,907000,88555
7,907,908000,88555
7,908,909000,88555
7,909,910000,88555
7,910,911000,88555
7,911,912000,88555
7,912,913000,88555
7,913,914000,88555
7,914,915000,88555
7,915,916000,88555
7,916,917000,88555
7,917,918000,88555
7,918,919000,88555
7,919,920000,88555
7,920,921000,88555
7,921,922000,88555
7,922,923000,88555
7,923,924000,88555
7,924,925000,88555
7,925,926000,88555
7,926,927000,88555
7,927,928000,88555
7,928,929000,88555
7,929,930000,88555
7,930,931000,88555
7,931,932000,88555
7,932,933000,88555
7,933,934000,88555
7,934,935000,88555
7,935,936000,88555
7,936,937000,88555
7,937,938000,88555
7,938,939000,88555
7,939,940000,88555
7,940,941000,88555
7,941,942000,88555
7,942,943000,88555
7,943,944000,88555
7,944,945000,88555
7,945,946000,88555
7,946,947000,88555
7,947,948000,88555
7,948,949000,88555
7,949,950000,88555
7,950,951000,88555
7,951,952000,88555
7,952,953000,88555
7,953,954000,88555
7,954,955000,88555
7,955,956000,88555
7,956,957000,88555
7,957,958000,88555
7,958,959000,88555
7,959,960000,88555
7,960,961000,88555
7,961,962000,88555
7,962,963000,88555
7,963,964000,88555
7,964,965000,88555
7,965,966000,88555
7,966,967000,88555
7,967,968000,88555
7,968,969000,88555
7,969,970000,88555
7,970,971000,88555
7,971,972000,88555
7,972,973000,88555
7,973,974000,88555
7,974,975000,88555
7,975,976000,88555
7,976,977000,88555
7,977,978000,88555
7,978,979000,88555
7,979,980000,88555
7,980,981000,88555
7,981,982000,88555
7,982,983000,88555
7,983,984000,88555
7,984,985000,88555
7,985,986000,88555
7,986,987000,88555
7,987,988000,88555
7,988,989000,88555
7,989,990000,88555
7,990,991000,88555
7,991,992000,88555
7,992,993000,88555
7,993,994000,88555
7,994,995000,88555
7,995,996000,88555
7,996,997000,88555
7,997,998000,88555
7,998,999000,88555
7,999,1000000,88555
8,0,1000,73364
8,1,2000,76422
8,2,3000,77737
8,3,4000,78819
8,4,5000,79724
8,5,6000,80513
8,6,7000,81183
8,7,8000,82415
8,8,9000,82791
8,9,10000,83097
8,10,11000,83369
8,11,12000,83725
8,12,13000,83836
8,13,14000,84392
8,14,15000,84782
8,15,16000,84782
8,16,17000,84969
8,17,18000,85239
8,18,19000,85358
8,19,20000,85536
8,20,21000,85741
8,21,22000,86055
8,22,23000,86313
8,23,24000,86322
8,24,25000,86453
8,25,26000,86512
8,26,27000,86514
8,27,28000,86575
8,28,29000,86666
8,29,30000,86698
8,30,31000,86789
8,31,32000,86955
8,32,33000,86957
8,33,34000,86998
8,34,35000,87066
8,35,36000,87066
8,36,37000,87146
8,37,38000,87175
8,38,39000,87264
8,39,40000,87289
8,40,41000,87386
8,41,42000,87434
8,42,43000,87525
8,43,44000,87563
8,44,45000,87567
8,45,46000,87587
8,46,47000,87625
8,47,48000,87658
8,48,49000,87665
8,49,50000,87709
8,50,51000,87725
8,51,52000,87747
8,52,53000,87781
8,53,54000,87828
8,54,55000,87870
8,55,56000,87870
8,56,57000,87888
8,57,58000,87923
8,58,59000,87923
8,59,60000,87944
8,60,61000,87952
8,61,62000,87964
8,62,63000,88004
8,63,64000,88013
8,64,65000,88052
8,65,66000,88059
8,66,67000,88071
8,67,68000,88093
8,68,69000,88101
8,69,70000,88105
8,70,71000,88122
8,71,72000,88122
8,72,73000,88144
8,73,74000,88144
8,74,75000,88151
8,75,76000,88154
8,76,77000,88156
8,77,78000,88173
8,78,79000,88183
8,79,80000,88189
8,80,81000,88204
8,81,82000,88218
8,82,83000,88232
8,83,84000,88235
8,84,85000,88248
8,85,86000,88249
8,86,87000,88252
8,87,88000,88260
8,88,89000,88278
8,89,90000,88284
8,90,91000,88290
8,91,92000,88296
8,92,93000,88316
8,93,94000,88316
8,94,95000,88316
8,95,96000,88318
8,96,97000,88318
8,97,98000,88330
8,98,99000,88336
8,99,100000,88339
8,100,101000,88349
8,101,102000,88350
8,102,103000,88375
8,103,104000,88375
8,104,105000,88379
8,105,106000,88388
8,106,107000,88393
8,107,108000,88398
8,108,109000,88406
8,109,110000,88413
8,110,111000,88413
8,111,112000,88420
8,112,113000,88428
8,113,114000,88429
8,114,115000,88443
8,115,116000,88467
8,116,117000,88467
8,117,118000,88472
8,118,119000,88476
8,119,120000,88479
8,120,121000,88483
8,121,122000,88487
8,122,123000,88488
8,123,124000,88491
8,124,125000,88492
8,125,126000,88497
8,126,127000,88497
8,127,128000,88499
8,128,129000,88500
8,129,130000,88500
8,130,131000,88500
8,131,132000,88503
8,132,133000,88506
8,133,134000,88509
8,134,135000,88510
8,135,136000,88510
8,136,137000,88510
8,137,138000,88510
8,138,139000,88510
8,139,140000,88510
8,140,141000,88510
8,141,142000,88526
8,142,143000,88526
8,143,144000,88526
8,144,145000,88533
8,145,146000,88533
8,146,147000,88533
8,147,148000,88533
8,148,149000,88535
8,149,150000,88535
8,150,151000,88542
8,151,152000,88542
8,152,153000,88542
8,153,154000,88542
8,154,155000,88542
8,155,156000,88542
8,156,157000,88542
8,157,158000,88547
8,158,159000,88547
8,159,160000,88547
8,160,161000,88547
8,161,162000,88547
8,162,163000,88547
8,163,164000,88547
8,164,165000,88547
8,165,166000,88547
8,166,167000,88547
8,167,168000,88547
8,168,169000,88549
8,169,170000,88549
8,170,171000,88549
8,171,172000,88549
8,172,173000,88549
8,173,174000,88549
8,174,175000,88549
8,175,176000,88550
8,176,177000,88550
8,177,178000,88550
8,178,179000,88550
8,179,180000,88550
8,180,181000,88556
8,181,182000,88556
8,182,183000,88556
8,183,184000,88566
8,184,185000,88566
8,185,186000,88574
8,186,187000,88574
8,187,188000,88575
8,188,189000,88576
8,189,190000,88579
8,190,191000,88579
8,191,192000,88583
8,192,193000,88583
8,193,194000,88583
8,194,195000,88588
8,195,196000,88588
8,196,197000,88590
8,197,198000,88590
8,198,199000,88590
8,199,200000,88591
8,200,201000,88591
8,201,202000,88591
8,202,203000,88591
8,203,204000,88591
8,204,205000,88591
8,205,206000,88591
8,206,207000,88591
8,207,208000,88592
8,208,209000,88592
8,209,210000,88592
8,210,211000,88593
8,211,212000,88595
8,212,213000,88598
8,213,214000,88598
8,214,215000,88598
8,215,216000,88598
8,216,217000,88598
8,217,218000,88602
8,218,219000,88602
8,219,220000,88602
8,220,221000,88602
8,221,222000,88602
8,222,223000,88602
8,223,224000,88602
8,224,225000,88602
8,225,226000,88602
8,226,227000,88613
8,227,228000,88613
8,228,229000,88613
8,229,230000,88613
8,230,231000,88613
8,231,232000,88613
8,232,233000,88613
8,233,234000,88613
8,234,235000,88613
8,235,236000,88622
8,236,237000,88622
8,237,238000,88622
8,238,239000,88632
8,239,240000,88632
8,240,241000,88632
8,241,242000,88632
8,242,243000,88632
8,243,244000,88632
8,244,245000,88632
8,245,246000,88632
8,246,247000,88632
8,247,248000,88632
8,248,249000,88632
8,249,250000,88632
8,250,251000,88632
8,251,252000,88636
8,252,253000,88636
8,253,254000,88636
8,254,255000,88636
8,255,256000,88636
8,256,257000,88640
8,257,258000,88640
8,258,259000,88640
8,259,260000,88640
8,260,261000,88640
8,261,262000,88640
8,262,263000,88640
8,263,264000,88640
8,264,265000,88640
8,265,266000,88640
8,266,267000,88640
8,267,268000,88640
8,268,269000,88640
8,269,270000,88640
8,270,271000,88640
8,271,272000,88640
8,272,273000,88640
8,273,274000,88640
8,274,275000,88640
8,275,276000,88640
8,276,277000,88640
8,277,278000,88640
8,278,279000,88640
8,279,280000,88640
8,280,281000,88640
8,281,282000,88640
8,282,283000,88644
8,283,284000,88644
8,284,285000,88644
8,285,286000,88644
8,286,287000,88644
8,287,288000,88644
8,288,289000,88644
8,289,290000,88644
8,290,291000,88648
8,291,292000,88648
8,292,293000,88648
8,293,294000,88648
8,294,295000,88648
8,295,296000,88648
8,296,297000,88650
8,297,298000,88650
8,298,299000,88650
8,299,300000,88650
8,300,301000,88650
8,301,302000,88651
8,302,303000,88651
8,303,304000,88651
8,304,305000,88651
8,305,306000,88651
8,306,307000,88651
8,307,308000,88651
8,308,309000,88651
8,309,310000,88651
8,310,311000,88651
8,311,312000,88655
8,312,313000,88655
8,313,314000,88655
8,314,315000,88655
8,315,316000,88655
8,316,317000,88655
8,317,318000,88655
8,318,319000,88655
8,319,320000,88655
8,320,321000,88655
8,321,322000,88655
8,322,323000,88655
8,323,324000,88655
8,324,325000,88655
8,325,326000,88655
8,326,327000,88655
8,327,328000,88666
8,328,329000,88666
8,329,330000,88666
8,330,331000,88666
8,331,332000,88666
8,332,333000,88666
8,333,334000,88666
8,334,335000,88666
8,335,336000,88666
8,336,337000,88666
8,337,338000,88666
8,338,339000,88666
8,339,340000,88666
8,340,341000,88666
8,341,342000,88666
8,342,343000,88666
8,343,344000,88666
8,344,345000,88666
8,345,346000,88666
8,346,347000,88666
8,347,348000,88666
8,348,349000,88666
8,349,350000,88666
8,350,351000,88666
8,351,352000,88666
8,352,353000,88666
8,353,354000,88666
8,354,355000,88666
8,355,356000,88666
8,356,357000,88666
8,357,358000,88666
8,358,359000,88666
8,359,360000,88666
8,360,361000,88666
8,361,362000,88666
8,362,363000,88666
8,363,364000,88666
8,364,365000,88666
8,365,366000,88675
8,366,367000,88675
8,367,368000,88675
8,368,369000,88675
8,369,370000,88675
8,370,371000,88675
8,371,372000,88675
8,372,373000,88675
8,373,374000,88675
8,374,375000,88675
8,375,376000,88675
8,376,377000,88675
8,377,378000,88675
8,378,379000,88675
8,379,380000,88675
8,380,381000,88675
8,381,382000,88675
8,382,383000,88675
8,383,384000,88676
8,384,385000,88676
8,385,386000,88676
8,386,387000,88677
8,387,388000,88677
8,388,389000,88687
8,389,390000,88687
8,390,391000,88688
8,391,392000,88688
8,392,393000,88688
8,393,394000,88688
8,394,395000,88688
8,395,396000,88688
8,396,397000,88701
8,397,398000,88701
8,398,399000,88701
8,399,400000,88701
8,400,401000,88701
8,401,402000,88701
8,402,403000,88701
8,403,404000,88701
8,404,405000,88701
8,405,406000,88701
8,406,407000,88701
8,407,408000,88701
8,408,409000,88701
8,409,410000,88701
8,410,411000,88701
8,411,412000,88701
8,412,413000,88701
8,413,414000,88701
8,414,415000,88701
8,415,416000,88701
8,416,417000,88701
8,417,418000,88701
8,418,419000,88701
8,419,420000,88703
8,420,421000,88703
8,421,422000,88703
8,422,423000,88704
8,423,424000,88704
8,424,425000,88707
8,425,426000,88707
8,426,427000,88707
8,427,428000,88707
8,428,429000,88707
8,429,430000,88707
8,430,431000,88707
8,431,432000,88707
8,432,433000,88707
8,433,434000,88707
8,434,435000,88707
8,435,436000,88707
8,436,437000,88707
8,437,438000,88707
8,438,439000,88707
8,439,440000,88707
8,440,441000,88707
8,441,442000,88707
8,442,443000,88707
8,443,444000,88707
8,444,445000,88707
8,445,446000,88707
8,446,447000,88707
8,447,448000,88707
8,448,449000,88707
8,449,450000,88707
8,450,451000,88707
8,451,452000,88707
8,452,453000,88707
8,453,454000,88707
8,454,455000,88707
8,455,456000,88707
8,456,457000,88707
8,457,458000,88707
8,458,459000,88707
8,459,460000,88707
8,460,461000,88707
8,461,462000,88707
8,462,463000,88707
8,463,464000,88707
8,464,465000,88707
8,465,466000,88707
8,466,467000,88707
8,467,468000,88707
8,468,469000,88707
8,469,470000,88707
8,470,471000,88707
8,471,472000,88707
8,472,473000,88707
8,473,474000,88707
8,474,475000,88707
8,475,476000,88707
8,476,477000,88707
8,477,478000,88707
8,478,479000,88707
8,479,480000,88707
8,480,481000,88707
8,481,482000,88713
8,482,483000,88713
8,483,484000,88713
8,484,485000,88713
8,485,486000,88713
8,486,487000,88714
8,487,488000,88714
8,488,489000,88714
8,489,490000,88714
8,490,491000,88714
8,491,492000,88714
8,492,493000,88714
8,493,494000,88714
8,494,495000,88714
8,495,496000,88714
8,496,497000,88714
8,497,498000,88714
8,498,499000,88714
8,499,500000,88714
8,500,501000,88714
8,501,502000,88714
8,502,503000,88714
8,503,504000,88714
8,504,505000,88714
8,505,506000,88714
8,506,507000,88714
8,507,508000,88714
8,508,509000,88714
8,509,510000,88714
8,510,511000,88714
8,511,512000,88714
8,512,513000,88714
8,513,514000,88714
8,514,515000,88714
8,515,516000,88714
8,516,517000,88714
8,517,518000,88714
8,518,519000,88714
8,519,520000,88714
8,520,521000,88714
8,521,522000,88714
8,522,523000,88714
8,523,524000,88714
8,524,525000,88714
8,525,526000,88714
8,526,527000,88714
8,527,528000,88714
8,528,529000,88714
8,529,530000,88714
8,530,531000,88714
8,531,532000,88714
8,532,533000,88718
8,533,534000,88718
8,534,535000,88718
8,535,536000,88718
8,536,537000,88718
8,537,538000,88718
8,538,539000,88718
8,539,540000,88718
8,540,541000,88718
8,541,542000,88718
8,542,543000,88718
8,543,544000,88718
8,544,545000,88718
8,545,546000,88718
8,546,547000,88718
8,547,548000,88718
8,548,549000,88718
8,549,550000,88718
8,550,551000,88718
8,551,552000,88718
8,552,553000,88718
8,553,554000,88718
8,554,555000,88718
8,555,556000,88718
8,556,557000,88718
8,557,558000,88718
8,558,559000,88718
8,559,560000,88718
8,560,561000,88718
8,561,562000,88718
8,562,563000,88718
8,563,564000,88718
8,564,565000,88718
8,565,566000,88718
8,566,567000,88718
8,567,568000,88718
8,568,569000,88718
8,569,570000,88718
8,570,571000,88718
8,571,572000,88718
8,572,573000,88718
8,573,574000,88718
8,574,575000,88718
8,575,576000,88718
8,576,577000,88718
8,577,578000,88718
8,578,579000,88718
8,579,580000,88718
8,580,581000,88718
8,581,582000,88718
8,582,583000,88718
8,583,584000,88718
8,584,585000,88718
8,585,586000,88718
8,586,587000,88718
8,587,588000,88718
8,588,589000,88718
8,589,590000,88718
8,590,591000,88718
8,591,592000,88718
8,592,593000,88718
8,593,594000,88718
8,594,595000,88718
8,595,596000,88718
8,596,597000,88718
8,597,598000,88718
8,598,599000,88718
8,599,600000,88718
8,600,601000,88718
8,601,602000,88718
8,602,603000,88718
8,603,604000,88718
8,604,605000,88718
8,605,606000,88718
8,606,607000,88718
8,607,608000,88718
8,608,609000,88718
8,609,610000,88718
8,610,611000,88718
8,611,612000,88718
8,612,613000,88718
8,613,614000,88718
8,614,615000,88718
8,615,616000,88718
8,616,617000,88718
8,617,618000,88718
8,618,619000,88718
8,619,620000,88718
8,620,621000,88718
8,621,622000,88718
8,622,623000,88718
8,623,624000,88718
8,624,625000,88718
8,625,626000,88718
8,626,627000,88718
8,627,628000,88718
8,628,629000,88718
8,629,630000,88718
8,630,631000,88718
8,631,632000,88718
8,632,633000,88718
8,633,634000,88718
8,634,635000,88718
8,635,636000,88720
8,636,637000,88720
8,637,638000,88721
8,638,639000,88736
8,639,640000,88736
8,640,641000,88736
8,641,642000,88736
8,642,643000,88736
8,643,644000,88736
8,644,645000,88736
8,645,646000,88736
8,646,647000,88736
8,647,648000,88736
8,648,649000,88736
8,649,650000,88736
8,650,651000,88736
8,651,652000,88736
8,652,653000,88736
8,653,654000,88736
8,654,655000,88736
8,655,656000,88736
8,656,657000,88736
8,657,658000,88736
8,658,659000,88736
8,659,660000,88736
8,660,661000,88736
8,661,662000,88736
8,662,663000,88736
8,663,664000,88736
8,664,665000,88736
8,665,666000,88736
8,666,667000,88736
8,667,668000,88736
8,668,669000,88736
8,669,670000,88736
8,670,671000,88736
8,671,672000,88736
8,672,673000,88736
8,673,674000,88736
8,674,675000,88736
8,675,676000,88736
8,676,677000,88736
8,677,678000,88736
8,678,679000,88736
8,679,680000,88736
8,680,681000,88736
8,681,682000,88736
8,682,683000,88736
8,683,684000,88736
8,684,685000,88736
8,685,686000,88736
8,686,687000,88736
8,687,688000,88736
8,688,689000,88736
8,689,690000,88736
8,690,691000,88736
8,691,692000,88736
8,692,693000,88736
8,693,694000,88736
8,694,695000,88736
8,695,696000,88736
8,696,697000,88736
8,697,698000,88736
8,698,699000,88736
8,699,700000,88736
8,700,701000,88736
8,701,702000,88736
8,702,703000,88736
8,703,704000,88736
8,704,705000,88736
8,705,706000,88736
8,706,707000,88736
8,707,708000,88736
8,708,709000,88736
8,709,710000,88736
8,710,711000,88736
8,711,712000,88736
8,712,713000,88736
8,713,714000,88736
8,714,715000,88736
8,715,716000,88736
8,716,717000,88736
8,717,718000,88736
8,718,719000,88736
8,719,720000,88736
8,720,721000,88736
8,721,722000,88736
8,722,723000,88736
8,723,724000,88736
8,724,725000,88736
8,725,726000,88736
8,726,727000,88736
8,727,728000,88736
8,728,729000,88736
8,729,730000,88736
8,730,731000,88736
8,731,732000,88736
8,732,733000,88736
8,733,734000,88736
8,734,735000,88736
8,735,736000,88736
8,736,737000,88736
8,737,738000,88736
8,738,739000,88736
8,739,740000,88736
8,740,741000,88736
8,741,742000,88736
8,742,743000,88736
8,743,744000,88736
8,744,745000,88736
8,745,746000,88736
8,746,747000,88736
8,747,748000,88736
8,748,749000,88736
8,749,750000,88736
8,750,751000,88736
8,751,752000,88736
8,752,753000,88736
8,753,754000,88736
8,754,755000,88736
8,755,756000,88736
8,756,757000,88736
8,757,758000,88736
8,758,759000,88736
8,759,760000,88736
8,760,761000,88736
8,761,762000,88736
8,762,763000,88736
8,763,764000,88736
8,764,765000,88736
8,765,766000,88736
8,766,767000,88736
8,767,768000,88736
8,768,769000,88736
8,769,770000,88736
8,770,771000,88736
8,771,772000,88736
8,772,773000,88736
8,773,774000,88736
8,774,775000,88736
8,775,776000,88736
8,776,777000,88736
8,777,778000,88736
8,778,779000,88736
8,779,780000,88736
8,780,781000,88736
8,781,782000,88736
8,782,783000,88736
8,783,784000,88736
8,784,785000,88736
8,785,786000,88736
8,786,787000,88736
8,787,788000,88736
8,788,789000,88736
8,789,790000,88736
8,790,791000,88736
8,791,792000,88736
8,792,793000,88736
8,793,794000,88736
8,794,795000,88736
8,795,796000,88736
8,796,797000,88736
8,797,798000,88736
8,798,799000,88736
8,799,800000,88736
8,800,801000,88736
8,801,802000,88736
8,802,803000,88736
8,803,804000,88736
8,804,805000,88736
8,805,806000,88736
8,806,807000,88736
8,807,808000,88736
8,808,809000,88736
8,809,810000,88736
8,810,811000,88736
8,811,812000,88736
8,812,813000,88736
8,813,814000,88736
8,814,815000,88736
8,815,816000,88736
8,816,817000,88736
8,817,818000,88736
8,818,819000,88736
8,819,820000,88736
8,820,821000,88736
8,821,822000,88736
8,822,823000,88736
8,823,824000,88736
8,824,825000,88736
8,825,826000,88736
8,826,827000,88736
8,827,828000,88736
8,828,829000,88736
8,829,830000,88736
8,830,831000,88736
8,831,832000,88736
8,832,833000,88736
8,833,834000,88736
8,834,835000,88736
8,835,836000,88736
8,836,837000,88736
8,837,838000,88736
8,838,839000,88736
8,839,840000,88736
8,840,841000,88736
8,841,842000,88736
8,842,843000,88736
8,843,844000,88736
8,844,845000,88736
8,845,846000,88736
8,846,847000,88736
8,847,848000,88736
8,848,849000,88736
8,849,850000,88736
8,850,851000,88736
8,851,852000,88736
8,852,853000,88736
8,853,854000,88736
8,854,855000,88736
8,855,856000,88736
8,856,857000,88736
8,857,858000,88736
8,858,859000,88736
8,859,860000,88736
8,860,861000,88736
8,861,862000,88736
8,862,863000,88736
8,863,864000,88736
8,864,865000,88736
8,865,866000,88736
8,866,867000,88736
8,867,868000,88736
8,868,869000,88736
8,869,870000,88736
8,870,871000,88736
8,871,872000,88736
8,872,873000,88736
8,873,874000,88736
8,874,875000,88736
8,875,876000,88736
8,876,877000,88736
8,877,878000,88736
8,878,879000,88736
8,879,880000,88736
8,880,881000,88736
8,881,882000,88736
8,882,883000,88736
8,883,884000,88736
8,884,885000,88736
8,885,886000,88736
8,886,887000,88736
8,887,888000,88736
8,888,889000,88736
8,889,890000,88736
8,890,891000,88736
8,891,892000,88736
8,892,893000,88736
8,893,894000,88736
8,894,895000,88736
8,895,896000,88736
8,896,897000,88736
8,897,898000,88736
8,898,899000,88736
8,899,900000,88736
8,900,901000,88736
8,901,902000,88736
8,902,903000,88736
8,903,904000,88736
8,904,905000,88736
8,905,906000,88736
8,906,907000,88736
8,907,908000,88736
8,908,909000,88736
8,909,910000,88736
8,910,911000,88736
8,911,912000,88736
8,912,913000,88736
8,913,914000,88736
8,914,915000,88736
8,915,916000,88736
8,916,917000,88736
8,917,918000,88736
8,918,919000,88736
8,919,920000,88736
8,920,921000,88736
8,921,922000,88736
8,922,923000,88736
8,923,924000,88736
8,924,925000,88736
8,925,926000,88736
8,926,927000,88736
8,927,928000,88736
8,928,929000,88736
8,929,930000,88736
8,930,931000,88736
8,931,932000,88736
8,932,933000,88736
8,933,934000,88736
8,934,935000,88736
8,935,936000,88736
8,936,937000,88736
8,937,938000,88736
8,938,939000,88736
8,939,940000,88736
8,940,941000,88736
8,941,942000,88736
8,942,943000,88736
8,943,944000,88736
8,944,945000,88736
8,945,946000,88736
8,946,947000,88736
8,947,948000,88736
8,948,949000,88736
8,949,950000,88736
8,950,951000,88736
8,951,952000,88736
8,952,953000,88736
8,953,954000,88736
8,954,955000,88736
8,955,956000,88736
8,956,957000,88736
8,957,958000,88736
8,958,959000,88736
8,959,960000,88736
8,960,961000,88736
8,961,962000,88736
8,962,963000,88736
8,963,964000,88736
8,964,965000,88736
8,965,966000,88736
8,966,967000,88736
8,967,968000,88736
8,968,969000,88736
8,969,970000,88736
8,970,971000,88736
8,971,972000,88736
8,972,973000,88736
8,973,974000,88736
8,974,975000,88736
8,975,976000,88736
8,976,977000,88736
8,977,978000,88736
8,978,979000,88736
8,979,980000,88736
8,980,981000,88736
8,981,982000,88736
8,982,983000,88736
8,983,984000,88736
8,984,985000,88736
8,985,986000,88736
8,986,987000,88736
8,987,988000,88736
8,988,989000,88736
8,989,990000,88736
8,990,991000,88736
8,991,992000,88736
8,992,993000,88736
8,993,994000,88736
8,994,995000,88736
8,995,996000,88736
8,996,997000,88736
8,997,998000,88736
8,998,999000,88736
8,999,1000000,88736
9,0,1000,73800
9,1,2000,76672
9,2,3000,78853
9,3,4000,80127
9,4,5000,80468
9,5,6000,81141
9,6,7000,82019
9,7,8000,82471
9,8,9000,82723
9,9,10000,83755
9,10,11000,83987
9,11,12000,84288
9,12,13000,84632
9,13,14000,84808
9,14,15000,84887
9,15,16000,85058
9,16,17000,85101
9,17,18000,85301
9,18,19000,85305
9,19,20000,85558
9,20,21000,85944
9,21,22000,86091
9,22,23000,86209
9,23,24000,86246
9,24,25000,86311
9,25,26000,86371
9,26,27000,86577
9,27,28000,86577
9,28,29000,86577
9,29,30000,86594
9,30,31000,86637
9,31,32000,86743
9,32,33000,86831
9,33,34000,86844
9,34,35000,86983
9,35,36000,86987
9,36,37000,87142
9,37,38000,87331
9,38,39000,87339
9,39,40000,87469
9,40,41000,87470
9,41,42000,87470
9,42,43000,87496
9,43,44000,87534
9,44,45000,87547
9,45,46000,87635
9,46,47000,87669
9,47,48000,87701
9,48,49000,87765
9,49,50000,87766
9,50,51000,87801
9,51,52000,87801
9,52,53000,87872
9,53,54000,87906
9,54,55000,87920
9,55,56000,87933
9,56,57000,87970
9,57,58000,87970
9,58,59000,87970
9,59,60000,88003
9,60,61000,88009
9,61,62000,88024
9,62,63000,88064
9,63,64000,88082
9,64,65000,88104
9,65,66000,88123
9,66,67000,88125
9,67,68000,88130
9,68,69000,88148
9,69,70000,88165
9,70,71000,88183
9,71,72000,88198
9,72,73000,88242
9,73,74000,88261
9,74,75000,88264
9,75,76000,88300
9,76,77000,88301
9,77,78000,88304
9,78,79000,88338
9,79,80000,88348
9,80,81000,88351
9,81,82000,88359
9,82,83000,88364
9,83,84000,88364
9,84,85000,88385
9,85,86000,88385
9,86,87000,88387
9,87,88000,88395
9,88,89000,88404
9,89,90000,88408
9,90,91000,88418
9,91,92000,88426
9,92,93000,88426
9,93,94000,88427
9,94,95000,88431
9,95,96000,88434
9,96,97000,88436
9,97,98000,88440
9,98,99000,88440
9,99,100000,88445
9,100,101000,88457
9,101,102000,88460
9,102,103000,88461
9,103,104000,88464
9,104,105000,88470
9,105,106000,88489
9,106,107000,88489
9,107,108000,88494
9,108,109000,88501
9,109,110000,88501
9,110,111000,88503
9,111,112000,88507
9,112,113000,88509
9,113,114000,88513
9,114,115000,88514
9,115,116000,88514
9,116,117000,88518
9,117,118000,88523
9,118,119000,88523
9,119,120000,88523
9,120,121000,88523
9,121,122000,88523
9,122,123000,88524
9,123,124000,88524
9,124,125000,88525
9,125,126000,88527
9,126,127000,88533
9,127,128000,88533
9,128,129000,88536
9,129,130000,88536
9,130,131000,88539
9,131,132000,88539
9,132,133000,88539
9,133,134000,88540
9,134,135000,88540
9,135,136000,88540
9,136,137000,88540
9,137,138000,88540
9,138,139000,88540
9,139,140000,88540
9,140,141000,88540
9,141,142000,88540
9,142,143000,88540
9,143,144000,88540
9,144,145000,88540
9,145,146000,88548
9,146,147000,88548
9,147,148000,88548
9,148,149000,88548
9,149,150000,88548
9,150,151000,88548
9,151,152000,88548
9,152,153000,88548
9,153,154000,88561
9,154,155000,88561
9,155,156000,88561
9,156,157000,88570
9,157,158000,88570
9,158,159000,88577
9,159,160000,88578
9,160,161000,88586
9,161,162000,88587
9,162,163000,88587
9,163,164000,88587
9,164,165000,88587
9,165,166000,88592
9,166,167000,88592
9,167,168000,88592
9,168,169000,88593
9,169,170000,88600
9,170,171000,88600
9,171,172000,88603
9,172,173000,88603
9,173,174000,88605
9,174,175000,88608
9,175,176000,88608
9,176,177000,88608
9,177,178000,88610
9,178,179000,88613
9,179,180000,88613
9,180,181000,88614
9,181,182000,88622
9,182,183000,88623
9,183,184000,88628
9,184,185000,88631
9,185,186000,88638
9,186,187000,88638
9,187,188000,88638
9,188,189000,88641
9,189,190000,88641
9,190,191000,88641
9,191,192000,88642
9,192,193000,88647
9,193,194000,88647
9,194,195000,88651
9,195,196000,88651
9,196,197000,88656
9,197,198000,88669
9,198,199000,88672
9,199,200000,88674
9,200,201000,88681
9,201,202000,88684
9,202,203000,88684
9,203,204000,88691
9,204,205000,88691
9,205,206000,88691
9,206,207000,88691
9,207,208000,88691
9,208,209000,88693
9,209,210000,88693
9,210,211000,88693
9,211,212000,88697
9,212,213000,88697
9,213,214000,88697
9,214,215000,88706
9,215,216000,88706
9,216,217000,88706
9,217,218000,88706
9,218,219000,88706
9,219,220000,88706
9,220,221000,88706
9,221,222000,88706
9,222,223000,88706
9,223,224000,88706
9,224,225000,88706
9,225,226000,88706
9,226,227000,88706
9,227,228000,88706
9,228,229000,88706
9,229,230000,88706
9,230,231000,88706
9,231,232000,88706
9,232,233000,88706
9,233,234000,88706
9,234,235000,88706
9,235,236000,88710
9,236,237000,88710
9,237,238000,88710
9,238,239000,88710
9,239,240000,88710
9,240,241000,88710
9,241,242000,88710
9,242,243000,88710
9,243,244000,88710
9,244,245000,88710
9,245,246000,88710
9,246,247000,88710
9,247,248000,88710
9,248,249000,88710
9,249,250000,88710
9,250,251000,88710
9,251,252000,88721
9,252,253000,88721
9,253,254000,88721
9,254,255000,88721
9,255,256000,88721
9,256,257000,88721
9,257,258000,88721
9,258,259000,88721
9,259,260000,88721
9,260,261000,88721
9,261,262000,88730
9,262,263000,88730
9,263,264000,88730
9,264,265000,88730
9,265,266000,88734
9,266,267000,88734
9,267,268000,88734
9,268,269000,88734
9,269,270000,88734
9,270,271000,88734
9,271,272000,88734
9,272,273000,88734
9,273,274000,88734
9,274,275000,88734
9,275,276000,88734
9,276,277000,88734
9,277,278000,88734
9,278,279000,88734
9,279,280000,88734
9,280,281000,88734
9,281,282000,88734
9,282,283000,88734
9,283,284000,88734
9,284,285000,88734
9,285,286000,88738
9,286,287000,88738
9,287,288000,88738
9,288,289000,88738
9,289,290000,88738
9,290,291000,88738
9,291,292000,88738
9,292,293000,88738
9,293,294000,88738
9,294,295000,88738
9,295,296000,88738
9,296,297000,88738
9,297,298000,88738
9,298,299000,88738
9,299,300000,88738
9,300,301000,88738
9,301,302000,88738
9,302,303000,88738
9,303,304000,88738
9,304,305000,88738
9,305,306000,88738
9,306,307000,88738
9,307,308000,88738
9,308,309000,88738
9,309,310000,88738
9,310,311000,88738
9,311,312000,88738
9,312,313000,88738
9,313,314000,88738
9,314,315000,88738
9,315,316000,88738
9,316,317000,88742
9,317,318000,88742
9,318,319000,88742
9,319,320000,88742
9,320,321000,88742
9,321,322000,88742
9,322,323000,88742
9,323,324000,88742
9,324,325000,88742
9,325,326000,88742
9,326,327000,88742
9,327,328000,88742
9,328,329000,88742
9,329,330000,88742
9,330,331000,88742
9,331,332000,88742
9,332,333000,88742
9,333,334000,88742
9,334,335000,88742
9,335,336000,88742
9,336,337000,88742
9,337,338000,88742
9,338,339000,88742
9,339,340000,88742
9,340,341000,88742
9,341,342000,88742
9,342,343000,88742
9,343,344000,88742
9,344,345000,88742
9,345,346000,88742
9,346,347000,88742
9,347,348000,88746
9,348,349000,88746
9,349,350000,88746
9,350,351000,88746
9,351,352000,88746
9,352,353000,88746
9,353,354000,88746
9,354,355000,88746
9,355,356000,88746
9,356,357000,88746
9,357,358000,88746
9,358,359000,88746
9,359,360000,88746
9,360,361000,88746
9,361,362000,88746
9,362,363000,88746
9,363,364000,88746
9,364,365000,88746
9,365,366000,88746
9,366,367000,88746
9,367,368000,88746
9,368,369000,88746
9,369,370000,88746
9,370,371000,88746
9,371,372000,88746
9,372,373000,88746
9,373,374000,88746
9,374,375000,88746
9,375,376000,88746
9,376,377000,88746
9,377,378000,88746
9,378,379000,88746
9,379,380000,88746
9,380,381000,88746
9,381,382000,88750
9,382,383000,88750
9,383,384000,88750
9,384,385000,88750
9,385,386000,88750
9,386,387000,88750
9,387,388000,88750
9,388,389000,88750
9,389,390000,88750
9,390,391000,88750
9,391,392000,88750
9,392,393000,88750
9,393,394000,88750
9,394,395000,88750
9,395,396000,88750
9,396,397000,88750
9,397,398000,88750
9,398,399000,88750
9,399,400000,88750
9,400,401000,88750
9,401,402000,88750
9,402,403000,88750
9,403,404000,88750
9,404,405000,88761
9,405,406000,88761
9,406,407000,88761
9,407,408000,88761
9,408,409000,88761
9,409,410000,88761
9,410,411000,88761
9,411,412000,88761
9,412,413000,88761
9,413,414000,88761
9,414,415000,88761
9,415,416000,88761
9,416,417000,88761
9,417,418000,88761
9,418,419000,88761
9,419,420000,88761
9,420,421000,88761
9,421,422000,88761
9,422,423000,88761
9,423,424000,88761
9,424,425000,88761
9,425,426000,88761
9,426,427000,88761
9,427,428000,88761
9,428,429000,88761
9,429,430000,88761
9,430,431000,88761
9,431,432000,88761
9,432,433000,88761
9,433,434000,88761
9,434,435000,88761
9,435,436000,88761
9,436,437000,88761
9,437,438000,88761
9,438,439000,88761
9,439,440000,88761
9,440,441000,88761
9,441,442000,88761
9,442,443000,88761
9,443,444000,88761
9,444,445000,88761
9,445,446000,88770
9,446,447000,88770
9,447,448000,88770
9,448,449000,88770
9,449,450000,88770
9,450,451000,88770
9,451,452000,88770
9,452,453000,88770
9,453,454000,88770
9,454,455000,88770
9,455,456000,88770
9,456,457000,88770
9,457,458000,88770
9,458,459000,88770
9,459,460000,88770
9,460,461000,88770
9,461,462000,88770
9,462,463000,88770
9,463,464000,88770
9,464,465000,88770
9,465,466000,88772
9,466,467000,88772
9,467,468000,88772
9,468,469000,88772
9,469,470000,88772
9,470,471000,88781
9,471,472000,88781
9,472,473000,88781
9,473,474000,88781
9,474,475000,88781
9,475,476000,88781
9,476,477000,88781
9,477,478000,88781
9,478,479000,88781
9,479,480000,88781
9,480,481000,88781
9,481,482000,88781
9,482,483000,88781
9,483,484000,88781
9,484,485000,88781
9,485,486000,88781
9,486,487000,88781
9,487,488000,88781
9,488,489000,88781
9,489,490000,88781
9,490,491000,88781
9,491,492000,88781
9,492,493000,88781
9,493,494000,88781
9,494,495000,88781
9,495,496000,88781
9,496,497000,88781
9,497,498000,88781
9,498,499000,88781
9,499,500000,88781
9,500,501000,88781
9,501,502000,88781
9,502,503000,88781
9,503,504000,88781
9,504,505000,88781
9,505,506000,88781
9,506,507000,88781
9,507,508000,88781
9,508,509000,88781
9,509,510000,88781
9,510,511000,88781
9,511,512000,88781
9,512,513000,88781
9,513,514000,88781
9,514,515000,88781
9,515,516000,88781
9,516,517000,88781
9,517,518000,88781
9,518,519000,88781
9,519,520000,88781
9,520,521000,88781
9,521,522000,88781
9,522,523000,88781
9,523,524000,88781
9,524,525000,88781
9,525,526000,88781
9,526,527000,88781
9,527,528000,88781
9,528,529000,88781
9,529,530000,88781
9,530,531000,88781
9,531,532000,88781
9,532,533000,88781
9,533,534000,88781
9,534,535000,88781
9,535,536000,88781
9,536,537000,88781
9,537,538000,88781
9,538,539000,88781
9,539,540000,88781
9,540,541000,88781
9,541,542000,88781
9,542,543000,88781
9,543,544000,88781
9,544,545000,88781
9,545,546000,88781
9,546,547000,88781
9,547,548000,88781
9,548,549000,88781
9,549,550000,88781
9,550,551000,88781
9,551,552000,88781
9,552,553000,88781
9,553,554000,88781
9,554,555000,88781
9,555,556000,88781
9,556,557000,88781
9,557,558000,88781
9,558,559000,88781
9,559,560000,88781
9,560,561000,88781
9,561,562000,88781
9,562,563000,88781
9,563,564000,88781
9,564,565000,88781
9,565,566000,88781
9,566,567000,88781
9,567,568000,88781
9,568,569000,88781
9,569,570000,88781
9,570,571000,88781
9,571,572000,88781
9,572,573000,88781
9,573,574000,88781
9,574,575000,88781
9,575,576000,88781
9,576,577000,88781
9,577,578000,88781
9,578,579000,88781
9,579,580000,88781
9,580,581000,88781
9,581,582000,88781
9,582,583000,88781
9,583,584000,88781
9,584,585000,88781
9,585,586000,88781
9,586,587000,88781
9,587,588000,88781
9,588,589000,88781
9,589,590000,88781
9,590,591000,88781
9,591,592000,88781
9,592,593000,88781
9,593,594000,88781
9,594,595000,88781
9,595,596000,88781
9,596,597000,88781
9,597,598000,88781
9,598,599000,88781
9,599,600000,88781
9,600,601000,88781
9,601,602000,88781
9,602,603000,88781
9,603,604000,88781
9,604,605000,88781
9,605,606000,88781
9,606,607000,88781
9,607,608000,88781
9,608,609000,88781
9,609,610000,88781
9,610,611000,88781
9,611,612000,88781
9,612,613000,88781
9,613,614000,88781
9,614,615000,88781
9,615,616000,88781
9,616,617000,88781
9,617,618000,88781
9,618,619000,88781
9,619,620000,88781
9,620,621000,88781
9,621,622000,88781
9,622,623000,88781
9,623,624000,88781
9,624,625000,88781
9,625,626000,88781
9,626,627000,88781
9,627,628000,88781
9,628,629000,88781
9,629,630000,88781
9,630,631000,88781
9,631,632000,88781
9,632,633000,88781
9,633,634000,88781
9,634,635000,88781
9,635,636000,88781
9,636,637000,88781
9,637,638000,88781
9,638,639000,88781
9,639,640000,88781
9,640,641000,88781
9,641,642000,88785
9,642,643000,88785
9,643,644000,88785
9,644,645000,88785
9,645,646000,88785
9,646,647000,88785
9,647,648000,88785
9,648,649000,88785
9,649,650000,88785
9,650,651000,88785
9,651,652000,88785
9,652,653000,88785
9,653,654000,88785
9,654,655000,88785
9,655,656000,88785
9,656,657000,88785
9,657,658000,88785
9,658,659000,88785
9,659,660000,88785
9,660,661000,88785
9,661,662000,88785
9,662,663000,88785
9,663,664000,88785
9,664,665000,88785
9,665,666000,88785
9,666,667000,88785
9,667,668000,88785
9,668,669000,88785
9,669,670000,88785
9,670,671000,88785
9,671,672000,88785
9,672,673000,88785
9,673,674000,88785
9,674,675000,88785
9,675,676000,88785
9,676,677000,88785
9,677,678000,88785
9,678,679000,88785
9,679,680000,88785
9,680,681000,88785
9,681,682000,88785
9,682,683000,88785
9,683,684000,88785
9,684,685000,88785
9,685,686000,88785
9,686,687000,88785
9,687,688000,88785
9,688,689000,88785
9,689,690000,88785
9,690,691000,88785
9,691,692000,88785
9,692,693000,88785
9,693,694000,88785
9,694,695000,88785
9,695,696000,88785
9,696,697000,88785
9,697,698000,88785
9,698,699000,88785
9,699,700000,88785
9,700,701000,88785
9,701,702000,88785
9,702,703000,88785
9,703,704000,88785
9,704,705000,88785
9,705,706000,88785
9,706,707000,88785
9,707,708000,88785
9,708,709000,88785
9,709,710000,88785
9,710,711000,88785
9,711,712000,88785
9,712,713000,88785
9,713,714000,88785
9,714,715000,88785
9,715,716000,88785
9,716,717000,88785
9,717,718000,88785
9,718,719000,88785
9,719,720000,88785
9,720,721000,88785
9,721,722000,88785
9,722,723000,88785
9,723,724000,88785
9,724,725000,88785
9,725,726000,88785
9,726,727000,88785
9,727,728000,88785
9,728,729000,88785
9,729,730000,88785
9,730,731000,88785
9,731,732000,88785
9,732,733000,88785
9,733,734000,88785
9,734,735000,88785
9,735,736000,88785
9,736,737000,88785
9,737,738000,88785
9,738,739000,88785
9,739,740000,88785
9,740,741000,88785
9,741,742000,88785
9,742,743000,88785
9,743,744000,88785
9,744,745000,88785
9,745,746000,88785
9,746,747000,88785
9,747,748000,88785
9,748,749000,88785
9,749,750000,88785
9,750,751000,88785
9,751,752000,88785
9,752,753000,88785
9,753,754000,88785
9,754,755000,88785
9,755,756000,88785
9,756,757000,88785
9,757,758000,88785
9,758,759000,88785
9,759,760000,88785
9,760,761000,88785
9,761,762000,88785
9,762,763000,88785
9,763,764000,88785
9,764,765000,88785
9,765,766000,88785
9,766,767000,88785
9,767,768000,88785
9,768,769000,88785
9,769,770000,88785
9,770,771000,88785
9,771,772000,88785
9,772,773000,88785
9,773,774000,88785
9,774,775000,88785
9,775,776000,88785
9,776,777000,88785
9,777,778000,88785
9,778,779000,88785
9,779,780000,88785
9,780,781000,88785
9,781,782000,88785
9,782,783000,88785
9,783,784000,88785
9,784,785000,88785
9,785,786000,88785
9,786,787000,88785
9,787,788000,88785
9,788,789000,88785
9,789,790000,88785
9,790,791000,88785
9,791,792000,88785
9,792,793000,88785
9,793,794000,88785
9,794,795000,88785
9,795,796000,88785
9,796,797000,88785
9,797,798000,88785
9,798,799000,88785
9,799,800000,88785
9,800,801000,88785
9,801,802000,88785
9,802,803000,88785
9,803,804000,88785
9,804,805000,88785
9,805,806000,88785
9,806,807000,88785
9,807,808000,88785
9,808,809000,88785
9,809,810000,88785
9,810,811000,88785
9,811,812000,88785
9,812,813000,88785
9,813,814000,88785
9,814,815000,88785
9,815,816000,88785
9,816,817000,88785
9,817,818000,88785
9,818,819000,88785
9,819,820000,88785
9,820,821000,88785
9,821,822000,88785
9,822,823000,88785
9,823,824000,88785
9,824,825000,88785
9,825,826000,88785
9,826,827000,88785
9,827,828000,88785
9,828,829000,88785
9,829,830000,88785
9,830,831000,88785
9,831,832000,88785
9,832,833000,88785
9,833,834000,88785
9,834,835000,88785
9,835,836000,88785
9,836,837000,88785
9,837,838000,88785
9,838,839000,88785
9,839,840000,88785
9,840,841000,88785
9,841,842000,88785
9,842,843000,88785
9,843,844000,88785
9,844,845000,88785
9,845,846000,88785
9,846,847000,88785
9,847,848000,88785
9,848,849000,88785
9,849,850000,88785
9,850,851000,88785
9,851,852000,88785
9,852,853000,88785
9,853,854000,88785
9,854,855000,88785
9,855,856000,88785
9,856,857000,88785
9,857,858000,88785
9,858,859000,88785
9,859,860000,88785
9,860,861000,88785
9,861,862000,88785
9,862,863000,88785
9,863,864000,88785
9,864,865000,88785
9,865,866000,88785
9,866,867000,88785
9,867,868000,88785
9,868,869000,88785
9,869,870000,88785
9,870,871000,88785
9,871,872000,88785
9,872,873000,88785
9,873,874000,88785
9,874,875000,88785
9,875,876000,88785
9,876,877000,88785
9,877,878000,88785
9,878,879000,88785
9,879,880000,88785
9,880,881000,88785
9,881,882000,88785
9,882,883000,88785
9,883,884000,88785
9,884,885000,88785
9,885,886000,88785
9,886,887000,88785
9,887,888000,88785
9,888,889000,88785
9,889,890000,88785
9,890,891000,88785
9,891,892000,88785
9,892,893000,88785
9,893,894000,88785
9,894,895000,88785
9,895,896000,88785
9,896,897000,88785
9,897,898000,88785
9,898,899000,88785
9,899,900000,88785
9,900,901000,88785
9,901,902000,88785
9,902,903000,88785
9,903,904000,88785
9,904,905000,88785
9,905,906000,88785
9,906,907000,88785
9,907,908000,88785
9,908,909000,88785
9,909,910000,88785
9,910,911000,88785
9,911,912000,88785
9,912,913000,88785
9,913,914000,88785
9,914,915000,88785
9,915,916000,88785
9,916,917000,88785
9,917,918000,88785
9,918,919000,88785
9,919,920000,88785
9,920,921000,88785
9,921,922000,88785
9,922,923000,88785
9,923,924000,88785
9,924,925000,88785
9,925,926000,88785
9,926,927000,88785
9,927,928000,88785
9,928,929000,88785
9,929,930000,88785
9,930,931000,88785
9,931,932000,88785
9,932,933000,88785
9,933,934000,88785
9,934,935000,88785
9,935,936000,88785
9,936,937000,88785
9,937,938000,88785
9,938,939000,88785
9,939,940000,88785
9,940,941000,88785
9,941,942000,88785
9,942,943000,88785
9,943,944000,88785
9,944,945000,88785
9,945,946000,88785
9,946,947000,88785
9,947,948000,88785
9,948,949000,88785
9,949,950000,88785
9,950,951000,88785
9,951,952000,88785
9,952,953000,88785
9,953,954000,88785
9,954,955000,88785
9,955,956000,88785
9,956,957000,88785
9,957,958000,88785
9,958,959000,88785
9,959,960000,88785
9,960,961000,88785
9,961,962000,88785
9,962,963000,88785
9,963,964000,88785
9,964,965000,88785
9,965,966000,88785
9,966,967000,88785
9,967,968000,88785
9,968,969000,88785
9,969,970000,88785
9,970,971000,88785
9,971,972000,88785
9,972,973000,88785
9,973,974000,88785
9,974,975000,88785
9,975,976000,88785
9,976,977000,88785
9,977,978000,88785
9,978,979000,88785
9,979,980000,88785
9,980,981000,88785
9,981,982000,88785
9,982,983000,88785
9,983,984000,88785
9,984,985000,88785
9,985,986000,88785
9,986,987000,88785
9,987,988000,88785
9,988,989000,88785
9,989,990000,88785
9,990,991000,88785
9,991,992000,88785
9,992,993000,88785
9,993,994000,88785
9,994,995000,88785
9,995,996000,88785
9,996,997000,88785
9,997,998000,88785
9,998,999000,88785
9,999,1000000,88785
10,0,1000,73210
10,1,2000,75727
10,2,3000,77636
10,3,4000,78379
10,4,5000,79734
10,5,6000,80433
10,6,7000,80959
10,7,8000,82024
10,8,9000,82598
10,9,10000,82743
10,10,11000,83417
10,11,12000,83657
10,12,13000,83908
10,13,14000,84256
10,14,15000,84518
10,15,16000,84875
10,16,17000,85360
10,17,18000,85396
10,18,19000,85614
10,19,20000,85623
10,20,21000,85746
10,21,22000,85974
10,22,23000,86021
10,23,24000,86079
10,24,25000,86204
10,25,26000,86204
10,26,27000,86379
10,27,28000,86568
10,28,29000,86637
10,29,30000,86741
10,30,31000,86747
10,31,32000,86873
10,32,33000,86881
10,33,34000,86955
10,34,35000,86996
10,35,36000,87004
10,36,37000,87103
10,37,38000,87149
10,38,39000,87188
10,39,40000,87210
10,40,41000,87298
10,41,42000,87298
10,42,43000,87365
10,43,44000,87427
10,44,45000,87468
10,45,46000,87526
10,46,47000,87550
10,47,48000,87584
10,48,49000,87593
10,49,50000,87609
10,50,51000,87620
10,51,52000,87656
10,52,53000,87672
10,53,54000,87672
10,54,55000,87715
10,55,56000,87715
10,56,57000,87775
10,57,58000,87798
10,58,59000,87844
10,59,60000,87844
10,60,61000,87844
10,61,62000,87848
10,62,63000,87872
10,63,64000,87872
10,64,65000,87894
10,65,66000,87897
10,66,67000,87905
10,67,68000,87938
10,68,69000,87941
10,69,70000,87950
10,70,71000,87960
10,71,72000,87996
10,72,73000,88007
10,73,74000,88013
10,74,75000,88086
10,75,76000,88093
10,76,77000,88112
10,77,78000,88116
10,78,79000,88129
10,79,80000,88141
10,80,81000,88154
10,81,82000,88167
10,82,83000,88171
10,83,84000,88175
10,84,85000,88189
10,85,86000,88216
10,86,87000,88216
10,87,88000,88223
10,88,89000,88228
10,89,90000,88232
10,90,91000,88235
10,91,92000,88242
10,92,93000,88245
10,93,94000,88256
10,94,95000,88263
10,95,96000,88280
10,96,97000,88293
10,97,98000,88309
10,98,99000,88312
10,99,100000,88312
10,100,101000,88314
10,101,102000,88320
10,102,103000,88324
10,103,104000,88332
10,104,105000,88337
10,105,106000,88346
10,106,107000,88347
10,107,108000,88350
10,108,109000,88356
10,109,110000,88366
10,110,111000,88366
10,111,112000,88374
10,112,113000,88374
10,113,114000,88377
10,114,115000,88392
10,115,116000,88395
10,116,117000,88402
10,117,118000,88403
10,118,119000,88416
10,119,120000,88416
10,120,121000,88416
10,121,122000,88417
10,122,123000,88425
10,123,124000,88425
10,124,125000,88430
10,125,126000,88435
10,126,127000,88453
10,127,128000,88459
10,128,129000,88459
10,129,130000,88459
10,130,131000,88469
10,131,132000,88475
10,132,133000,88475
10,133,134000,88493
10,134,135000,88498
10,135,136000,88498
10,136,137000,88516
10,137,138000,88516
10,138,139000,88516
10,139,140000,88521
10,140,141000,88530
10,141,142000,88530
10,142,143000,88535
10,143,144000,88535
10,144,145000,88535
10,145,146000,88539
10,146,147000,88550
10,147,148000,88550
10,148,149000,88553
10,149,150000,88569
10,150,151000,88569
10,151,152000,88569
10,152,153000,88571
10,153,154000,88571
10,154,155000,88571
10,155,156000,88571
10,156,157000,88574
10,157,158000,88576
10,158,159000,88577
10,159,160000,88579
10,160,161000,88579
10,161,162000,88580
10,162,163000,88597
10,163,164000,88597
10,164,165000,88600
10,165,166000,88600
10,166,167000,88600
10,167,168000,88600
10,168,169000,88600
10,169,170000,88609
10,170,171000,88609
10,171,172000,88609
10,172,173000,88609
10,173,174000,88609
10,174,175000,88609
10,175,176000,88609
10,176,177000,88609
10,177,178000,88609
10,178,179000,88609
10,179,180000,88609
10,180,181000,88609
10,181,182000,88609
10,182,183000,88609
10,183,184000,88609
10,184,185000,88609
10,185,186000,88609
10,186,187000,88609
10,187,188000,88609
10,188,189000,88609
10,189,190000,88609
10,190,191000,88609
10,191,192000,88609
10,192,193000,88609
10,193,194000,88609
10,194,195000,88609
10,195,196000,88609
10,196,197000,88615
10,197,198000,88615
10,198,199000,88615
10,199,200000,88615
10,200,201000,88615
10,201,202000,88615
10,202,203000,88615
10,203,204000,88620
10,204,205000,88623
10,205,206000,88623
10,206,207000,88623
10,207,208000,88627
10,208,209000,88627
10,209,210000,88627
10,210,211000,88627
10,211,212000,88627
10,212,213000,88627
10,213,214000,88627
10,214,215000,88627
10,215,216000,88627
10,216,217000,88627
10,217,218000,88627
10,218,219000,88627
10,219,220000,88627
10,220,221000,88627
10,221,222000,88629
10,222,223000,88629
10,223,224000,88629
10,224,225000,88629
10,225,226000,88653
10,226,227000,88653
10,227,228000,88653
10,228,229000,88653
10,229,230000,88653
10,230,231000,88653
10,231,232000,88653
10,232,233000,88653
10,233,234000,88653
10,234,235000,88653
10,235,236000,88653
10,236,237000,88653
10,237,238000,88653
10,238,239000,88653
10,239,240000,88653
10,240,241000,88655
10,241,242000,88655
10,242,243000,88655
10,243,244000,88655
10,244,245000,88655
10,245,246000,88655
10,246,247000,88655
10,247,248000,88655
10,248,249000,88655
10,249,250000,88655
10,250,251000,88660
10,251,252000,88660
10,252,253000,88660
10,253,254000,88663
10,254,255000,88683
10,255,256000,88683
10,256,257000,88683
10,257,258000,88683
10,258,259000,88683
10,259,260000,88683
10,260,261000,88683
10,261,262000,88683
10,262,263000,88683
10,263,264000,88683
10,264,265000,88687
10,265,266000,88687
10,266,267000,88687
10,267,268000,88687
10,268,269000,88687
10,269,270000,88687
10,270,271000,88687
10,271,272000,88687
10,272,273000,88687
10,273,274000,88687
10,274,275000,88687
10,275,276000,88687
10,276,277000,88687
10,277,278000,88687
10,278,279000,88687
10,279,280000,88687
10,280,281000,88687
10,281,282000,88687
10,282,283000,88687
10,283,284000,88687
10,284,285000,88691
10,285,286000,88691
10,286,287000,88691
10,287,288000,88691
10,288,289000,88691
10,289,290000,88691
10,290,291000,88691
10,291,292000,88691
10,292,293000,88691
10,293,294000,88691
10,294,295000,88691
10,295,296000,88691
10,296,297000,88691
10,297,298000,88691
10,298,299000,88691
10,299,300000,88691
10,300,301000,88691
10,301,302000,88691
10,302,303000,88691
10,303,304000,88691
10,304,305000,88691
10,305,306000,88691
10,306,307000,88691
10,307,308000,88691
10,308,309000,88691
10,309,310000,88691
10,310,311000,88691
10,311,312000,88691
10,312,313000,88691
10,313,314000,88691
10,314,315000,88691
10,315,316000,88691
10,316,317000,88691
10,317,318000,88691
10,318,319000,88691
10,319,320000,88691
10,320,321000,88691
10,321,322000,88691
10,322,323000,88691
10,323,324000,88691
10,324,325000,88691
10,325,326000,88691
10,326,327000,88691
10,327,328000,88691
10,328,329000,88691
10,329,330000,88691
10,330,331000,88691
10,331,332000,88691
10,332,333000,88691
10,333,334000,88691
10,334,335000,88691
10,335,336000,88691
10,336,337000,88691
10,337,338000,88691
10,338,339000,88691
10,339,340000,88691
10,340,341000,88691
10,341,342000,88691
10,342,343000,88691
10,343,344000,88691
10,344,345000,88691
10,345,346000,88691
10,346,347000,88691
10,347,348000,88691
10,348,349000,88691
10,349,350000,88691
10,350,351000,88691
10,351,352000,88691
10,352,353000,88691
10,353,354000,88691
10,354,355000,88691
10,355,356000,88691
10,356,357000,88691
10,357,358000,88691
10,358,359000,88691
10,359,360000,88691
10,360,361000,88691
10,361,362000,88691
10,362,363000,88691
10,363,364000,88691
10,364,365000,88691
10,365,366000,88691
10,366,367000,88691
10,367,368000,88691
10,368,369000,88691
10,369,370000,88695
10,370,371000,88695
10,371,372000,88695
10,372,373000,88695
10,373,374000,88695
10,374,375000,88695
10,375,376000,88695
10,376,377000,88695
10,377,378000,88695
10,378,379000,88695
10,379,380000,88695
10,380,381000,88699
10,381,382000,88699
10,382,383000,88699
10,383,384000,88699
10,384,385000,88699
10,385,386000,88699
10,386,387000,88699
10,387,388000,88699
10,388,389000,88699
10,389,390000,88699
10,390,391000,88699
10,391,392000,88699
10,392,393000,88699
10,393,394000,88699
10,394,395000,88710
10,395,396000,88710
10,396,397000,88710
10,397,398000,88710
10,398,399000,88710
10,399,400000,88710
10,400,401000,88710
10,401,402000,88710
10,402,403000,88710
10,403,404000,88710
10,404,405000,88710
10,405,406000,88710
10,406,407000,88710
10,407,408000,88710
10,408,409000,88710
10,409,410000,88710
10,410,411000,88710
10,411,412000,88710
10,412,413000,88710
10,413,414000,88710
10,414,415000,88710
10,415,416000,88710
10,416,417000,88710
10,417,418000,88710
10,418,419000,88710
10,419,420000,88710
10,420,421000,88710
10,421,422000,88710
10,422,423000,88710
10,423,424000,88710
10,424,425000,88710
10,425,426000,88710
10,426,427000,88710
10,427,428000,88710
10,428,429000,88710
10,429,430000,88710
10,430,431000,88710
10,431,432000,88710
10,432,433000,88710
10,433,434000,88710
10,434,435000,88710
10,435,436000,88710
10,436,437000,88710
10,437,438000,88710
10,438,439000,88710
10,439,440000,88710
10,440,441000,88710
10,441,442000,88710
10,442,443000,88710
10,443,444000,88710
10,444,445000,88710
10,445,446000,88710
10,446,447000,88710
10,447,448000,88710
10,448,449000,88710
10,449,450000,88710
10,450,451000,88710
10,451,452000,88710
10,452,453000,88710
10,453,454000,88710
10,454,455000,88710
10,455,456000,88710
10,456,457000,88710
10,457,458000,88710
10,458,459000,88710
10,459,460000,88710
10,460,461000,88710
10,461,462000,88710
10,462,463000,88710
10,463,464000,88710
10,464,465000,88710
10,465,466000,88710
10,466,467000,88710
10,467,468000,88710
10,468,469000,88710
10,469,470000,88710
10,470,471000,88710
10,471,472000,88710
10,472,473000,88710
10,473,474000,88710
10,474,475000,88719
10,475,476000,88719
10,476,477000,88719
10,477,478000,88721
10,478,479000,88721
10,479,480000,88727
10,480,481000,88727
10,481,482000,88727
10,482,483000,88727
10,483,484000,88727
10,484,485000,88730
10,485,486000,88730
10,486,487000,88738
10,487,488000,88738
10,488,489000,88738
10,489,490000,88738
10,490,491000,88738
10,491,492000,88738
10,492,493000,88738
10,493,494000,88738
10,494,495000,88738
10,495,496000,88738
10,496,497000,88738
10,497,498000,88738
10,498,499000,88738
10,499,500000,88738
10,500,501000,88738
10,501,502000,88738
10,502,503000,88738
10,503,504000,88738
10,504,505000,88738
10,505,506000,88738
10,506,507000,88738
10,507,508000,88738
10,508,509000,88738
10,509,510000,88738
10,510,511000,88738
10,511,512000,88738
10,512,513000,88738
10,513,514000,88738
10,514,515000,88738
10,515,516000,88738
10,516,517000,88738
10,517,518000,88738
10,518,519000,88738
10,519,520000,88738
10,520,521000,88738
10,521,522000,88738
10,522,523000,88738
10,523,524000,88738
10,524,525000,88738
10,525,526000,88738
10,526,527000,88738
10,527,528000,88738
10,528,529000,88738
10,529,530000,88738
10,530,531000,88738
10,531,532000,88738
10,532,533000,88738
10,533,534000,88738
10,534,535000,88738
10,535,536000,88738
10,536,537000,88738
10,537,538000,88738
10,538,539000,88738
10,539,540000,88738
10,540,541000,88738
10,541,542000,88738
10,542,543000,88738
10,543,544000,88738
10,544,545000,88738
10,545,546000,88738
10,546,547000,88738
10,547,548000,88738
10,548,549000,88738
10,549,550000,88738
10,550,551000,88738
10,551,552000,88738
10,552,553000,88738
10,553,554000,88738
10,554,555000,88738
10,555,556000,88738
10,556,557000,88738
10,557,558000,88738
10,558,559000,88738
10,559,560000,88738
10,560,561000,88738
10,561,562000,88738
10,562,563000,88742
10,563,564000,88742
10,564,565000,88742
10,565,566000,88742
10,566,567000,88742
10,567,568000,88742
10,568,569000,88742
10,569,570000,88742
10,570,571000,88742
10,571,572000,88742
10,572,573000,88742
10,573,574000,88742
10,574,575000,88742
10,575,576000,88742
10,576,577000,88742
10,577,578000,88742
10,578,579000,88742
10,579,580000,88742
10,580,581000,88742
10,581,582000,88742
10,582,583000,88742
10,583,584000,88742
10,584,585000,88742
10,585,586000,88742
10,586,587000,88742
10,587,588000,88742
10,588,589000,88742
10,589,590000,88742
10,590,591000,88742
10,591,592000,88742
10,592,593000,88742
10,593,594000,88742
10,594,595000,88742
10,595,596000,88742
10,596,597000,88742
10,597,598000,88742
10,598,599000,88742
10,599,600000,88742
10,600,601000,88742
10,601,602000,88742
10,602,603000,88742
10,603,604000,88742
10,604,605000,88742
10,605,606000,88742
10,606,607000,88742
10,607,608000,88742
10,608,609000,88742
10,609,610000,88742
10,610,611000,88742
10,611,612000,88742
10,612,613000,88742
10,613,614000,88742
10,614,615000,88742
10,615,616000,88742
10,616,617000,88742
10,617,618000,88742
10,618,619000,88742
10,619,620000,88742
10,620,621000,88742
10,621,622000,88742
10,622,623000,88742
10,623,624000,88742
10,624,625000,88742
10,625,626000,88742
10,626,627000,88742
10,627,628000,88742
10,628,629000,88742
10,629,630000,88742
10,630,631000,88742
10,631,632000,88742
10,632,633000,88742
10,633,634000,88742
10,634,635000,88742
10,635,636000,88742
10,636,637000,88742
10,637,638000,88742
10,638,639000,88742
10,639,640000,88742
10,640,641000,88742
10,641,642000,88742
10,642,643000,88742
10,643,644000,88742
10,644,645000,88742
10,645,646000,88742
10,646,647000,88742
10,647,648000,88742
10,648,649000,88742
10,649,650000,88742
10,650,651000,88742
10,651,652000,88742
10,652,653000,88742
10,653,654000,88742
10,654,655000,88742
10,655,656000,88742
10,656,657000,88742
10,657,658000,88742
10,658,659000,88742
10,659,660000,88742
10,660,661000,88742
10,661,662000,88742
10,662,663000,88742
10,663,664000,88742
10,664,665000,88742
10,665,666000,88742
10,666,667000,88742
10,667,668000,88742
10,668,669000,88742
10,669,670000,88742
10,670,671000,88742
10,671,672000,88742
10,672,673000,88742
10,673,674000,88742
10,674,675000,88742
10,675,676000,88742
10,676,677000,88742
10,677,678000,88742
10,678,679000,88742
10,679,680000,88742
10,680,681000,88742
10,681,682000,88742
10,682,683000,88742
10,683,684000,88742
10,684,685000,88742
10,685,686000,88742
10,686,687000,88742
10,687,688000,88742
10,688,689000,88742
10,689,690000,88742
10,690,691000,88742
10,691,692000,88742
10,692,693000,88742
10,693,694000,88742
10,694,695000,88742
10,695,696000,88742
10,696,697000,88742
10,697,698000,88742
10,698,699000,88742
10,699,700000,88742
10,700,701000,88742
10,701,702000,88742
10,702,703000,88742
10,703,704000,88742
10,704,705000,88742
10,705,706000,88742
10,706,707000,88742
10,707,708000,88742
10,708,709000,88742
10,709,710000,88742
10,710,711000,88742
10,711,712000,88742
10,712,713000,88742
10,713,714000,88742
10,714,715000,88742
10,715,716000,88742
10,716,717000,88742
10,717,718000,88742
10,718,719000,88742
10,719,720000,88742
10,720,721000,88742
10,721,722000,88742
10,722,723000,88742
10,723,724000,88742
10,724,725000,88742
10,725,726000,88742
10,726,727000,88742
10,727,728000,88742
10,728,729000,88742
10,729,730000,88742
10,730,731000,88742
10,731,732000,88742
10,732,733000,88742
10,733,734000,88742
10,734,735000,88742
10,735,736000,88742
10,736,737000,88742
10,737,738000,88742
10,738,739000,88742
10,739,740000,88742
10,740,741000,88742
10,741,742000,88742
10,742,743000,88742
10,743,744000,88742
10,744,745000,88742
10,745,746000,88742
10,746,747000,88742
10,747,748000,88742
10,748,749000,88742
10,749,750000,88742
10,750,751000,88742
10,751,752000,88742
10,752,753000,88742
10,753,754000,88742
10,754,755000,88742
10,755,756000,88742
10,756,757000,88742
10,757,758000,88742
10,758,759000,88742
10,759,760000,88742
10,760,761000,88742
10,761,762000,88742
10,762,763000,88742
10,763,764000,88742
10,764,765000,88742
10,765,766000,88742
10,766,767000,88742
10,767,768000,88742
10,768,769000,88742
10,769,770000,88742
10,770,771000,88742
10,771,772000,88742
10,772,773000,88742
10,773,774000,88742
10,774,775000,88742
10,775,776000,88742
10,776,777000,88742
10,777,778000,88742
10,778,779000,88742
10,779,780000,88742
10,780,781000,88742
10,781,782000,88742
10,782,783000,88742
10,783,784000,88742
10,784,785000,88742
10,785,786000,88742
10,786,787000,88742
10,787,788000,88742
10,788,789000,88742
10,789,790000,88742
10,790,791000,88742
10,791,792000,88742
10,792,793000,88742
10,793,794000,88742
10,794,795000,88742
10,795,796000,88742
10,796,797000,88742
10,797,798000,88742
10,798,799000,88742
10,799,800000,88742
10,800,801000,88742
10,801,802000,88742
10,802,803000,88742
10,803,804000,88742
10,804,805000,88742
10,805,806000,88742
10,806,807000,88742
10,807,808000,88742
10,808,809000,88742
10,809,810000,88742
10,810,811000,88742
10,811,812000,88742
10,812,813000,88742
10,813,814000,88742
10,814,815000,88742
10,815,816000,88742
10,816,817000,88742
10,817,818000,88742
10,818,819000,88742
10,819,820000,88742
10,820,821000,88742
10,821,822000,88742
10,822,823000,88742
10,823,824000,88742
10,824,825000,88742
10,825,826000,88742
10,826,827000,88742
10,827,828000,88742
10,828,829000,88742
10,829,830000,88742
10,830,831000,88742
10,831,832000,88742
10,832,833000,88742
10,833,834000,88742
10,834,835000,88742
10,835,836000,88742
10,836,837000,88742
10,837,838000,88742
10,838,839000,88742
10,839,840000,88742
10,840,841000,88742
10,841,842000,88742
10,842,843000,88742
10,843,844000,88742
10,844,845000,88742
10,845,846000,88742
10,846,847000,88742
10,847,848000,88742
10,848,849000,88742
10,849,850000,88742
10,850,851000,88742
10,851,852000,88742
10,852,853000,88742
10,853,854000,88742
10,854,855000,88742
10,855,856000,88742
10,856,857000,88742
10,857,858000,88742
10,858,859000,88742
10,859,860000,88742
10,860,861000,88742
10,861,862000,88742
10,862,863000,88742
10,863,864000,88742
10,864,865000,88742
10,865,866000,88742
10,866,867000,88742
10,867,868000,88742
10,868,869000,88742
10,869,870000,88742
10,870,871000,88742
10,871,872000,88742
10,872,873000,88742
10,873,874000,88742
10,874,875000,88742
10,875,876000,88742
10,876,877000,88742
10,877,878000,88742
10,878,879000,88742
10,879,880000,88742
10,880,881000,88742
10,881,882000,88742
10,882,883000,88742
10,883,884000,88742
10,884,885000,88742
10,885,886000,88742
10,886,887000,88742
10,887,888000,88742
10,888,889000,88742
10,889,890000,88742
10,890,891000,88742
10,891,892000,88742
10,892,893000,88742
10,893,894000,88742
10,894,895000,88742
10,895,896000,88742
10,896,897000,88742
10,897,898000,88742
10,898,899000,88742
10,899,900000,88742
10,900,901000,88742
10,901,902000,88742
10,902,903000,88742
10,903,904000,88742
10,904,905000,88742
10,905,906000,88742
10,906,907000,88742
10,907,908000,88742
10,908,909000,88742
10,909,910000,88742
10,910,911000,88742
10,911,912000,88742
10,912,913000,88742
10,913,914000,88742
10,914,915000,88742
10,915,916000,88742
10,916,917000,88742
10,917,918000,88742
10,918,919000,88742
10,919,920000,88742
10,920,921000,88742
10,921,922000,88742
10,922,923000,88742
10,923,924000,88742
10,924,925000,88742
10,925,926000,88742
10,926,927000,88742
10,927,928000,88742
10,928,929000,88742
10,929,930000,88742
10,930,931000,88742
10,931,932000,88742
10,932,933000,88742
10,933,934000,88742
10,934,935000,88742
10,935,936000,88742
10,936,937000,88742
10,937,938000,88742
10,938,939000,88742
10,939,940000,88742
10,940,941000,88742
10,941,942000,88742
10,942,943000,88742
10,943,944000,88742
10,944,945000,88742
10,945,946000,88742
10,946,947000,88742
10,947,948000,88742
10,948,949000,88742
10,949,950000,88742
10,950,951000,88742
10,951,952000,88742
10,952,953000,88742
10,953,954000,88742
10,954,955000,88742
10,955,956000,88742
10,956,957000,88742
10,957,958000,88742
10,958,959000,88742
10,959,960000,88742
10,960,961000,88742
10,961,962000,88742
10,962,963000,88742
10,963,964000,88742
10,964,965000,88742
10,965,966000,88742
10,966,967000,88742
10,967,968000,88742
10,968,969000,88742
10,969,970000,88742
10,970,971000,88742
10,971,972000,88742
10,972,973000,88742
10,973,974000,88742
10,974,975000,88742
10,975,976000,88742
10,976,977000,88742
10,977,978000,88742
10,978,979000,88742
10,979,980000,88742
10,980,981000,88742
10,981,982000,88742
10,982,983000,88742
10,983,984000,88742
10,984,985000,88742
10,985,986000,88742
10,986,987000,88742
10,987,988000,88742
10,988,989000,88742
10,989,990000,88742
10,990,991000,88742
10,991,992000,88742
10,992,993000,88742
10,993,994000,88742
10,994,995000,88742
10,995,996000,88742
10,996,997000,88742
10,997,998000,88742
10,998,999000,88742
10,999,1000000,88742
11,0,1000,73575
11,1,2000,75996
11,2,3000,77287
11,3,4000,78629
11,4,5000,79840
11,5,6000,80299
11,6,7000,81183
11,7,8000,81604
11,8,9000,81929
11,9,10000,82385
11,10,11000,82665
11,11,12000,83096
11,12,13000,83422
11,13,14000,83723
11,14,15000,84102
11,15,16000,84295
11,16,17000,84672
11,17,18000,84773
11,18,19000,84979
11,19,20000,85096
11,20,21000,85484
11,21,22000,85525
11,22,23000,85552
11,23,24000,85663
11,24,25000,85766
11,25,26000,85810
11,26,27000,85910
11,27,28000,86061
11,28,29000,86083
11,29,30000,86135
11,30,31000,86250
11,31,32000,86330
11,32,33000,86435
11,33,34000,86508
11,34,35000,86571
11,35,36000,86641
11,36,37000,86687
11,37,38000,86829
11,38,39000,86855
11,39,40000,86891
11,40,41000,86985
11,41,42000,87032
11,42,43000,87076
11,43,44000,87106
11,44,45000,87141
11,45,46000,87181
11,46,47000,87195
11,47,48000,87195
11,48,49000,87238
11,49,50000,87240
11,50,51000,87317
11,51,52000,87330
11,52,53000,87344
11,53,54000,87373
11,54,55000,87373
11,55,56000,87388
11,56,57000,87410
11,57,58000,87425
11,58,59000,87431
11,59,60000,87446
11,60,61000,87479
11,61,62000,87486
11,62,63000,87539
11,63,64000,87551
11,64,65000,87673
11,65,66000,87673
11,66,67000,87681
11,67,68000,87689
11,68,69000,87695
11,69,70000,87705
11,70,71000,87715
11,71,72000,87728
11,72,73000,87736
11,73,74000,87749
11,74,75000,87757
11,75,76000,87764
11,76,77000,87769
11,77,78000,87779
11,78,79000,87779
11,79,80000,87788
11,80,81000,87794
11,81,82000,87794
11,82,83000,87801
11,83,84000,87808
11,84,85000,87821
11,85,86000,87822
11,86,87000,87834
11,87,88000,87841
11,88,89000,87855
11,89,90000,87858
11,90,91000,87858
11,91,92000,87859
11,92,93000,87872
11,93,94000,87875
11,94,95000,87875
11,95,96000,87880
11,96,97000,87886
11,97,98000,87889
11,98,99000,87901
11,99,100000,87916
11,100,101000,87925
11,101,102000,87925
11,102,103000,87935
11,103,104000,87942
11,104,105000,87947
11,105,106000,87948
11,106,107000,87956
11,107,108000,87956
11,108,109000,87957
11,109,110000,87965
11,110,111000,87972
11,111,112000,87974
11,112,113000,87978
11,113,114000,87979
11,114,115000,87989
11,115,116000,88009
11,116,117000,88009
11,117,118000,88025
11,118,119000,88035
11,119,120000,88045
11,120,121000,88053
11,121,122000,88076
11,122,123000,88089
11,123,124000,88089
11,124,125000,88097
11,125,126000,88101
11,126,127000,88105
11,127,128000,88108
11,128,129000,88117
11,129,130000,88117
11,130,131000,88117
11,131,132000,88119
11,132,133000,88119
11,133,134000,88124
11,134,135000,88124
11,135,136000,88131
11,136,137000,88131
11,137,138000,88131
11,138,139000,88131
11,139,140000,88131
11,140,141000,88131
11,141,142000,88131
11,142,143000,88131
11,143,144000,88131
11,144,145000,88133
11,145,146000,88133
11,146,147000,88133
11,147,148000,88140
11,148,149000,88146
11,149,150000,88146
11,150,151000,88146
11,151,152000,88146
11,152,153000,88146
11,153,154000,88146
11,154,155000,88146
11,155,156000,88146
11,156,157000,88146
11,157,158000,88146
11,158,159000,88160
11,159,160000,88160
11,160,161000,88160
11,161,162000,88161
11,162,163000,88161
11,163,164000,88161
11,164,165000,88161
11,165,166000,88161
11,166,167000,88161
11,167,168000,88170
11,168,169000,88170
11,169,170000,88170
11,170,171000,88170
11,171,172000,88170
11,172,173000,88170
11,173,174000,88170
11,174,175000,88170
11,175,176000,88170
11,176,177000,88185
11,177,178000,88185
11,178,179000,88194
11,179,180000,88194
11,180,181000,88194
11,181,182000,88194
11,182,183000,88194
11,183,184000,88194
11,184,185000,88194
11,185,186000,88194
11,186,187000,88196
11,187,188000,88196
11,188,189000,88196
11,189,190000,88196
11,190,191000,88196
11,191,192000,88196
11,192,193000,88196
11,193,194000,88198
11,194,195000,88198
11,195,196000,88198
11,196,197000,88198
11,197,198000,88202
11,198,199000,88202
11,199,200000,88202
11,200,201000,88212
11,201,202000,88212
11,202,203000,88212
11,203,204000,88212
11,204,205000,88213
11,205,206000,88214
11,206,207000,88214
11,207,208000,88214
11,208,209000,88218
11,209,210000,88218
11,210,211000,88218
11,211,212000,88222
11,212,213000,88222
11,213,214000,88222
11,214,215000,88222
11,215,216000,88228
11,216,217000,88228
11,217,218000,88228
11,218,219000,88228
11,219,220000,88228
11,220,221000,88228
11,221,222000,88228
11,222,223000,88228
11,223,224000,88228
11,224,225000,88236
11,225,226000,88236
11,226,227000,88236
11,227,228000,88236
11,228,229000,88239
11,229,230000,88241
11,230,231000,88241
11,231,232000,88241
11,232,233000,88241
11,233,234000,88241
11,234,235000,88245
11,235,236000,88245
11,236,237000,88245
11,237,238000,88257
11,238,239000,88257
11,239,240000,88257
11,240,241000,88258
11,241,242000,88258
11,242,243000,88258
11,243,244000,88258
11,244,245000,88258
11,245,246000,88258
11,246,247000,88258
11,247,248000,88258
11,248,249000,88267
11,249,250000,88267
11,250,251000,88267
11,251,252000,88267
11,252,253000,88274
11,253,254000,88274
11,254,255000,88274
11,255,256000,88281
11,256,257000,88281
11,257,258000,88282
11,258,259000,88282
11,259,260000,88286
11,260,261000,88287
11,261,262000,88287
11,262,263000,88287
11,263,264000,88287
11,264,265000,88295
11,265,266000,88295
11,266,267000,88295
11,267,268000,88295
11,268,269000,88295
11,269,270000,88295
11,270,271000,88295
11,271,272000,88295
11,272,273000,88295
11,273,274000,88295
11,274,275000,88295
11,275,276000,88295
11,276,277000,88299
11,277,278000,88299
11,278,279000,88299
11,279,280000,88299
11,280,281000,88299
11,281,282000,88301
11,282,283000,88301
11,283,284000,88304
11,284,285000,88304
11,285,286000,88304
11,286,287000,88304
11,287,288000,88304
11,288,289000,88305
11,289,290000,88313
11,290,291000,88313
11,291,292000,88313
11,292,293000,88317
11,293,294000,88318
11,294,295000,88318
11,295,296000,88318
11,296,297000,88319
11,297,298000,88321
11,298,299000,88322
11,299,300000,88322
11,300,301000,88322
11,301,302000,88330
11,302,303000,88330
11,303,304000,88330
11,304,305000,88330
11,305,306000,88330
11,306,307000,88335
11,307,308000,88335
11,308,309000,88335
11,309,310000,88335
11,310,311000,88335
11,311,312000,88335
11,312,313000,88335
11,313,314000,88335
11,314,315000,88335
11,315,316000,88335
11,316,317000,88335
11,317,318000,88335
11,318,319000,88335
11,319,320000,88338
11,320,321000,88338
11,321,322000,88338
11,322,323000,88338
11,323,324000,88338
11,324,325000,88338
11,325,326000,88338
11,326,327000,88338
11,327,328000,88338
11,328,329000,88338
11,329,330000,88338
11,330,331000,88338
11,331,332000,88338
11,332,333000,88338
11,333,334000,88338
11,334,335000,88338
11,335,336000,88338
11,336,337000,88338
11,337,338000,88338
11,338,339000,88338
11,339,340000,88338
11,340,341000,88338
11,341,342000,88338
11,342,343000,88338
11,343,344000,88338
11,344,345000,88338
11,345,346000,88338
11,346,347000,88338
11,347,348000,88338
11,348,349000,88338
11,349,350000,88338
11,350,351000,88338
11,351,352000,88338
11,352,353000,88338
11,353,354000,88338
11,354,355000,88338
11,355,356000,88338
11,356,357000,88338
11,357,358000,88338
11,358,359000,88338
11,359,360000,88338
11,360,361000,88338
11,361,362000,88338
11,362,363000,88338
11,363,364000,88338
11,364,365000,88338
11,365,366000,88338
11,366,367000,88338
11,367,368000,88338
11,368,369000,88338
11,369,370000,88338
11,370,371000,88338
11,371,372000,88338
11,372,373000,88338
11,373,374000,88338
11,374,375000,88338
11,375,376000,88338
11,376,377000,88338
11,377,378000,88338
11,378,379000,88338
11,379,380000,88338
11,380,381000,88338
11,381,382000,88338
11,382,383000,88338
11,383,384000,88338
11,384,385000,88338
11,385,386000,88338
11,386,387000,88338
11,387,388000,88338
11,388,389000,88338
11,389,390000,88338
11,390,391000,88338
11,391,392000,88338
11,392,393000,88338
11,393,394000,88338
11,394,395000,88338
11,395,396000,88338
11,396,397000,88338
11,397,398000,88338
11,398,399000,88338
11,399,400000,88338
11,400,401000,88338
11,401,402000,88338
11,402,403000,88338
11,403,404000,88338
11,404,405000,88338
11,405,406000,88338
11,406,407000,88338
11,407,408000,88338
11,408,409000,88338
11,409,410000,88338
11,410,411000,88338
11,411,412000,88338
11,412,413000,88338
11,413,414000,88338
11,414,415000,88338
11,415,416000,88338
11,416,417000,88338
11,417,418000,88338
11,418,419000,88338
11,419,420000,88338
11,420,421000,88338
11,421,422000,88338
11,422,423000,88338
11,423,424000,88338
11,424,425000,88338
11,425,426000,88338
11,426,427000,88338
11,427,428000,88338
11,428,429000,88338
11,429,430000,88338
11,430,431000,88338
11,431,432000,88338
11,432,433000,88338
11,433,434000,88338
11,434,435000,88338
11,435,436000,88338
11,436,437000,88338
11,437,438000,88338
11,438,439000,88338
11,439,440000,88338
11,440,441000,88338
11,441,442000,88338
11,442,443000,88338
11,443,444000,88338
11,444,445000,88338
11,445,446000,88338
11,446,447000,88338
11,447,448000,88338
11,448,449000,88338
11,449,450000,88338
11,450,451000,88338
11,451,452000,88338
11,452,453000,88338
11,453,454000,88338
11,454,455000,88338
11,455,456000,88338
11,456,457000,88338
11,457,458000,88338
11,458,459000,88338
11,459,460000,88338
11,460,461000,88338
11,461,462000,88338
11,462,463000,88338
11,463,464000,88338
11,464,465000,88338
11,465,466000,88338
11,466,467000,88338
11,467,468000,88338
11,468,469000,88338
11,469,470000,88338
11,470,471000,88338
11,471,472000,88338
11,472,473000,88338
11,473,474000,88338
11,474,475000,88338
11,475,476000,88338
11,476,477000,88338
11,477,478000,88338
11,478,479000,88338
11,479,480000,88338
11,480,481000,88338
11,481,482000,88338
11,482,483000,88338
11,483,484000,88338
11,484,485000,88338
11,485,486000,88338
11,486,487000,88338
11,487,488000,88338
11,488,489000,88338
11,489,490000,88338
11,490,491000,88338
11,491,492000,88338
11,492,493000,88338
11,493,494000,88338
11,494,495000,88338
11,495,496000,88338
11,496,497000,88338
11,497,498000,88338
11,498,499000,88338
11,499,500000,88338
11,500,501000,88338
11,501,502000,88338
11,502,503000,88338
11,503,504000,88338
11,504,505000,88338
11,505,506000,88338
11,506,507000,88338
11,507,508000,88338
11,508,509000,88338
11,509,510000,88338
11,510,511000,88338
11,511,512000,88338
11,512,513000,88338
11,513,514000,88338
11,514,515000,88338
11,515,516000,88338
11,516,517000,88338
11,517,518000,88338
11,518,519000,88338
11,519,520000,88338
11,520,521000,88338
11,521,522000,88338
11,522,523000,88338
11,523,524000,88338
11,524,525000,88338
11,525,526000,88338
11,526,527000,88338
11,527,528000,88338
11,528,529000,88338
11,529,530000,88338
11,530,531000,88338
11,531,532000,88338
11,532,533000,88338
11,533,534000,88338
11,534,535000,88338
11,535,536000,88338
11,536,537000,88338
11,537,538000,88338
11,538,539000,88338
11,539,540000,88338
11,540,541000,88338
11,541,542000,88338
11,542,543000,88338
11,543,544000,88338
11,544,545000,88338
11,545,546000,88338
11,546,547000,88338
11,547,548000,88338
11,548,549000,88338
11,549,550000,88338
11,550,551000,88338
11,551,552000,88338
11,552,553000,88338
11,553,554000,88338
11,554,555000,88338
11,555,556000,88338
11,556,557000,88338
11,557,558000,88338
11,558,559000,88338
11,559,560000,88338
11,560,561000,88338
11,561,562000,88338
11,562,563000,88338
11,563,564000,88338
11,564,565000,88338
11,565,566000,88338
11,566,567000,88338
11,567,568000,88338
11,568,569000,88338
11,569,570000,88338
11,570,571000,88338
11,571,572000,88338
11,572,573000,88338
11,573,574000,88338
11,574,575000,88338
11,575,576000,88338
11,576,577000,88338
11,577,578000,88338
11,578,579000,88338
11,579,580000,88338
11,580,581000,88338
11,581,582000,88338
11,582,583000,88338
11,583,584000,88338
11,584,585000,88338
11,585,586000,88338
11,586,587000,88338
11,587,588000,88338
11,588,589000,88338
11,589,590000,88338
11,590,591000,88338
11,591,592000,88338
11,592,593000,88338
11,593,594000,88338
11,594,595000,88338
11,595,596000,88338
11,596,597000,88338
11,597,598000,88338
11,598,599000,88338
11,599,600000,88338
11,600,601000,88338
11,601,602000,88338
11,602,603000,88338
11,603,604000,88338
11,604,605000,88338
11,605,606000,88338
11,606,607000,88338
11,607,608000,88338
11,608,609000,88338
11,609,610000,88338
11,610,611000,88338
11,611,612000,88338
11,612,613000,88338
11,613,614000,88338
11,614,615000,88338
11,615,616000,88338
11,616,617000,88338
11,617,618000,88338
11,618,619000,88338
11,619,620000,88338
11,620,621000,88338
11,621,622000,88338
11,622,623000,88338
11,623,624000,88338
11,624,625000,88338
11,625,626000,88338
11,626,627000,88338
11,627,628000,88338
11,628,629000,88338
11,629,630000,88338
11,630,631000,88338
11,631,632000,88338
11,632,633000,88338
11,633,634000,88338
11,634,635000,88338
11,635,636000,88338
11,636,637000,88338
11,637,638000,88338
11,638,639000,88338
11,639,640000,88338
11,640,641000,88338
11,641,642000,88338
11,642,643000,88338
11,643,644000,88338
11,644,645000,88338
11,645,646000,88338
11,646,647000,88338
11,647,648000,88338
11,648,649000,88338
11,649,650000,88338
11,650,651000,88338
11,651,652000,88338
11,652,653000,88338
11,653,654000,88338
11,654,655000,88338
11,655,656000,88338
11,656,657000,88338
11,657,658000,88338
11,658,659000,88338
11,659,660000,88338
11,660,661000,88338
11,661,662000,88338
11,662,663000,88338
11,663,664000,88338
11,664,665000,88338
11,665,666000,88338
11,666,667000,88338
11,667,668000,88338
11,668,669000,88338
11,669,670000,88338
11,670,671000,88338
11,671,672000,88338
11,672,673000,88338
11,673,674000,88338
11,674,675000,88338
11,675,676000,88338
11,676,677000,88338
11,677,678000,88338
11,678,679000,88338
11,679,680000,88338
11,680,681000,88338
11,681,682000,88338
11,682,683000,88338
11,683,684000,88338
11,684,685000,88338
11,685,686000,88338
11,686,687000,88338
11,687,688000,88338
11,688,689000,88338
11,689,690000,88338
11,690,691000,88338
11,691,692000,88338
11,692,693000,88338
11,693,694000,88338
11,694,695000,88338
11,695,696000,88338
11,696,697000,88338
11,697,698000,88338
11,698,699000,88338
11,699,700000,88338
11,700,701000,88338
11,701,702000,88338
11,702,703000,88338
11,703,704000,88338
11,704,705000,88338
11,705,706000,88338
11,706,707000,88338
11,707,708000,88338
11,708,709000,88338
11,709,710000,88338
11,710,711000,88338
11,711,712000,88338
11,712,713000,88338
11,713,714000,88338
11,714,715000,88338
11,715,716000,88338
11,716,717000,88338
11,717,718000,88338
11,718,719000,88338
11,719,720000,88338
11,720,721000,88338
11,721,722000,88338
11,722,723000,88338
11,723,724000,88338
11,724,725000,88338
11,725,726000,88338
11,726,727000,88338
11,727,728000,88338
11,728,729000,88338
11,729,730000,88338
11,730,731000,88338
11,731,732000,88338
11,732,733000,88338
11,733,734000,88338
11,734,735000,88338
11,735,736000,88338
11,736,737000,88338
11,737,738000,88338
11,738,739000,88338
11,739,740000,88338
11,740,741000,88338
11,741,742000,88338
11,742,743000,88338
11,743,744000,88338
11,744,745000,88338
11,745,746000,88338
11,746,747000,88338
11,747,748000,88338
11,748,749000,88338
11,749,750000,88338
11,750,751000,88338
11,751,752000,88338
11,752,753000,88338
11,753,754000,88338
11,754,755000,88338
11,755,756000,88338
11,756,757000,88338
11,757,758000,88338
11,758,759000,88338
11,759,760000,88338
11,760,761000,88338
11,761,762000,88338
11,762,763000,88338
11,763,764000,88338
11,764,765000,88338
11,765,766000,88338
11,766,767000,88338
11,767,768000,88338
11,768,769000,88338
11,769,770000,88338
11,770,771000,88338
11,771,772000,88338
11,772,773000,88338
11,773,774000,88338
11,774,775000,88338
11,775,776000,88338
11,776,777000,88338
11,777,778000,88338
11,778,779000,88338
11,779,780000,88338
11,780,781000,88338
11,781,782000,88338
11,782,783000,88338
11,783,784000,88338
11,784,785000,88338
11,785,786000,88338
11,786,787000,88338
11,787,788000,88338
11,788,789000,88338
11,789,790000,88338
11,790,791000,88338
11,791,792000,88338
11,792,793000,88338
11,793,794000,88338
11,794,795000,88338
11,795,796000,88338
11,796,797000,88338
11,797,798000,88338
11,798,799000,88338
11,799,800000,88338
11,800,801000,88338
11,801,802000,88338
11,802,803000,88338
11,803,804000,88338
11,804,805000,88338
11,805,806000,88338
11,806,807000,88338
11,807,808000,88338
11,808,809000,88338
11,809,810000,88338
11,810,811000,88338
11,811,812000,88338
11,812,813000,88338
11,813,814000,88338
11,814,815000,88338
11,815,816000,88338
11,816,817000,88338
11,817,818000,88338
11,818,819000,88338
11,819,820000,88338
11,820,821000,88338
11,821,822000,88338
11,822,823000,88338
11,823,824000,88338
11,824,825000,88338
11,825,826000,88338
11,826,827000,88338
11,827,828000,88338
11,828,829000,88338
11,829,830000,88338
11,830,831000,88338
11,831,832000,88338
11,832,833000,88338
11,833,834000,88338
11,834,835000,88338
11,835,836000,88338
11,836,837000,88338
11,837,838000,88338
11,838,839000,88338
11,839,840000,88338
11,840,841000,88338
11,841,842000,88338
11,842,843000,88338
11,843,844000,88338
11,844,845000,88338
11,845,846000,88338
11,846,847000,88338
11,847,848000,88338
11,848,849000,88338
11,849,850000,88338
11,850,851000,88338
11,851,852000,88338
11,852,853000,88338
11,853,854000,88338
11,854,855000,88338
11,855,856000,88338
11,856,857000,88338
11,857,858000,88338
11,858,859000,88338
11,859,860000,88338
11,860,861000,88338
11,861,862000,88338
11,862,863000,88338
11,863,864000,88338
11,864,865000,88338
11,865,866000,88338
11,866,867000,88338
11,867,868000,88338
11,868,869000,88338
11,869,870000,88338
11,870,871000,88338
11,871,872000,88338
11,872,873000,88338
11,873,874000,88338
11,874,875000,88338
11,875,876000,88338
11,876,877000,88338
11,877,878000,88338
11,878,879000,88338
11,879,880000,88338
11,880,881000,88338
11,881,882000,88338
11,882,883000,88338
11,883,884000,88338
11,884,885000,88338
11,885,886000,88338
11,886,887000,88338
11,887,888000,88338
11,888,889000,88338
11,889,890000,88338
11,890,891000,88338
11,891,892000,88338
11,892,893000,88338
11,893,894000,88338
11,894,895000,88338
11,895,896000,88338
11,896,897000,88338
11,897,898000,88338
11,898,899000,88338
11,899,900000,88338
11,900,901000,88338
11,901,902000,88338
11,902,903000,88338
11,903,904000,88338
11,904,905000,88338
11,905,906000,88338
11,906,907000,88338
11,907,908000,88338
11,908,909000,88338
11,909,910000,88338
11,910,911000,88338
11,911,912000,88338
11,912,913000,88338
11,913,914000,88338
11,914,915000,88338
11,915,916000,88338
11,916,917000,88338
11,917,918000,88338
11,918,919000,88338
11,919,920000,88338
11,920,921000,88338
11,921,922000,88338
11,922,923000,88338
11,923,924000,88338
11,924,925000,88338
11,925,926000,88338
11,926,927000,88338
11,927,928000,88338
11,928,929000,88338
11,929,930000,88338
11,930,931000,88338
11,931,932000,88338
11,932,933000,88338
11,933,934000,88338
11,934,935000,88338
11,935,936000,88338
11,936,937000,88338
11,937,938000,88338
11,938,939000,88338
11,939,940000,88338
11,940,941000,88338
11,941,942000,88338
11,942,943000,88338
11,943,944000,88338
11,944,945000,88338
11,945,946000,88338
11,946,947000,88338
11,947,948000,88338
11,948,949000,88338
11,949,950000,88338
11,950,951000,88338
11,951,952000,88338
11,952,953000,88338
11,953,954000,88338
11,954,955000,88338
11,955,956000,88338
11,956,957000,88338
11,957,958000,88338
11,958,959000,88338
11,959,960000,88338
11,960,961000,88338
11,961,962000,88338
11,962,963000,88338
11,963,964000,88338
11,964,965000,88338
11,965,966000,88338
11,966,967000,88338
11,967,968000,88338
11,968,969000,88338
11,969,970000,88338
11,970,971000,88338
11,971,972000,88338
11,972,973000,88338
11,973,974000,88338
11,974,975000,88338
11,975,976000,88338
11,976,977000,88338
11,977,978000,88338
11,978,979000,88338
11,979,980000,88338
11,980,981000,88338
11,981,982000,88338
11,982,983000,88338
11,983,984000,88338
11,984,985000,88338
11,985,986000,88338
11,986,987000,88338
11,987,988000,88338
11,988,989000,88338
11,989,990000,88338
11,990,991000,88338
11,991,992000,88338
11,992,993000,88338
11,993,994000,88338
11,994,995000,88338
11,995,996000,88338
11,996,997000,88338
11,997,998000,88338
11,998,999000,88338
11,999,1000000,88338
12,0,1000,73501
12,1,2000,76513
12,2,3000,77807
12,3,4000,79803
12,4,5000,80521
12,5,6000,81141
12,6,7000,82910
12,7,8000,83188
12,8,9000,83616
12,9,10000,84054
12,10,11000,84111
12,11,12000,84443
12,12,13000,84595
12,13,14000,84699
12,14,15000,85059
12,15,16000,85230
12,16,17000,85463
12,17,18000,85558
12,18,19000,85711
12,19,20000,85943
12,20,21000,86122
12,21,22000,86267
12,22,23000,86311
12,23,24000,86350
12,24,25000,86390
12,25,26000,86461
12,26,27000,86552
12,27,28000,86556
12,28,29000,86693
12,29,30000,86709
12,30,31000,86736
12,31,32000,86889
12,32,33000,87052
12,33,34000,87119
12,34,35000,87272
12,35,36000,87290
12,36,37000,87310
12,37,38000,87349
12,38,39000,87387
12,39,40000,87402
12,40,41000,87503
12,41,42000,87527
12,42,43000,87546
12,43,44000,87611
12,44,45000,87617
12,45,46000,87639
12,46,47000,87665
12,47,48000,87677
12,48,49000,87702
12,49,50000,87727
12,50,51000,87739
12,51,52000,87744
12,52,53000,87756
12,53,54000,87770
12,54,55000,87795
12,55,56000,87828
12,56,57000,87838
12,57,58000,87844
12,58,59000,87862
12,59,60000,87882
12,60,61000,87886
12,61,62000,87925
12,62,63000,87938
12,63,64000,87954
12,64,65000,87967
12,65,66000,87975
12,66,67000,87990
12,67,68000,88003
12,68,69000,88014
12,69,70000,88022
12,70,71000,88031
12,71,72000,88041
12,72,73000,88053
12,73,74000,88060
12,74,75000,88069
12,75,76000,88081
12,76,77000,88087
12,77,78000,88111
12,78,79000,88114
12,79,80000,88123
12,80,81000,88155
12,81,82000,88179
12,82,83000,88229
12,83,84000,88229
12,84,85000,88229
12,85,86000,88234
12,86,87000,88240
12,87,88000,88256
12,88,89000,88260
12,89,90000,88280
12,90,91000,88283
12,91,92000,88315
12,92,93000,88315
12,93,94000,88336
12,94,95000,88357
12,95,96000,88363
12,96,97000,88392
12,97,98000,88408
12,98,99000,88408
12,99,100000,88416
12,100,101000,88416
12,101,102000,88422
12,102,103000,88425
12,103,104000,88441
12,104,105000,88441
12,105,106000,88453
12,106,107000,88465
12,107,108000,88478
12,108,109000,88483
12,109,110000,88483
12,110,111000,88489
12,111,112000,88489
12,112,113000,88489
12,113,114000,88490
12,114,115000,88490
12,115,116000,88494
12,116,117000,88502
12,117,118000,88504
12,118,119000,88504
12,119,120000,88509
12,120,121000,88517
12,121,122000,88522
12,122,123000,88526
12,123,124000,88526
12,124,125000,88541
12,125,126000,88541
12,126,127000,88541
12,127,128000,88557
12,128,129000,88557
12,129,130000,88557
12,130,131000,88557
12,131,132000,88557
12,132,133000,88557
12,133,134000,88557
12,134,135000,88567
12,135,136000,88567
12,136,137000,88567
12,137,138000,88567
12,138,139000,88570
12,139,140000,88570
12,140,141000,88570
12,141,142000,88570
12,142,143000,88585
12,143,144000,88585
12,144,145000,88585
12,145,146000,88587
12,146,147000,88587
12,147,148000,88587
12,148,149000,88587
12,149,150000,88599
12,150,151000,88599
12,151,152000,88599
12,152,153000,88599
12,153,154000,88599
12,154,155000,88601
12,155,156000,88601
12,156,157000,88611
12,157,158000,88611
12,158,159000,88611
12,159,160000,88611
12,160,161000,88619
12,161,162000,88619
12,162,163000,88619
12,163,164000,88619
12,164,165000,88619
12,165,166000,88619
12,166,167000,88619
12,167,168000,88619
12,168,169000,88619
12,169,170000,88619
12,170,171000,88619
12,171,172000,88625
12,172,173000,88625
12,173,174000,88625
12,174,175000,88625
12,175,176000,88633
12,176,177000,88633
12,177,178000,88633
12,178,179000,88633
12,179,180000,88637
12,180,181000,88637
12,181,182000,88637
12,182,183000,88637
12,183,184000,88637
12,184,185000,88637
12,185,186000,88637
12,186,187000,88639
12,187,188000,88639
12,188,189000,88639
12,189,190000,88639
12,190,191000,88639
12,191,192000,88639
12,192,193000,88639
12,193,194000,88639
12,194,195000,88639
12,195,196000,88639
12,196,197000,88639
12,197,198000,88639
12,198,199000,88639
12,199,200000,88639
12,200,201000,88639
12,201,202000,88639
12,202,203000,88639
12,203,204000,88639
12,204,205000,88639
12,205,206000,88639
12,206,207000,88639
12,207,208000,88639
12,208,209000,88639
12,209,210000,88650
12,210,211000,88650
12,211,212000,88662
12,212,213000,88662
12,213,214000,88662
12,214,215000,88662
12,215,216000,88662
12,216,217000,88662
12,217,218000,88662
12,218,219000,88662
12,219,220000,88662
12,220,221000,88662
12,221,222000,88662
12,222,223000,88662
12,223,224000,88662
12,224,225000,88666
12,225,226000,88666
12,226,227000,88666
12,227,228000,88666
12,228,229000,88666
12,229,230000,88666
12,230,231000,88666
12,231,232000,88666
12,232,233000,88666
12,233,234000,88666
12,234,235000,88666
12,235,236000,88666
12,236,237000,88666
12,237,238000,88666
12,238,239000,88666
12,239,240000,88670
12,240,241000,88675
12,241,242000,88675
12,242,243000,88675
12,243,244000,88675
12,244,245000,88687
12,245,246000,88687
12,246,247000,88687
12,247,248000,88696
12,248,249000,88696
12,249,250000,88696
12,250,251000,88700
12,251,252000,88700
12,252,253000,88700
12,253,254000,88700
12,254,255000,88700
12,255,256000,88700
12,256,257000,88700
12,257,258000,88700
12,258,259000,88700
12,259,260000,88700
12,260,261000,88700
12,261,262000,88700
12,262,263000,88700
12,263,264000,88700
12,264,265000,88700
12,265,266000,88700
12,266,267000,88700
12,267,268000,88700
12,268,269000,88700
12,269,270000,88700
12,270,271000,88700
12,271,272000,88700
12,272,273000,88704
12,273,274000,88704
12,274,275000,88704
12,275,276000,88704
12,276,277000,88704
12,277,278000,88704
12,278,279000,88704
12,279,280000,88704
12,280,281000,88704
12,281,282000,88704
12,282,283000,88704
12,283,284000,88704
12,284,285000,88704
12,285,286000,88704
12,286,287000,88704
12,287,288000,88704
12,288,289000,88704
12,289,290000,88704
12,290,291000,88704
12,291,292000,88704
12,292,293000,88704
12,293,294000,88704
12,294,295000,88704
12,295,296000,88704
12,296,297000,88704
12,297,298000,88704
12,298,299000,88704
12,299,300000,88704
12,300,301000,88704
12,301,302000,88704
12,302,303000,88704
12,303,304000,88704
12,304,305000,88704
12,305,306000,88704
12,306,307000,88704
12,307,308000,88704
12,308,309000,88704
12,309,310000,88704
12,310,311000,88704
12,311,312000,88704
12,312,313000,88707
12,313,314000,88707
12,314,315000,88707
12,315,316000,88707
12,316,317000,88710
12,317,318000,88710
12,318,319000,88716
12,319,320000,88716
12,320,321000,88716
12,321,322000,88720
12,322,323000,88720
12,323,324000,88720
12,324,325000,88720
12,325,326000,88720
12,326,327000,88720
12,327,328000,88720
12,328,329000,88720
12,329,330000,88720
12,330,331000,88720
12,331,332000,88720
12,332,333000,88720
12,333,334000,88720
12,334,335000,88720
12,335,336000,88720
12,336,337000,88724
12,337,338000,88724
12,338,339000,88724
12,339,340000,88724
12,340,341000,88728
12,341,342000,88728
12,342,343000,88728
12,343,344000,88728
12,344,345000,88728
12,345,346000,88728
12,346,347000,88728
12,347,348000,88728
12,348,349000,88728
12,349,350000,88728
12,350,351000,88728
12,351,352000,88728
12,352,353000,88728
12,353,354000,88728
12,354,355000,88728
12,355,356000,88728
12,356,357000,88728
12,357,358000,88728
12,358,359000,88728
12,359,360000,88728
12,360,361000,88730
12,361,362000,88730
12,362,363000,88730
12,363,364000,88734
12,364,365000,88734
12,365,366000,88734
12,366,367000,88734
12,367,368000,88734
12,368,369000,88734
12,369,370000,88734
12,370,371000,88734
12,371,372000,88734
12,372,373000,88734
12,373,374000,88734
12,374,375000,88734
12,375,376000,88734
12,376,377000,88734
12,377,378000,88734
12,378,379000,88734
12,379,380000,88734
12,380,381000,88734
12,381,382000,88734
12,382,383000,88734
12,383,384000,88734
12,384,385000,88734
12,385,386000,88734
12,386,387000,88734
12,387,388000,88734
12,388,389000,88734
12,389,390000,88737
12,390,391000,88737
12,391,392000,88737
12,392,393000,88747
12,393,394000,88748
12,394,395000,88748
12,395,396000,88748
12,396,397000,88751
12,397,398000,88751
12,398,399000,88751
12,399,400000,88751
12,400,401000,88751
12,401,402000,88751
12,402,403000,88751
12,403,404000,88751
12,404,405000,88751
12,405,406000,88751
12,406,407000,88751
12,407,408000,88751
12,408,409000,88751
12,409,410000,88751
12,410,411000,88751
12,411,412000,88751
12,412,413000,88751
12,413,414000,88751
12,414,415000,88751
12,415,416000,88751
12,416,417000,88751
12,417,418000,88751
12,418,419000,88751
12,419,420000,88751
12,420,421000,88751
12,421,422000,88751
12,422,423000,88751
12,423,424000,88751
12,424,425000,88751
12,425,426000,88751
12,426,427000,88751
12,427,428000,88751
12,428,429000,88751
12,429,430000,88751
12,430,431000,88751
12,431,432000,88751
12,432,433000,88751
12,433,434000,88751
12,434,435000,88751
12,435,436000,88751
12,436,437000,88751
12,437,438000,88751
12,438,439000,88751
12,439,440000,88751
12,440,441000,88751
12,441,442000,88751
12,442,443000,88751
12,443,444000,88751
12,444,445000,88751
12,445,446000,88751
12,446,447000,88751
12,447,448000,88751
12,448,449000,88751
12,449,450000,88751
12,450,451000,88751
12,451,452000,88751
12,452,453000,88751
12,453,454000,88751
12,454,455000,88751
12,455,456000,88751
12,456,457000,88751
12,457,458000,88751
12,458,459000,88751
12,459,460000,88751
12,460,461000,88751
12,461,462000,88751
12,462,463000,88751
12,463,464000,88751
12,464,465000,88751
12,465,466000,88751
12,466,467000,88751
12,467,468000,88751
12,468,469000,88751
12,469,470000,88751
12,470,471000,88751
12,471,472000,88751
12,472,473000,88751
12,473,474000,88751
12,474,475000,88751
12,475,476000,88751
12,476,477000,88751
12,477,478000,88751
12,478,479000,88751
12,479,480000,88751
12,480,481000,88751
12,481,482000,88751
12,482,483000,88751
12,483,484000,88751
12,484,485000,88751
12,485,486000,88751
12,486,487000,88751
12,487,488000,88751
12,488,489000,88751
12,489,490000,88751
12,490,491000,88751
12,491,492000,88751
12,492,493000,88751
12,493,494000,88751
12,494,495000,88751
12,495,496000,88751
12,496,497000,88751
12,497,498000,88751
12,498,499000,88751
12,499,500000,88751
12,500,501000,88751
12,501,502000,88751
12,502,503000,88751
12,503,504000,88751
12,504,505000,88751
12,505,506000,88751
12,506,507000,88751
12,507,508000,88751
12,508,509000,88751
12,509,510000,88751
12,510,511000,88751
12,511,512000,88751
12,512,513000,88751
12,513,514000,88751
12,514,515000,88751
12,515,516000,88751
12,516,517000,88751
12,517,518000,88751
12,518,519000,88751
12,519,520000,88751
12,520,521000,88751
12,521,522000,88751
12,522,523000,88751
12,523,524000,88751
12,524,525000,88751
12,525,526000,88751
12,526,527000,88751
12,527,528000,88751
12,528,529000,88751
12,529,530000,88751
12,530,531000,88751
12,531,532000,88751
12,532,533000,88751
12,533,534000,88751
12,534,535000,88751
12,535,536000,88751
12,536,537000,88751
12,537,538000,88751
12,538,539000,88751
12,539,540000,88751
12,540,541000,88751
12,541,542000,88751
12,542,543000,88751
12,543,544000,88751
12,544,545000,88751
12,545,546000,88751
12,546,547000,88751
12,547,548000,88751
12,548,549000,88751
12,549,550000,88751
12,550,551000,88751
12,551,552000,88751
12,552,553000,88751
12,553,554000,88751
12,554,555000,88751
12,555,556000,88751
12,556,557000,88751
12,557,558000,88751
12,558,559000,88751
12,559,560000,88751
12,560,561000,88751
12,561,562000,88751
12,562,563000,88751
12,563,564000,88751
12,564,565000,88751
12,565,566000,88751
12,566,567000,88751
12,567,568000,88751
12,568,569000,88751
12,569,570000,88751
12,570,571000,88751
12,571,572000,88751
12,572,573000,88751
12,573,574000,88751
12,574,575000,88751
12,575,576000,88751
12,576,577000,88751
12,577,578000,88751
12,578,579000,88751
12,579,580000,88751
12,580,581000,88751
12,581,582000,88751
12,582,583000,88751
12,583,584000,88751
12,584,585000,88751
12,585,586000,88751
12,586,587000,88751
12,587,588000,88751
12,588,589000,88751
12,589,590000,88751
12,590,591000,88751
12,591,592000,88751
12,592,593000,88751
12,593,594000,88751
12,594,595000,88751
12,595,596000,88751
12,596,597000,88751
12,597,598000,88751
12,598,599000,88751
12,599,600000,88751
12,600,601000,88751
12,601,602000,88751
12,602,603000,88751
12,603,604000,88751
12,604,605000,88751
12,605,606000,88751
12,606,607000,88751
12,607,608000,88751
12,608,609000,88751
12,609,610000,88751
12,610,611000,88751
12,611,612000,88751
12,612,613000,88751
12,613,614000,88751
12,614,615000,88751
12,615,616000,88751
12,616,617000,88751
12,617,618000,88751
12,618,619000,88751
12,619,620000,88751
12,620,621000,88751
12,621,622000,88751
12,622,623000,88751
12,623,624000,88751
12,624,625000,88751
12,625,626000,88751
12,626,627000,88751
12,627,628000,88751
12,628,629000,88751
12,629,630000,88751
12,630,631000,88751
12,631,632000,88751
12,632,633000,88751
12,633,634000,88751
12,634,635000,88751
12,635,636000,88751
12,636,637000,88751
12,637,638000,88751
12,638,639000,88751
12,639,640000,88751
12,640,641000,88751
12,641,642000,88751
12,642,643000,88751
12,643,644000,88751
12,644,645000,88751
12,645,646000,88751
12,646,647000,88751
12,647,648000,88751
12,648,649000,88751
12,649,650000,88751
12,650,651000,88751
12,651,652000,88751
12,652,653000,88751
12,653,654000,88751
12,654,655000,88751
12,655,656000,88751
12,656,657000,88751
12,657,658000,88751
12,658,659000,88751
12,659,660000,88751
12,660,661000,88751
12,661,662000,88751
12,662,663000,88751
12,663,664000,88751
12,664,665000,88751
12,665,666000,88751
12,666,667000,88751
12,667,668000,88751
12,668,669000,88751
12,669,670000,88751
12,670,671000,88751
12,671,672000,88751
12,672,673000,88751
12,673,674000,88751
12,674,675000,88751
12,675,676000,88751
12,676,677000,88751
12,677,678000,88751
12,678,679000,88751
12,679,680000,88751
12,680,681000,88751
12,681,682000,88751
12,682,683000,88751
12,683,684000,88751
12,684,685000,88751
12,685,686000,88751
12,686,687000,88751
12,687,688000,88751
12,688,689000,88751
12,689,690000,88751
12,690,691000,88751
12,691,692000,88751
12,692,693000,88751
12,693,694000,88751
12,694,695000,88751
12,695,696000,88751
12,696,697000,88751
12,697,698000,88751
12,698,699000,88751
12,699,700000,88751
12,700,701000,88751
12,701,702000,88751
12,702,703000,88751
12,703,704000,88751
12,704,705000,88751
12,705,706000,88751
12,706,707000,88751
12,707,708000,88751
12,708,709000,88751
12,709,710000,88751
12,710,711000,88751
12,711,712000,88751
12,712,713000,88751
12,713,714000,88751
12,714,715000,88751
12,715,716000,88751
12,716,717000,88751
12,717,718000,88751
12,718,719000,88751
12,719,720000,88751
12,720,721000,88751
12,721,722000,88751
12,722,723000,88751
12,723,724000,88751
12,724,725000,88751
12,725,726000,88751
12,726,727000,88751
12,727,728000,88751
12,728,729000,88751
12,729,730000,88751
12,730,731000,88751
12,731,732000,88751
12,732,733000,88751
12,733,734000,88751
12,734,735000,88751
12,735,736000,88751
12,736,737000,88751
12,737,738000,88751
12,738,739000,88751
12,739,740000,88751
12,740,741000,88751
12,741,742000,88751
12,742,743000,88751
12,743,744000,88751
12,744,745000,88751
12,745,746000,88751
12,746,747000,88751
12,747,748000,88751
12,748,749000,88751
12,749,750000,88751
12,750,751000,88751
12,751,752000,88751
12,752,753000,88751
12,753,754000,88751
12,754,755000,88751
12,755,756000,88751
12,756,757000,88751
12,757,758000,88751
12,758,759000,88751
12,759,760000,88751
12,760,761000,88751
12,761,762000,88751
12,762,763000,88751
12,763,764000,88751
12,764,765000,88751
12,765,766000,88751
12,766,767000,88751
12,767,768000,88751
12,768,769000,88751
12,769,770000,88751
12,770,771000,88751
12,771,772000,88751
12,772,773000,88751
12,773,774000,88751
12,774,775000,88751
12,775,776000,88751
12,776,777000,88751
12,777,778000,88751
12,778,779000,88751
12,779,780000,88751
12,780,781000,88751
12,781,782000,88751
12,782,783000,88751
12,783,784000,88751
12,784,785000,88751
12,785,786000,88751
12,786,787000,88751
12,787,788000,88751
12,788,789000,88751
12,789,790000,88751
12,790,791000,88751
12,791,792000,88751
12,792,793000,88751
12,793,794000,88751
12,794,795000,88751
12,795,796000,88751
12,796,797000,88751
12,797,798000,88751
12,798,799000,88751
12,799,800000,88751
12,800,801000,88751
12,801,802000,88751
12,802,803000,88751
12,803,804000,88751
12,804,805000,88751
12,805,806000,88751
12,806,807000,88751
12,807,808000,88751
12,808,809000,88751
12,809,810000,88751
12,810,811000,88751
12,811,812000,88751
12,812,813000,88751
12,813,814000,88751
12,814,815000,88751
12,815,816000,88751
12,816,817000,88751
12,817,818000,88751
12,818,819000,88751
12,819,820000,88751
12,820,821000,88751
12,821,822000,88751
12,822,823000,88751
12,823,824000,88751
12,824,825000,88751
12,825,826000,88751
12,826,827000,88751
12,827,828000,88751
12,828,829000,88751
12,829,830000,88751
12,830,831000,88751
12,831,832000,88751
12,832,833000,88751
12,833,834000,88751
12,834,835000,88751
12,835,836000,88751
12,836,837000,88751
12,837,838000,88751
12,838,839000,88751
12,839,840000,88751
12,840,841000,88751
12,841,842000,88751
12,842,843000,88751
12,843,844000,88751
12,844,845000,88751
12,845,846000,88751
12,846,847000,88751
12,847,848000,88751
12,848,849000,88751
12,849,850000,88751
12,850,851000,88751
12,851,852000,88751
12,852,853000,88751
12,853,854000,88751
12,854,855000,88751
12,855,856000,88751
12,856,857000,88751
12,857,858000,88751
12,858,859000,88751
12,859,860000,88751
12,860,861000,88751
12,861,862000,88751
12,862,863000,88751
12,863,864000,88751
12,864,865000,88751
12,865,866000,88751
12,866,867000,88751
12,867,868000,88751
12,868,869000,88751
12,869,870000,88751
12,870,871000,88751
12,871,872000,88751
12,872,873000,88751
12,873,874000,88751
12,874,875000,88751
12,875,876000,88751
12,876,877000,88751
12,877,878000,88751
12,878,879000,88751
12,879,880000,88751
12,880,881000,88751
12,881,882000,88751
12,882,883000,88751
12,883,884000,88751
12,884,885000,88751
12,885,886000,88751
12,886,887000,88751
12,887,888000,88751
12,888,889000,88751
12,889,890000,88751
12,890,891000,88751
12,891,892000,88751
12,892,893000,88751
12,893,894000,88751
12,894,895000,88751
12,895,896000,88751
12,896,897000,88751
12,897,898000,88751
12,898,899000,88751
12,899,900000,88751
12,900,901000,88751
12,901,902000,88751
12,902,903000,88751
12,903,904000,88751
12,904,905000,88751
12,905,906000,88751
12,906,907000,88751
12,907,908000,88751
12,908,909000,88751
12,909,910000,88751
12,910,911000,88751
12,911,912000,88751
12,912,913000,88751
12,913,914000,88751
12,914,915000,88751
12,915,916000,88751
12,916,917000,88751
12,917,918000,88751
12,918,919000,88751
12,919,920000,88751
12,920,921000,88751
12,921,922000,88751
12,922,923000,88751
12,923,924000,88751
12,924,925000,88751
12,925,926000,88751
12,926,927000,88751
12,927,928000,88751
12,928,929000,88751
12,929,930000,88751
12,930,931000,88751
12,931,932000,88751
12,932,933000,88751
12,933,934000,88751
12,934,935000,88751
12,935,936000,88751
12,936,937000,88751
12,937,938000,88751
12,938,939000,88751
12,939,940000,88751
12,940,941000,88751
12,941,942000,88751
12,942,943000,88751
12,943,944000,88751
12,944,945000,88751
12,945,946000,88751
12,946,947000,88751
12,947,948000,88751
12,948,949000,88751
12,949,950000,88751
12,950,951000,88751
12,951,952000,88751
12,952,953000,88751
12,953,954000,88751
12,954,955000,88751
12,955,956000,88751
12,956,957000,88751
12,957,958000,88751
12,958,959000,88751
12,959,960000,88751
12,960,961000,88751
12,961,962000,88751
12,962,963000,88751
12,963,964000,88751
12,964,965000,88751
12,965,966000,88751
12,966,967000,88751
12,967,968000,88751
12,968,969000,88751
12,969,970000,88751
12,970,971000,88751
12,971,972000,88751
12,972,973000,88751
12,973,974000,88751
12,974,975000,88751
12,975,976000,88751
12,976,977000,88751
12,977,978000,88751
12,978,979000,88751
12,979,980000,88751
12,980,981000,88751
12,981,982000,88751
12,982,983000,88751
12,983,984000,88751
12,984,985000,88751
12,985,986000,88751
12,986,987000,88751
12,987,988000,88751
12,988,989000,88751
12,989,990000,88751
12,990,991000,88751
12,991,992000,88751
12,992,993000,88751
12,993,994000,88751
12,994,995000,88751
12,995,996000,88751
12,996,997000,88751
12,997,998000,88751
12,998,999000,88751
12,999,1000000,88751
13,0,1000,72670
13,1,2000,75482
13,2,3000,77924
13,3,4000,79147
13,4,5000,79442
13,5,6000,80587
13,6,7000,80959
13,7,8000,82359
13,8,9000,82388
13,9,10000,83197
13,10,11000,83456
13,11,12000,83640
13,12,13000,84161
13,13,14000,84208
13,14,15000,84483
13,15,16000,84697
13,16,17000,84871
13,17,18000,85064
13,18,19000,85064
13,19,20000,85155
13,20,21000,85392
13,21,22000,85630
13,22,23000,85848
13,23,24000,85991
13,24,25000,86066
13,25,26000,86300
13,26,27000,86433
13,27,28000,86536
13,28,29000,86731
13,29,30000,86754
13,30,31000,86907
13,31,32000,86961
13,32,33000,87008
13,33,34000,87102
13,34,35000,87169
13,35,36000,87286
13,36,37000,87328
13,37,38000,87339
13,38,39000,87349
13,39,40000,87369
13,40,41000,87400
13,41,42000,87417
13,42,43000,87496
13,43,44000,87504
13,44,45000,87516
13,45,46000,87551
13,46,47000,87604
13,47,48000,87747
13,48,49000,87767
13,49,50000,87767
13,50,51000,87774
13,51,52000,87782
13,52,53000,87791
13,53,54000,87832
13,54,55000,87866
13,55,56000,87868
13,56,57000,87917
13,57,58000,87926
13,58,59000,87954
13,59,60000,87966
13,60,61000,87969
13,61,62000,87981
13,62,63000,87981
13,63,64000,88002
13,64,65000,88011
13,65,66000,88014
13,66,67000,88045
13,67,68000,88064
13,68,69000,88076
13,69,70000,88085
13,70,71000,88092
13,71,72000,88114
13,72,73000,88133
13,73,74000,88133
13,74,75000,88151
13,75,76000,88151
13,76,77000,88164
13,77,78000,88171
13,78,79000,88185
13,79,80000,88192
13,80,81000,88198
13,81,82000,88205
13,82,83000,88208
13,83,84000,88233
13,84,85000,88233
13,85,86000,88233
13,86,87000,88239
13,87,88000,88248
13,88,89000,88248
13,89,90000,88252
13,90,91000,88258
13,91,92000,88264
13,92,93000,88264
13,93,94000,88274
13,94,95000,88279
13,95,96000,88279
13,96,97000,88279
13,97,98000,88283
13,98,99000,88288
13,99,100000,88288
13,100,101000,88290
13,101,102000,88298
13,102,103000,88311
13,103,104000,88311
13,104,105000,88320
13,105,106000,88320
13,106,107000,88327
13,107,108000,88327
13,108,109000,88332
13,109,110000,88340
13,110,111000,88340
13,111,112000,88357
13,112,113000,88359
13,113,114000,88368
13,114,115000,88368
13,115,116000,88374
13,116,117000,88374
13,117,118000,88381
13,118,119000,88381
13,119,120000,88386
13,120,121000,88394
13,121,122000,88396
13,122,123000,88408
13,123,124000,88428
13,124,125000,88431
13,125,126000,88434
13,126,127000,88438
13,127,128000,88438
13,128,129000,88445
13,129,130000,88445
13,130,131000,88447
13,131,132000,88447
13,132,133000,88455
13,133,134000,88455
13,134,135000,88456
13,135,136000,88456
13,136,137000,88456
13,137,138000,88456
13,138,139000,88464
13,139,140000,88472
13,140,141000,88472
13,141,142000,88472
13,142,143000,88473
13,143,144000,88481
13,144,145000,88483
13,145,146000,88484
13,146,147000,88490
13,147,148000,88498
13,148,149000,88498
13,149,150000,88498
13,150,151000,88498
13,151,152000,88504
13,152,153000,88504
13,153,154000,88507
13,154,155000,88510
13,155,156000,88513
13,156,157000,88519
13,157,158000,88531
13,158,159000,88531
13,159,160000,88534
13,160,161000,88534
13,161,162000,88539
13,162,163000,88539
13,163,164000,88539
13,164,165000,88539
13,165,166000,88539
13,166,167000,88539
13,167,168000,88547
13,168,169000,88547
13,169,170000,88547
13,170,171000,88547
13,171,172000,88548
13,172,173000,88548
13,173,174000,88550
13,174,175000,88550
13,175,176000,88550
13,176,177000,88550
13,177,178000,88565
13,178,179000,88565
13,179,180000,88565
13,180,181000,88574
13,181,182000,88574
13,182,183000,88579
13,183,184000,88579
13,184,185000,88579
13,185,186000,88580
13,186,187000,88580
13,187,188000,88580
13,188,189000,88581
13,189,190000,88589
13,190,191000,88590
13,191,192000,88590
13,192,193000,88590
13,193,194000,88592
13,194,195000,88594
13,195,196000,88602
13,196,197000,88602
13,197,198000,88602
13,198,199000,88602
13,199,200000,88602
13,200,201000,88603
13,201,202000,88603
13,202,203000,88603
13,203,204000,88603
13,204,205000,88603
13,205,206000,88603
13,206,207000,88603
13,207,208000,88603
13,208,209000,88603
13,209,210000,88603
13,210,211000,88603
13,211,212000,88603
13,212,213000,88603
13,213,214000,88603
13,214,215000,88603
13,215,216000,88603
13,216,217000,88603
13,217,218000,88603
13,218,219000,88603
13,219,220000,88603
13,220,221000,88603
13,221,222000,88603
13,222,223000,88603
13,223,224000,88603
13,224,225000,88603
13,225,226000,88603
13,226,227000,88603
13,227,228000,88603
13,228,229000,88603
13,229,230000,88603
13,230,231000,88603
13,231,232000,88603
13,232,233000,88603
13,233,234000,88603
13,234,235000,88603
13,235,236000,88603
13,236,237000,88603
13,237,238000,88603
13,238,239000,88603
13,239,240000,88603
13,240,241000,88603
13,241,242000,88603
13,242,243000,88603
13,243,244000,88603
13,244,245000,88603
13,245,246000,88603
13,246,247000,88603
13,247,248000,88603
13,248,249000,88603
13,249,250000,88603
13,250,251000,88603
13,251,252000,88603
13,252,253000,88607
13,253,254000,88607
13,254,255000,88607
13,255,256000,88607
13,256,257000,88607
13,257,258000,88607
13,258,259000,88607
13,259,260000,88607
13,260,261000,88607
13,261,262000,88607
13,262,263000,88607
13,263,264000,88607
13,264,265000,88607
13,265,266000,88611
13,266,267000,88611
13,267,268000,88611
13,268,269000,88611
13,269,270000,88611
13,270,271000,88611
13,271,272000,88611
13,272,273000,88615
13,273,274000,88615
13,274,275000,88615
13,275,276000,88615
13,276,277000,88615
13,277,278000,88615
13,278,279000,88615
13,279,280000,88615
13,280,281000,88615
13,281,282000,88615
13,282,283000,88615
13,283,284000,88615
13,284,285000,88615
13,285,286000,88615
13,286,287000,88615
13,287,288000,88615
13,288,289000,88615
13,289,290000,88615
13,290,291000,88615
13,291,292000,88615
13,292,293000,88615
13,293,294000,88615
13,294,295000,88615
13,295,296000,88615
13,296,297000,88615
13,297,298000,88615
13,298,299000,88615
13,299,300000,88615
13,300,301000,88615
13,301,302000,88615
13,302,303000,88615
13,303,304000,88615
13,304,305000,88619
13,305,306000,88619
13,306,307000,88619
13,307,308000,88619
13,308,309000,88619
13,309,310000,88619
13,310,311000,88619
13,311,312000,88619
13,312,313000,88621
13,313,314000,88621
13,314,315000,88621
13,315,316000,88621
13,316,317000,88621
13,317,318000,88622
13,318,319000,88622
13,319,320000,88622
13,320,321000,88622
13,321,322000,88630
13,322,323000,88630
13,323,324000,88630
13,324,325000,88631
13,325,326000,88631
13,326,327000,88631
13,327,328000,88631
13,328,329000,88631
13,329,330000,88631
13,330,331000,88631
13,331,332000,88631
13,332,333000,88631
13,333,334000,88631
13,334,335000,88631
13,335,336000,88631
13,336,337000,88631
13,337,338000,88631
13,338,339000,88631
13,339,340000,88631
13,340,341000,88631
13,341,342000,88631
13,342,343000,88631
13,343,344000,88631
13,344,345000,88631
13,345,346000,88631
13,346,347000,88631
13,347,348000,88631
13,348,349000,88631
13,349,350000,88631
13,350,351000,88631
13,351,352000,88631
13,352,353000,88631
13,353,354000,88631
13,354,355000,88631
13,355,356000,88631
13,356,357000,88631
13,357,358000,88631
13,358,359000,88631
13,359,360000,88631
13,360,361000,88631
13,361,362000,88631
13,362,363000,88631
13,363,364000,88631
13,364,365000,88631
13,365,366000,88631
13,366,367000,88631
13,367,368000,88631
13,368,369000,88631
13,369,370000,88631
13,370,371000,88631
13,371,372000,88631
13,372,373000,88631
13,373,374000,88631
13,374,375000,88631
13,375,376000,88631
13,376,377000,88631
13,377,378000,88631
13,378,379000,88631
13,379,380000,88631
13,380,381000,88631
13,381,382000,88631
13,382,383000,88631
13,383,384000,88631
13,384,385000,88631
13,385,386000,88631
13,386,387000,88631
13,387,388000,88631
13,388,389000,88631
13,389,390000,88631
13,390,391000,88631
13,391,392000,88631
13,392,393000,88631
13,393,394000,88631
13,394,395000,88631
13,395,396000,88631
13,396,397000,88631
13,397,398000,88631
13,398,399000,88631
13,399,400000,88631
13,400,401000,88631
13,401,402000,88631
13,402,403000,88631
13,403,404000,88631
13,404,405000,88631
13,405,406000,88631
13,406,407000,88631
13,407,408000,88631
13,408,409000,88631
13,409,410000,88631
13,410,411000,88631
13,411,412000,88631
13,412,413000,88631
13,413,414000,88631
13,414,415000,88631
13,415,416000,88631
13,416,417000,88631
13,417,418000,88631
13,418,419000,88631
13,419,420000,88631
13,420,421000,88631
13,421,422000,88631
13,422,423000,88631
13,423,424000,88631
13,424,425000,88631
13,425,426000,88631
13,426,427000,88631
13,427,428000,88631
13,428,429000,88631
13,429,430000,88631
13,430,431000,88631
13,431,432000,88631
13,432,433000,88631
13,433,434000,88631
13,434,435000,88631
13,435,436000,88631
13,436,437000,88631
13,437,438000,88647
13,438,439000,88653
13,439,440000,88653
13,440,441000,88653
13,441,442000,88653
13,442,443000,88653
13,443,444000,88653
13,444,445000,88653
13,445,446000,88653
13,446,447000,88653
13,447,448000,88653
13,448,449000,88653
13,449,450000,88653
13,450,451000,88653
13,451,452000,88653
13,452,453000,88653
13,453,454000,88653
13,454,455000,88653
13,455,456000,88653
13,456,457000,88653
13,457,458000,88653
13,458,459000,88653
13,459,460000,88653
13,460,461000,88653
13,461,462000,88653
13,462,463000,88653
13,463,464000,88653
13,464,465000,88653
13,465,466000,88653
13,466,467000,88653
13,467,468000,88653
13,468,469000,88653
13,469,470000,88653
13,470,471000,88653
13,471,472000,88653
13,472,473000,88653
13,473,474000,88653
13,474,475000,88653
13,475,476000,88653
13,476,477000,88653
13,477,478000,88653
13,478,479000,88653
13,479,480000,88653
13,480,481000,88653
13,481,482000,88653
13,482,483000,88653
13,483,484000,88653
13,484,485000,88653
13,485,486000,88653
13,486,487000,88653
13,487,488000,88653
13,488,489000,88653
13,489,490000,88653
13,490,491000,88653
13,491,492000,88653
13,492,493000,88653
13,493,494000,88653
13,494,495000,88653
13,495,496000,88653
13,496,497000,88653
13,497,498000,88653
13,498,499000,88653
13,499,500000,88653
13,500,501000,88653
13,501,502000,88653
13,502,503000,88653
13,503,504000,88653
13,504,505000,88653
13,505,506000,88653
13,506,507000,88653
13,507,508000,88653
13,508,509000,88653
13,509,510000,88653
13,510,511000,88653
13,511,512000,88653
13,512,513000,88653
13,513,514000,88653
13,514,515000,88653
13,515,516000,88653
13,516,517000,88653
13,517,518000,88653
13,518,519000,88653
13,519,520000,88653
13,520,521000,88653
13,521,522000,88653
13,522,523000,88653
13,523,524000,88653
13,524,525000,88653
13,525,526000,88653
13,526,527000,88653
13,527,528000,88653
13,528,529000,88653
13,529,530000,88653
13,530,531000,88653
13,531,532000,88653
13,532,533000,88653
13,533,534000,88653
13,534,535000,88653
13,535,536000,88653
13,536,537000,88653
13,537,538000,88653
13,538,539000,88653
13,539,540000,88653
13,540,541000,88653
13,541,542000,88653
13,542,543000,88660
13,543,544000,88660
13,544,545000,88660
13,545,546000,88661
13,546,547000,88661
13,547,548000,88661
13,548,549000,88661
13,549,550000,88661
13,550,551000,88661
13,551,552000,88661
13,552,553000,88661
13,553,554000,88661
13,554,555000,88661
13,555,556000,88661
13,556,557000,88661
13,557,558000,88661
13,558,559000,88661
13,559,560000,88661
13,560,561000,88661
13,561,562000,88661
13,562,563000,88661
13,563,564000,88661
13,564,565000,88661
13,565,566000,88661
13,566,567000,88661
13,567,568000,88661
13,568,569000,88661
13,569,570000,88661
13,570,571000,88661
13,571,572000,88661
13,572,573000,88661
13,573,574000,88661
13,574,575000,88661
13,575,576000,88661
13,576,577000,88661
13,577,578000,88661
13,578,579000,88661
13,579,580000,88661
13,580,581000,88661
13,581,582000,88661
13,582,583000,88661
13,583,584000,88661
13,584,585000,88661
13,585,586000,88661
13,586,587000,88661
13,587,588000,88661
13,588,589000,88661
13,589,590000,88661
13,590,591000,88661
13,591,592000,88661
13,592,593000,88661
13,593,594000,88661
13,594,595000,88661
13,595,596000,88661
13,596,597000,88661
13,597,598000,88661
13,598,599000,88661
13,599,600000,88661
13,600,601000,88661
13,601,602000,88661
13,602,603000,88661
13,603,604000,88661
13,604,605000,88661
13,605,606000,88661
13,606,607000,88661
13,607,608000,88661
13,608,609000,88661
13,609,610000,88661
13,610,611000,88661
13,611,612000,88661
13,612,613000,88661
13,613,614000,88661
13,614,615000,88661
13,615,616000,88661
13,616,617000,88661
13,617,618000,88661
13,618,619000,88661
13,619,620000,88661
13,620,621000,88661
13,621,622000,88661
13,622,623000,88661
13,623,624000,88661
13,624,625000,88661
13,625,626000,88661
13,626,627000,88661
13,627,628000,88661
13,628,629000,88661
13,629,630000,88661
13,630,631000,88661
13,631,632000,88661
13,632,633000,88661
13,633,634000,88661
13,634,635000,88661
13,635,636000,88661
13,636,637000,88661
13,637,638000,88661
13,638,639000,88661
13,639,640000,88661
13,640,641000,88661
13,641,642000,88661
13,642,643000,88661
13,643,644000,88661
13,644,645000,88661
13,645,646000,88661
13,646,647000,88661
13,647,648000,88661
13,648,649000,88661
13,649,650000,88661
13,650,651000,88661
13,651,652000,88661
13,652,653000,88661
13,653,654000,88661
13,654,655000,88661
13,655,656000,88661
13,656,657000,88661
13,657,658000,88661
13,658,659000,88661
13,659,660000,88661
13,660,661000,88661
13,661,662000,88661
13,662,663000,88661
13,663,664000,88661
13,664,665000,88661
13,665,666000,88661
13,666,667000,88661
13,667,668000,88661
13,668,669000,88661
13,669,670000,88661
13,670,671000,88661
13,671,672000,88661
13,672,673000,88661
13,673,674000,88661
13,674,675000,88661
13,675,676000,88661
13,676,677000,88661
13,677,678000,88661
13,678,679000,88661
13,679,680000,88661
13,680,681000,88661
13,681,682000,88661
13,682,683000,88661
13,683,684000,88661
13,684,685000,88661
13,685,686000,88661
13,686,687000,88661
13,687,688000,88661
13,688,689000,88661
13,689,690000,88661
13,690,691000,88661
13,691,692000,88661
13,692,693000,88661
13,693,694000,88661
13,694,695000,88661
13,695,696000,88661
13,696,697000,88661
13,697,698000,88661
13,698,699000,88661
13,699,700000,88661
13,700,701000,88661
13,701,702000,88661
13,702,703000,88661
13,703,704000,88661
13,704,705000,88661
13,705,706000,88661
13,706,707000,88661
13,707,708000,88661
13,708,709000,88661
13,709,710000,88661
13,710,711000,88661
13,711,712000,88661
13,712,713000,88661
13,713,714000,88661
13,714,715000,88661
13,715,716000,88661
13,716,717000,88661
13,717,718000,88661
13,718,719000,88661
13,719,720000,88661
13,720,721000,88661
13,721,722000,88661
13,722,723000,88661
13,723,724000,88661
13,724,725000,88661
13,725,726000,88661
13,726,727000,88661
13,727,728000,88661
13,728,729000,88661
13,729,730000,88661
13,730,731000,88661
13,731,732000,88661
13,732,733000,88661
13,733,734000,88661
13,734,735000,88661
13,735,736000,88661
13,736,737000,88661
13,737,738000,88661
13,738,739000,88661
13,739,740000,88661
13,740,741000,88661
13,741,742000,88661
13,742,743000,88661
13,743,744000,88661
13,744,745000,88661
13,745,746000,88661
13,746,747000,88661
13,747,748000,88661
13,748,749000,88661
13,749,750000,88661
13,750,751000,88661
13,751,752000,88661
13,752,753000,88661
13,753,754000,88661
13,754,755000,88661
13,755,756000,88661
13,756,757000,88661
13,757,758000,88661
13,758,759000,88661
13,759,760000,88661
13,760,761000,88661
13,761,762000,88661
13,762,763000,88661
13,763,764000,88661
13,764,765000,88661
13,765,766000,88661
13,766,767000,88661
13,767,768000,88661
13,768,769000,88661
13,769,770000,88661
13,770,771000,88661
13,771,772000,88661
13,772,773000,88661
13,773,774000,88661
13,774,775000,88661
13,775,776000,88661
13,776,777000,88661
13,777,778000,88661
13,778,779000,88661
13,779,780000,88661
13,780,781000,88661
13,781,782000,88661
13,782,783000,88661
13,783,784000,88661
13,784,785000,88661
13,785,786000,88661
13,786,787000,88661
13,787,788000,88661
13,788,789000,88661
13,789,790000,88661
13,790,791000,88661
13,791,792000,88661
13,792,793000,88661
13,793,794000,88661
13,794,795000,88661
13,795,796000,88661
13,796,797000,88661
13,797,798000,88661
13,798,799000,88661
13,799,800000,88661
13,800,801000,88661
13,801,802000,88661
13,802,803000,88661
13,803,804000,88661
13,804,805000,88661
13,805,806000,88661
13,806,807000,88661
13,807,808000,88661
13,808,809000,88661
13,809,810000,88661
13,810,811000,88661
13,811,812000,88661
13,812,813000,88661
13,813,814000,88661
13,814,815000,88661
13,815,816000,88661
13,816,817000,88661
13,817,818000,88661
13,818,819000,88661
13,819,820000,88661
13,820,821000,88661
13,821,822000,88661
13,822,823000,88661
13,823,824000,88661
13,824,825000,88661
13,825,826000,88661
13,826,827000,88661
13,827,828000,88661
13,828,829000,88661
13,829,830000,88661
13,830,831000,88661
13,831,832000,88661
13,832,833000,88661
13,833,834000,88661
13,834,835000,88661
13,835,836000,88661
13,836,837000,88661
13,837,838000,88661
13,838,839000,88661
13,839,840000,88661
13,840,841000,88661
13,841,842000,88661
13,842,843000,88661
13,843,844000,88661
13,844,845000,88661
13,845,846000,88661
13,846,847000,88661
13,847,848000,88661
13,848,849000,88661
13,849,850000,88661
13,850,851000,88661
13,851,852000,88661
13,852,853000,88661
13,853,854000,88661
13,854,855000,88661
13,855,856000,88661
13,856,857000,88661
13,857,858000,88661
13,858,859000,88661
13,859,860000,88661
13,860,861000,88661
13,861,862000,88661
13,862,863000,88661
13,863,864000,88661
13,864,865000,88661
13,865,866000,88661
13,866,867000,88661
13,867,868000,88661
13,868,869000,88661
13,869,870000,88661
13,870,871000,88661
13,871,872000,88661
13,872,873000,88661
13,873,874000,88661
13,874,875000,88661
13,875,876000,88661
13,876,877000,88661
13,877,878000,88661
13,878,879000,88661
13,879,880000,88661
13,880,881000,88661
13,881,882000,88661
13,882,883000,88661
13,883,884000,88661
13,884,885000,88661
13,885,886000,88661
13,886,887000,88661
13,887,888000,88661
13,888,889000,88661
13,889,890000,88661
13,890,891000,88661
13,891,892000,88661
13,892,893000,88661
13,893,894000,88661
13,894,895000,88661
13,895,896000,88661
13,896,897000,88661
13,897,898000,88661
13,898,899000,88661
13,899,900000,88661
13,900,901000,88661
13,901,902000,88661
13,902,903000,88661
13,903,904000,88661
13,904,905000,88661
13,905,906000,88661
13,906,907000,88661
13,907,908000,88661
13,908,909000,88661
13,909,910000,88661
13,910,911000,88661
13,911,912000,88661
13,912,913000,88661
13,913,914000,88661
13,914,915000,88661
13,915,916000,88661
13,916,917000,88661
13,917,918000,88661
13,918,919000,88661
13,919,920000,88661
13,920,921000,88661
13,921,922000,88661
13,922,923000,88661
13,923,924000,88661
13,924,925000,88661
13,925,926000,88661
13,926,927000,88661
13,927,928000,88661
13,928,929000,88661
13,929,930000,88661
13,930,931000,88661
13,931,932000,88661
13,932,933000,88661
13,933,934000,88661
13,934,935000,88661
13,935,936000,88661
13,936,937000,88661
13,937,938000,88661
13,938,939000,88661
13,939,940000,88661
13,940,941000,88661
13,941,942000,88661
13,942,943000,88661
13,943,944000,88661
13,944,945000,88661
13,945,946000,88661
13,946,947000,88661
13,947,948000,88661
13,948,949000,88661
13,949,950000,88661
13,950,951000,88661
13,951,952000,88661
13,952,953000,88661
13,953,954000,88661
13,954,955000,88661
13,955,956000,88661
13,956,957000,88661
13,957,958000,88661
13,958,959000,88661
13,959,960000,88661
13,960,961000,88661
13,961,962000,88661
13,962,963000,88661
13,963,964000,88661
13,964,965000,88661
13,965,966000,88661
13,966,967000,88661
13,967,968000,88661
13,968,969000,88661
13,969,970000,88661
13,970,971000,88661
13,971,972000,88661
13,972,973000,88661
13,973,974000,88661
13,974,975000,88661
13,975,976000,88661
13,976,977000,88661
13,977,978000,88661
13,978,979000,88661
13,979,980000,88661
13,980,981000,88661
13,981,982000,88661
13,982,983000,88661
13,983,984000,88661
13,984,985000,88661
13,985,986000,88661
13,986,987000,88661
13,987,988000,88661
13,988,989000,88661
13,989,990000,88661
13,990,991000,88661
13,991,992000,88661
13,992,993000,88661
13,993,994000,88661
13,994,995000,88661
13,995,996000,88661
13,996,997000,88661
13,997,998000,88661
13,998,999000,88661
13,999,1000000,88661
14,0,1000,73438
14,1,2000,75653
14,2,3000,78168
14,3,4000,79695
14,4,5000,79942
14,5,6000,81307
14,6,7000,81881
14,7,8000,82547
14,8,9000,82882
14,9,10000,83243
14,10,11000,83859
14,11,12000,83990
14,12,13000,84133
14,13,14000,84486
14,14,15000,84590
14,15,16000,85087
14,16,17000,85202
14,17,18000,85266
14,18,19000,85557
14,19,20000,85741
14,20,21000,85802
14,21,22000,85858
14,22,23000,85910
14,23,24000,86176
14,24,25000,86228
14,25,26000,86442
14,26,27000,86574
14,27,28000,86673
14,28,29000,86786
14,29,30000,86880
14,30,31000,86894
14,31,32000,87067
14,32,33000,87169
14,33,34000,87176
14,34,35000,87225
14,35,36000,87368
14,36,37000,87378
14,37,38000,87389
14,38,39000,87394
14,39,40000,87455
14,40,41000,87461
14,41,42000,87507
14,42,43000,87509
14,43,44000,87548
14,44,45000,87564
14,45,46000,87594
14,46,47000,87673
14,47,48000,87673
14,48,49000,87711
14,49,50000,87755
14,50,51000,87783
14,51,52000,87783
14,52,53000,87784
14,53,54000,87798
14,54,55000,87807
14,55,56000,87820
14,56,57000,87834
14,57,58000,87843
14,58,59000,87878
14,59,60000,87884
14,60,61000,87931
14,61,62000,87981
14,62,63000,87981
14,63,64000,87996
14,64,65000,88000
14,65,66000,88009
14,66,67000,88009
14,67,68000,88009
14,68,69000,88033
14,69,70000,88050
14,70,71000,88050
14,71,72000,88050
14,72,73000,88052
14,73,74000,88063
14,74,75000,88063
14,75,76000,88099
14,76,77000,88106
14,77,78000,88108
14,78,79000,88117
14,79,80000,88125
14,80,81000,88141
14,81,82000,88153
14,82,83000,88158
14,83,84000,88158
14,84,85000,88158
14,85,86000,88158
14,86,87000,88177
14,87,88000,88177
14,88,89000,88177
14,89,90000,88177
14,90,91000,88186
14,91,92000,88212
14,92,93000,88213
14,93,94000,88231
14,94,95000,88257
14,95,96000,88257
14,96,97000,88272
14,97,98000,88278
14,98,99000,88286
14,99,100000,88290
14,100,101000,88296
14,101,102000,88297
14,102,103000,88302
14,103,104000,88302
14,104,105000,88313
14,105,106000,88315
14,106,107000,88348
14,107,108000,88348
14,108,109000,88353
14,109,110000,88367
14,110,111000,88376
14,111,112000,88378
14,112,113000,88385
14,113,114000,88395
14,114,115000,88402
14,115,116000,88402
14,116,117000,88413
14,117,118000,88422
14,118,119000,88422
14,119,120000,88427
14,120,121000,88429
14,121,122000,88433
14,122,123000,88439
14,123,124000,88441
14,124,125000,88445
14,125,126000,88445
14,126,127000,88448
14,127,128000,88448
14,128,129000,88448
14,129,130000,88456
14,130,131000,88456
14,131,132000,88456
14,132,133000,88460
14,133,134000,88481
14,134,135000,88481
14,135,136000,88485
14,136,137000,88485
14,137,138000,88485
14,138,139000,88485
14,139,140000,88488
14,140,141000,88488
14,141,142000,88490
14,142,143000,88490
14,143,144000,88495
14,144,145000,88495
14,145,146000,88502
14,146,147000,88505
14,147,148000,88519
14,148,149000,88519
14,149,150000,88519
14,150,151000,88522
14,151,152000,88522
14,152,153000,88522
14,153,154000,88533
14,154,155000,88533
14,155,156000,88536
14,156,157000,88536
14,157,158000,88536
14,158,159000,88536
14,159,160000,88538
14,160,161000,88538
14,161,162000,88538
14,162,163000,88538
14,163,164000,88542
14,164,165000,88542
14,165,166000,88542
14,166,167000,88542
14,167,168000,88542
14,168,169000,88542
14,169,170000,88542
14,170,171000,88542
14,171,172000,88542
14,172,173000,88542
14,173,174000,88542
14,174,175000,88542
14,175,176000,88542
14,176,177000,88542
14,177,178000,88544
14,178,179000,88544
14,179,180000,88544
14,180,181000,88544
14,181,182000,88547
14,182,183000,88551
14,183,184000,88551
14,184,185000,88553
14,185,186000,88553
14,186,187000,88559
14,187,188000,88561
14,188,189000,88561
14,189,190000,88561
14,190,191000,88567
14,191,192000,88567
14,192,193000,88567
14,193,194000,88567
14,194,195000,88567
14,195,196000,88567
14,196,197000,88567
14,197,198000,88567
14,198,199000,88567
14,199,200000,88569
14,200,201000,88569
14,201,202000,88569
14,202,203000,88569
14,203,204000,88571
14,204,205000,88584
14,205,206000,88584
14,206,207000,88584
14,207,208000,88593
14,208,209000,88593
14,209,210000,88593
14,210,211000,88593
14,211,212000,88593
14,212,213000,88593
14,213,214000,88593
14,214,215000,88593
14,215,216000,88593
14,216,217000,88593
14,217,218000,88593
14,218,219000,88593
14,219,220000,88593
14,220,221000,88593
14,221,222000,88593
14,222,223000,88593
14,223,224000,88593
14,224,225000,88593
14,225,226000,88597
14,226,227000,88597
14,227,228000,88597
14,228,229000,88597
14,229,230000,88597
14,230,231000,88599
14,231,232000,88599
14,232,233000,88599
14,233,234000,88599
14,234,235000,88599
14,235,236000,88599
14,236,237000,88599
14,237,238000,88599
14,238,239000,88599
14,239,240000,88599
14,240,241000,88599
14,241,242000,88611
14,242,243000,88611
14,243,244000,88611
14,244,245000,88611
14,245,246000,88611
14,246,247000,88611
14,247,248000,88611
14,248,249000,88611
14,249,250000,88611
14,250,251000,88611
14,251,252000,88611
14,252,253000,88611
14,253,254000,88611
14,254,255000,88611
14,255,256000,88611
14,256,257000,88611
14,257,258000,88611
14,258,259000,88613
14,259,260000,88613
14,260,261000,88613
14,261,262000,88613
14,262,263000,88615
14,263,264000,88615
14,264,265000,88615
14,265,266000,88615
14,266,267000,88617
14,267,268000,88617
14,268,269000,88617
14,269,270000,88617
14,270,271000,88618
14,271,272000,88618
14,272,273000,88618
14,273,274000,88618
14,274,275000,88618
14,275,276000,88618
14,276,277000,88618
14,277,278000,88618
14,278,279000,88618
14,279,280000,88622
14,280,281000,88622
14,281,282000,88622
14,282,283000,88622
14,283,284000,88622
14,284,285000,88622
14,285,286000,88622
14,286,287000,88622
14,287,288000,88622
14,288,289000,88622
14,289,290000,88622
14,290,291000,88622
14,291,292000,88622
14,292,293000,88622
14,293,294000,88622
14,294,295000,88622
14,295,296000,88622
14,296,297000,88622
14,297,298000,88622
14,298,299000,88622
14,299,300000,88622
14,300,301000,88622
14,301,302000,88622
14,302,303000,88622
14,303,304000,88622
14,304,305000,88626
14,305,306000,88626
14,306,307000,88626
14,307,308000,88626
14,308,309000,88626
14,309,310000,88626
14,310,311000,88626
14,311,312000,88626
14,312,313000,88626
14,313,314000,88626
14,314,315000,88626
14,315,316000,88626
14,316,317000,88626
14,317,318000,88626
14,318,319000,88626
14,319,320000,88626
14,320,321000,88626
14,321,322000,88626
14,322,323000,88626
14,323,324000,88626
14,324,325000,88626
14,325,326000,88626
14,326,327000,88626
14,327,328000,88626
14,328,329000,88626
14,329,330000,88626
14,330,331000,88626
14,331,332000,88626
14,332,333000,88626
14,333,334000,88626
14,334,335000,88626
14,335,336000,88626
14,336,337000,88626
14,337,338000,88626
14,338,339000,88626
14,339,340000,88626
14,340,341000,88626
14,341,342000,88626
14,342,343000,88626
14,343,344000,88626
14,344,345000,88626
14,345,346000,88626
14,346,347000,88626
14,347,348000,88626
14,348,349000,88630
14,349,350000,88630
14,350,351000,88630
14,351,352000,88630
14,352,353000,88630
14,353,354000,88630
14,354,355000,88630
14,355,356000,88630
14,356,357000,88630
14,357,358000,88630
14,358,359000,88630
14,359,360000,88630
14,360,361000,88630
14,361,362000,88630
14,362,363000,88630
14,363,364000,88630
14,364,365000,88630
14,365,366000,88630
14,366,367000,88630
14,367,368000,88630
14,368,369000,88630
14,369,370000,88630
14,370,371000,88630
14,371,372000,88630
14,372,373000,88630
14,373,374000,88630
14,374,375000,88630
14,375,376000,88630
14,376,377000,88630
14,377,378000,88630
14,378,379000,88630
14,379,380000,88630
14,380,381000,88630
14,381,382000,88630
14,382,383000,88630
14,383,384000,88634
14,384,385000,88634
14,385,386000,88634
14,386,387000,88634
14,387,388000,88634
14,388,389000,88634
14,389,390000,88634
14,390,391000,88634
14,391,392000,88634
14,392,393000,88634
14,393,394000,88634
14,394,395000,88634
14,395,396000,88634
14,396,397000,88634
14,397,398000,88634
14,398,399000,88634
14,399,400000,88634
14,400,401000,88634
14,401,402000,88634
14,402,403000,88634
14,403,404000,88634
14,404,405000,88634
14,405,406000,88634
14,406,407000,88634
14,407,408000,88634
14,408,409000,88634
14,409,410000,88634
14,410,411000,88634
14,411,412000,88634
14,412,413000,88634
14,413,414000,88634
14,414,415000,88634
14,415,416000,88634
14,416,417000,88634
14,417,418000,88634
14,418,419000,88634
14,419,420000,88634
14,420,421000,88634
14,421,422000,88634
14,422,423000,88634
14,423,424000,88634
14,424,425000,88634
14,425,426000,88634
14,426,427000,88634
14,427,428000,88634
14,428,429000,88634
14,429,430000,88634
14,430,431000,88634
14,431,432000,88634
14,432,433000,88634
14,433,434000,88634
14,434,435000,88634
14,435,436000,88634
14,436,437000,88634
14,437,438000,88634
14,438,439000,88634
14,439,440000,88634
14,440,441000,88634
14,441,442000,88634
14,442,443000,88634
14,443,444000,88634
14,444,445000,88634
14,445,446000,88634
14,446,447000,88634
14,447,448000,88634
14,448,449000,88634
14,449,450000,88634
14,450,451000,88634
14,451,452000,88634
14,452,453000,88645
14,453,454000,88645
14,454,455000,88645
14,455,456000,88645
14,456,457000,88645
14,457,458000,88645
14,458,459000,88645
14,459,460000,88645
14,460,461000,88645
14,461,462000,88645
14,462,463000,88645
14,463,464000,88645
14,464,465000,88645
14,465,466000,88645
14,466,467000,88645
14,467,468000,88645
14,468,469000,88645
14,469,470000,88645
14,470,471000,88645
14,471,472000,88645
14,472,473000,88645
14,473,474000,88645
14,474,475000,88645
14,475,476000,88645
14,476,477000,88645
14,477,478000,88645
14,478,479000,88645
14,479,480000,88645
14,480,481000,88645
14,481,482000,88645
14,482,483000,88645
14,483,484000,88645
14,484,485000,88645
14,485,486000,88645
14,486,487000,88645
14,487,488000,88645
14,488,489000,88645
14,489,490000,88645
14,490,491000,88645
14,491,492000,88645
14,492,493000,88645
14,493,494000,88645
14,494,495000,88654
14,495,496000,88654
14,496,497000,88654
14,497,498000,88654
14,498,499000,88661
14,499,500000,88662
14,500,501000,88662
14,501,502000,88671
14,502,503000,88671
14,503,504000,88672
14,504,505000,88672
14,505,506000,88672
14,506,507000,88673
14,507,508000,88673
14,508,509000,88673
14,509,510000,88673
14,510,511000,88673
14,511,512000,88673
14,512,513000,88673
14,513,514000,88673
14,514,515000,88673
14,515,516000,88673
14,516,517000,88673
14,517,518000,88677
14,518,519000,88677
14,519,520000,88677
14,520,521000,88677
14,521,522000,88677
14,522,523000,88677
14,523,524000,88677
14,524,525000,88677
14,525,526000,88677
14,526,527000,88677
14,527,528000,88677
14,528,529000,88677
14,529,530000,88677
14,530,531000,88677
14,531,532000,88677
14,532,533000,88677
14,533,534000,88677
14,534,535000,88677
14,535,536000,88677
14,536,537000,88677
14,537,538000,88677
14,538,539000,88677
14,539,540000,88677
14,540,541000,88677
14,541,542000,88677
14,542,543000,88677
14,543,544000,88677
14,544,545000,88677
14,545,546000,88677
14,546,547000,88677
14,547,548000,88677
14,548,549000,88677
14,549,550000,88677
14,550,551000,88677
14,551,552000,88677
14,552,553000,88677
14,553,554000,88677
14,554,555000,88677
14,555,556000,88677
14,556,557000,88677
14,557,558000,88677
14,558,559000,88677
14,559,560000,88677
14,560,561000,88677
14,561,562000,88677
14,562,563000,88677
14,563,564000,88677
14,564,565000,88677
14,565,566000,88677
14,566,567000,88677
14,567,568000,88677
14,568,569000,88677
14,569,570000,88677
14,570,571000,88677
14,571,572000,88677
14,572,573000,88677
14,573,574000,88677
14,574,575000,88677
14,575,576000,88677
14,576,577000,88677
14,577,578000,88677
14,578,579000,88677
14,579,580000,88677
14,580,581000,88677
14,581,582000,88677
14,582,583000,88677
14,583,584000,88677
14,584,585000,88677
14,585,586000,88677
14,586,587000,88677
14,587,588000,88677
14,588,589000,88677
14,589,590000,88677
14,590,591000,88677
14,591,592000,88677
14,592,593000,88677
14,593,594000,88677
14,594,595000,88677
14,595,596000,88677
14,596,597000,88677
14,597,598000,88677
14,598,599000,88677
14,599,600000,88677
14,600,601000,88677
14,601,602000,88677
14,602,603000,88677
14,603,604000,88677
14,604,605000,88677
14,605,606000,88677
14,606,607000,88677
14,607,608000,88677
14,608,609000,88677
14,609,610000,88677
14,610,611000,88677
14,611,612000,88677
14,612,613000,88677
14,613,614000,88677
14,614,615000,88677
14,615,616000,88677
14,616,617000,88677
14,617,618000,88677
14,618,619000,88677
14,619,620000,88677
14,620,621000,88677
14,621,622000,88677
14,622,623000,88677
14,623,624000,88677
14,624,625000,88677
14,625,626000,88677
14,626,627000,88677
14,627,628000,88677
14,628,629000,88677
14,629,630000,88677
14,630,631000,88677
14,631,632000,88677
14,632,633000,88677
14,633,634000,88677
14,634,635000,88677
14,635,636000,88677
14,636,637000,88677
14,637,638000,88677
14,638,639000,88677
14,639,640000,88677
14,640,641000,88677
14,641,642000,88677
14,642,643000,88677
14,643,644000,88677
14,644,645000,88677
14,645,646000,88677
14,646,647000,88677
14,647,648000,88677
14,648,649000,88677
14,649,650000,88677
14,650,651000,88677
14,651,652000,88677
14,652,653000,88677
14,653,654000,88677
14,654,655000,88677
14,655,656000,88677
14,656,657000,88677
14,657,658000,88677
14,658,659000,88677
14,659,660000,88677
14,660,661000,88677
14,661,662000,88677
14,662,663000,88677
14,663,664000,88677
14,664,665000,88677
14,665,666000,88677
14,666,667000,88677
14,667,668000,88677
14,668,669000,88677
14,669,670000,88677
14,670,671000,88677
14,671,672000,88677
14,672,673000,88677
14,673,674000,88677
14,674,675000,88677
14,675,676000,88677
14,676,677000,88677
14,677,678000,88677
14,678,679000,88677
14,679,680000,88677
14,680,681000,88677
14,681,682000,88677
14,682,683000,88677
14,683,684000,88677
14,684,685000,88677
14,685,686000,88677
14,686,687000,88677
14,687,688000,88677
14,688,689000,88677
14,689,690000,88677
14,690,691000,88677
14,691,692000,88677
14,692,693000,88677
14,693,694000,88677
14,694,695000,88677
14,695,696000,88677
14,696,697000,88677
14,697,698000,88677
14,698,699000,88677
14,699,700000,88677
14,700,701000,88677
14,701,702000,88677
14,702,703000,88677
14,703,704000,88677
14,704,705000,88677
14,705,706000,88677
14,706,707000,88677
14,707,708000,88677
14,708,709000,88677
14,709,710000,88677
14,710,711000,88677
14,711,712000,88677
14,712,713000,88677
14,713,714000,88677
14,714,715000,88677
14,715,716000,88677
14,716,717000,88677
14,717,718000,88677
14,718,719000,88677
14,719,720000,88677
14,720,721000,88677
14,721,722000,88677
14,722,723000,88677
14,723,724000,88677
14,724,725000,88677
14,725,726000,88677
14,726,727000,88677
14,727,728000,88677
14,728,729000,88677
14,729,730000,88677
14,730,731000,88677
14,731,732000,88677
14,732,733000,88677
14,733,734000,88677
14,734,735000,88677
14,735,736000,88677
14,736,737000,88677
14,737,738000,88677
14,738,739000,88677
14,739,740000,88677
14,740,741000,88677
14,741,742000,88677
14,742,743000,88677
14,743,744000,88677
14,744,745000,88677
14,745,746000,88677
14,746,747000,88677
14,747,748000,88677
14,748,749000,88677
14,749,750000,88677
14,750,751000,88677
14,751,752000,88677
14,752,753000,88677
14,753,754000,88677
14,754,755000,88677
14,755,756000,88677
14,756,757000,88677
14,757,758000,88677
14,758,759000,88677
14,759,760000,88677
14,760,761000,88677
14,761,762000,88677
14,762,763000,88677
14,763,764000,88677
14,764,765000,88677
14,765,766000,88677
14,766,767000,88677
14,767,768000,88677
14,768,769000,88677
14,769,770000,88677
14,770,771000,88677
14,771,772000,88677
14,772,773000,88677
14,773,774000,88677
14,774,775000,88677
14,775,776000,88677
14,776,777000,88677
14,777,778000,88677
14,778,779000,88677
14,779,780000,88677
14,780,781000,88677
14,781,782000,88677
14,782,783000,88677
14,783,784000,88677
14,784,785000,88677
14,785,786000,88677
14,786,787000,88677
14,787,788000,88677
14,788,789000,88677
14,789,790000,88677
14,790,791000,88677
14,791,792000,88677
14,792,793000,88677
14,793,794000,88677
14,794,795000,88677
14,795,796000,88677
14,796,797000,88677
14,797,798000,88677
14,798,799000,88677
14,799,800000,88677
14,800,801000,88677
14,801,802000,88677
14,802,803000,88677
14,803,804000,88677
14,804,805000,88677
14,805,806000,88677
14,806,807000,88677
14,807,808000,88677
14,808,809000,88677
14,809,810000,88677
14,810,811000,88677
14,811,812000,88677
14,812,813000,88677
14,813,814000,88677
14,814,815000,88677
14,815,816000,88677
14,816,817000,88677
14,817,818000,88677
14,818,819000,88677
14,819,820000,88677
14,820,821000,88677
14,821,822000,88677
14,822,823000,88677
14,823,824000,88677
14,824,825000,88677
14,825,826000,88677
14,826,827000,88677
14,827,828000,88677
14,828,829000,88677
14,829,830000,88677
14,830,831000,88677
14,831,832000,88677
14,832,833000,88677
14,833,834000,88677
14,834,835000,88677
14,835,836000,88677
14,836,837000,88677
14,837,838000,88677
14,838,839000,88677
14,839,840000,88677
14,840,841000,88677
14,841,842000,88677
14,842,843000,88677
14,843,844000,88677
14,844,845000,88677
14,845,846000,88677
14,846,847000,88677
14,847,848000,88677
14,848,849000,88677
14,849,850000,88677
14,850,851000,88677
14,851,852000,88677
14,852,853000,88677
14,853,854000,88677
14,854,855000,88677
14,855,856000,88677
14,856,857000,88677
14,857,858000,88677
14,858,859000,88677
14,859,860000,88677
14,860,861000,88677
14,861,862000,88677
14,862,863000,88677
14,863,864000,88677
14,864,865000,88677
14,865,866000,88677
14,866,867000,88677
14,867,868000,88677
14,868,869000,88677
14,869,870000,88677
14,870,871000,88677
14,871,872000,88677
14,872,873000,88677
14,873,874000,88677
14,874,875000,88677
14,875,876000,88677
14,876,877000,88677
14,877,878000,88677
14,878,879000,88677
14,879,880000,88677
14,880,881000,88677
14,881,882000,88677
14,882,883000,88677
14,883,884000,88677
14,884,885000,88677
14,885,886000,88677
14,886,887000,88677
14,887,888000,88677
14,888,889000,88677
14,889,890000,88677
14,890,891000,88677
14,891,892000,88677
14,892,893000,88677
14,893,894000,88677
14,894,895000,88677
14,895,896000,88677
14,896,897000,88677
14,897,898000,88677
14,898,899000,88677
14,899,900000,88677
14,900,901000,88677
14,901,902000,88677
14,902,903000,88677
14,903,904000,88677
14,904,905000,88677
14,905,906000,88677
14,906,907000,88677
14,907,908000,88677
14,908,909000,88677
14,909,910000,88677
14,910,911000,88677
14,911,912000,88677
14,912,913000,88677
14,913,914000,88677
14,914,915000,88677
14,915,916000,88677
14,916,917000,88677
14,917,918000,88677
14,918,919000,88677
14,919,920000,88677
14,920,921000,88677
14,921,922000,88677
14,922,923000,88677
14,923,924000,88677
14,924,925000,88677
14,925,926000,88677
14,926,927000,88677
14,927,928000,88677
14,928,929000,88677
14,929,930000,88677
14,930,931000,88677
14,931,932000,88677
14,932,933000,88677
14,933,934000,88677
14,934,935000,88677
14,935,936000,88677
14,936,937000,88677
14,937,938000,88677
14,938,939000,88677
14,939,940000,88677
14,940,941000,88677
14,941,942000,88677
14,942,943000,88677
14,943,944000,88677
14,944,945000,88677
14,945,946000,88677
14,946,947000,88677
14,947,948000,88677
14,948,949000,88677
14,949,950000,88677
14,950,951000,88677
14,951,952000,88677
14,952,953000,88677
14,953,954000,88677
14,954,955000,88677
14,955,956000,88677
14,956,957000,88677
14,957,958000,88677
14,958,959000,88677
14,959,960000,88677
14,960,961000,88677
14,961,962000,88677
14,962,963000,88677
14,963,964000,88677
14,964,965000,88677
14,965,966000,88677
14,966,967000,88677
14,967,968000,88677
14,968,969000,88677
14,969,970000,88677
14,970,971000,88677
14,971,972000,88677
14,972,973000,88677
14,973,974000,88677
14,974,975000,88677
14,975,976000,88677
14,976,977000,88677
14,977,978000,88677
14,978,979000,88677
14,979,980000,88677
14,980,981000,88677
14,981,982000,88677
14,982,983000,88677
14,983,984000,88677
14,984,985000,88677
14,985,986000,88677
14,986,987000,88677
14,987,988000,88677
14,988,989000,88677
14,989,990000,88677
14,990,991000,88677
14,991,992000,88677
14,992,993000,88677
14,993,994000,88677
14,994,995000,88677
14,995,996000,88677
14,996,997000,88677
14,997,998000,88677
14,998,999000,88677
14,999,1000000,88677
15,0,1000,72680
15,1,2000,75890
15,2,3000,78119
15,3,4000,79582
15,4,5000,80007
15,5,6000,80797
15,6,7000,81330
15,7,8000,81784
15,8,9000,82126
15,9,10000,82803
15,10,11000,83761
15,11,12000,83765
15,12,13000,83915
15,13,14000,84052
15,14,15000,84215
15,15,16000,84528
15,16,17000,84565
15,17,18000,84846
15,18,19000,84887
15,19,20000,85001
15,20,21000,85250
15,21,22000,85328
15,22,23000,85811
15,23,24000,85933
15,24,25000,86090
15,25,26000,86287
15,26,27000,86323
15,27,28000,86527
15,28,29000,86782
15,29,30000,86798
15,30,31000,86840
15,31,32000,86914
15,32,33000,87001
15,33,34000,87048
15,34,35000,87083
15,35,36000,87187
15,36,37000,87218
15,37,38000,87223
15,38,39000,87299
15,39,40000,87320
15,40,41000,87403
15,41,42000,87425
15,42,43000,87510
15,43,44000,87577
15,44,45000,87657
15,45,46000,87669
15,46,47000,87689
15,47,48000,87711
15,48,49000,87767
15,49,50000,87775
15,50,51000,87860
15,51,52000,87893
15,52,53000,87912
15,53,54000,87947
15,54,55000,87956
15,55,56000,87970
15,56,57000,87991
15,57,58000,88015
15,58,59000,88046
15,59,60000,88060
15,60,61000,88076
15,61,62000,88094
15,62,63000,88117
15,63,64000,88143
15,64,65000,88143
15,65,66000,88156
15,66,67000,88156
15,67,68000,88170
15,68,69000,88179
15,69,70000,88201
15,70,71000,88241
15,71,72000,88241
15,72,73000,88243
15,73,74000,88246
15,74,75000,88252
15,75,76000,88262
15,76,77000,88263
15,77,78000,88278
15,78,79000,88300
15,79,80000,88300
15,80,81000,88300
15,81,82000,88325
15,82,83000,88330
15,83,84000,88338
15,84,85000,88338
15,85,86000,88349
15,86,87000,88355
15,87,88000,88363
15,88,89000,88375
15,89,90000,88376
15,90,91000,88376
15,91,92000,88379
15,92,93000,88380
15,93,94000,88380
15,94,95000,88388
15,95,96000,88388
15,96,97000,88398
15,97,98000,88398
15,98,99000,88423
15,99,100000,88423
15,100,101000,88439
15,101,102000,88448
15,102,103000,88455
15,103,104000,88455
15,104,105000,88455
15,105,106000,88456
15,106,107000,88460
15,107,108000,88472
15,108,109000,88473
15,109,110000,88473
15,110,111000,88477
15,111,112000,88481
15,112,113000,88482
15,113,114000,88485
15,114,115000,88486
15,115,116000,88512
15,116,117000,88514
15,117,118000,88518
15,118,119000,88519
15,119,120000,88523
15,120,121000,88524
15,121,122000,88525
15,122,123000,88529
15,123,124000,88530
15,124,125000,88534
15,125,126000,88537
15,126,127000,88537
15,127,128000,88539
15,128,129000,88547
15,129,130000,88547
15,130,131000,88586
15,131,132000,88586
15,132,133000,88592
15,133,134000,88596
15,134,135000,88598
15,135,136000,88598
15,136,137000,88598
15,137,138000,88598
15,138,139000,88598
15,139,140000,88598
15,140,141000,88598
15,141,142000,88598
15,142,143000,88598
15,143,144000,88598
15,144,145000,88598
15,145,146000,88598
15,146,147000,88598
15,147,148000,88598
15,148,149000,88600
15,149,150000,88600
15,150,151000,88600
15,151,152000,88600
15,152,153000,88600
15,153,154000,88600
15,154,155000,88612
15,155,156000,88612
15,156,157000,88612
15,157,158000,88612
15,158,159000,88616
15,159,160000,88616
15,160,161000,88616
15,161,162000,88616
15,162,163000,88616
15,163,164000,88616
15,164,165000,88616
15,165,166000,88616
15,166,167000,88616
15,167,168000,88616
15,168,169000,88616
15,169,170000,88631
15,170,171000,88631
15,171,172000,88631
15,172,173000,88661
15,173,174000,88661
15,174,175000,88676
15,175,176000,88676
15,176,177000,88676
15,177,178000,88676
15,178,179000,88676
15,179,180000,88676
15,180,181000,88692
15,181,182000,88692
15,182,183000,88692
15,183,184000,88693
15,184,185000,88693
15,185,186000,88693
15,186,187000,88693
15,187,188000,88693
15,188,189000,88694
15,189,190000,88694
15,190,191000,88694
15,191,192000,88694
15,192,193000,88694
15,193,194000,88694
15,194,195000,88694
15,195,196000,88694
15,196,197000,88694
15,197,198000,88694
15,198,199000,88694
15,199,200000,88698
15,200,201000,88698
15,201,202000,88698
15,202,203000,88698
15,203,204000,88700
15,204,205000,88700
15,205,206000,88700
15,206,207000,88700
15,207,208000,88700
15,208,209000,88700
15,209,210000,88700
15,210,211000,88700
15,211,212000,88700
15,212,213000,88704
15,213,214000,88704
15,214,215000,88704
15,215,216000,88704
15,216,217000,88704
15,217,218000,88708
15,218,219000,88708
15,219,220000,88708
15,220,221000,88708
15,221,222000,88708
15,222,223000,88708
15,223,224000,88708
15,224,225000,88708
15,225,226000,88708
15,226,227000,88712
15,227,228000,88712
15,228,229000,88712
15,229,230000,88712
15,230,231000,88712
15,231,232000,88712
15,232,233000,88712
15,233,234000,88712
15,234,235000,88712
15,235,236000,88712
15,236,237000,88712
15,237,238000,88712
15,238,239000,88712
15,239,240000,88712
15,240,241000,88712
15,241,242000,88712
15,242,243000,88712
15,243,244000,88712
15,244,245000,88712
15,245,246000,88712
15,246,247000,88712
15,247,248000,88712
15,248,249000,88712
15,249,250000,88712
15,250,251000,88712
15,251,252000,88712
15,252,253000,88712
15,253,254000,88712
15,254,255000,88712
15,255,256000,88712
15,256,257000,88712
15,257,258000,88712
15,258,259000,88712
15,259,260000,88712
15,260,261000,88712
15,261,262000,88712
15,262,263000,88732
15,263,264000,88732
15,264,265000,88732
15,265,266000,88732
15,266,267000,88732
15,267,268000,88732
15,268,269000,88736
15,269,270000,88736
15,270,271000,88736
15,271,272000,88736
15,272,273000,88736
15,273,274000,88740
15,274,275000,88740
15,275,276000,88740
15,276,277000,88740
15,277,278000,88743
15,278,279000,88743
15,279,280000,88744
15,280,281000,88744
15,281,282000,88747
15,282,283000,88748
15,283,284000,88748
15,284,285000,88748
15,285,286000,88748
15,286,287000,88748
15,287,288000,88748
15,288,289000,88748
15,289,290000,88748
15,290,291000,88748
15,291,292000,88748
15,292,293000,88748
15,293,294000,88748
15,294,295000,88748
15,295,296000,88748
15,296,297000,88748
15,297,298000,88748
15,298,299000,88748
15,299,300000,88748
15,300,301000,88748
15,301,302000,88748
15,302,303000,88748
15,303,304000,88748
15,304,305000,88748
15,305,306000,88748
15,306,307000,88748
15,307,308000,88748
15,308,309000,88748
15,309,310000,88748
15,310,311000,88748
15,311,312000,88748
15,312,313000,88748
15,313,314000,88748
15,314,315000,88748
15,315,316000,88748
15,316,317000,88748
15,317,318000,88748
15,318,319000,88748
15,319,320000,88748
15,320,321000,88748
15,321,322000,88748
15,322,323000,88748
15,323,324000,88748
15,324,325000,88748
15,325,326000,88748
15,326,327000,88748
15,327,328000,88748
15,328,329000,88748
15,329,330000,88748
15,330,331000,88748
15,331,332000,88748
15,332,333000,88748
15,333,334000,88748
15,334,335000,88748
15,335,336000,88748
15,336,337000,88748
15,337,338000,88748
15,338,339000,88748
15,339,340000,88748
15,340,341000,88748
15,341,342000,88748
15,342,343000,88748
15,343,344000,88748
15,344,345000,88748
15,345,346000,88748
15,346,347000,88748
15,347,348000,88748
15,348,349000,88748
15,349,350000,88748
15,350,351000,88748
15,351,352000,88748
15,352,353000,88748
15,353,354000,88748
15,354,355000,88748
15,355,356000,88748
15,356,357000,88748
15,357,358000,88748
15,358,359000,88748
15,359,360000,88748
15,360,361000,88748
15,361,362000,88748
15,362,363000,88748
15,363,364000,88748
15,364,365000,88748
15,365,366000,88748
15,366,367000,88748
15,367,368000,88748
15,368,369000,88748
15,369,370000,88748
15,370,371000,88748
15,371,372000,88748
15,372,373000,88748
15,373,374000,88748
15,374,375000,88748
15,375,376000,88748
15,376,377000,88748
15,377,378000,88748
15,378,379000,88748
15,379,380000,88748
15,380,381000,88748
15,381,382000,88748
15,382,383000,88748
15,383,384000,88748
15,384,385000,88748
15,385,386000,88748
15,386,387000,88748
15,387,388000,88748
15,388,389000,88748
15,389,390000,88748
15,390,391000,88748
15,391,392000,88748
15,392,393000,88748
15,393,394000,88752
15,394,395000,88752
15,395,396000,88752
15,396,397000,88752
15,397,398000,88752
15,398,399000,88752
15,399,400000,88752
15,400,401000,88752
15,401,402000,88752
15,402,403000,88752
15,403,404000,88752
15,404,405000,88752
15,405,406000,88752
15,406,407000,88752
15,407,408000,88752
15,408,409000,88752
15,409,410000,88756
15,410,411000,88756
15,411,412000,88756
15,412,413000,88756
15,413,414000,88756
15,414,415000,88756
15,415,416000,88756
15,416,417000,88756
15,417,418000,88756
15,418,419000,88756
15,419,420000,88756
15,420,421000,88756
15,421,422000,88767
15,422,423000,88767
15,423,424000,88767
15,424,425000,88767
15,425,426000,88767
15,426,427000,88767
15,427,428000,88767
15,428,429000,88767
15,429,430000,88767
15,430,431000,88767
15,431,432000,88767
15,432,433000,88767
15,433,434000,88767
15,434,435000,88767
15,435,436000,88767
15,436,437000,88767
15,437,438000,88767
15,438,439000,88776
15,439,440000,88776
15,440,441000,88776
15,441,442000,88776
15,442,443000,88776
15,443,444000,88776
15,444,445000,88776
15,445,446000,88776
15,446,447000,88776
15,447,448000,88776
15,448,449000,88776
15,449,450000,88776
15,450,451000,88776
15,451,452000,88776
15,452,453000,88776
15,453,454000,88776
15,454,455000,88776
15,455,456000,88776
15,456,457000,88776
15,457,458000,88776
15,458,459000,88776
15,459,460000,88776
15,460,461000,88776
15,461,462000,88776
15,462,463000,88776
15,463,464000,88776
15,464,465000,88776
15,465,466000,88776
15,466,467000,88776
15,467,468000,88776
15,468,469000,88776
15,469,470000,88776
15,470,471000,88776
15,471,472000,88776
15,472,473000,88776
15,473,474000,88776
15,474,475000,88776
15,475,476000,88776
15,476,477000,88776
15,477,478000,88776
15,478,479000,88776
15,479,480000,88776
15,480,481000,88776
15,481,482000,88776
15,482,483000,88776
15,483,484000,88776
15,484,485000,88776
15,485,486000,88776
15,486,487000,88776
15,487,488000,88776
15,488,489000,88776
15,489,490000,88776
15,490,491000,88776
15,491,492000,88776
15,492,493000,88776
15,493,494000,88776
15,494,495000,88776
15,495,496000,88776
15,496,497000,88776
15,497,498000,88776
15,498,499000,88776
15,499,500000,88776
15,500,501000,88776
15,501,502000,88776
15,502,503000,88776
15,503,504000,88776
15,504,505000,88776
15,505,506000,88776
15,506,507000,88776
15,507,508000,88776
15,508,509000,88776
15,509,510000,88776
15,510,511000,88776
15,511,512000,88776
15,512,513000,88776
15,513,514000,88776
15,514,515000,88776
15,515,516000,88776
15,516,517000,88776
15,517,518000,88776
15,518,519000,88776
15,519,520000,88776
15,520,521000,88776
15,521,522000,88776
15,522,523000,88776
15,523,524000,88776
15,524,525000,88776
15,525,526000,88776
15,526,527000,88776
15,527,528000,88780
15,528,529000,88780
15,529,530000,88780
15,530,531000,88781
15,531,532000,88781
15,532,533000,88781
15,533,534000,88781
15,534,535000,88781
15,535,536000,88782
15,536,537000,88782
15,537,538000,88782
15,538,539000,88782
15,539,540000,88782
15,540,541000,88782
15,541,542000,88782
15,542,543000,88782
15,543,544000,88782
15,544,545000,88782
15,545,546000,88782
15,546,547000,88782
15,547,548000,88782
15,548,549000,88782
15,549,550000,88782
15,550,551000,88782
15,551,552000,88782
15,552,553000,88782
15,553,554000,88782
15,554,555000,88782
15,555,556000,88782
15,556,557000,88782
15,557,558000,88782
15,558,559000,88782
15,559,560000,88782
15,560,561000,88782
15,561,562000,88782
15,562,563000,88782
15,563,564000,88782
15,564,565000,88782
15,565,566000,88782
15,566,567000,88782
15,567,568000,88782
15,568,569000,88782
15,569,570000,88782
15,570,571000,88782
15,571,572000,88782
15,572,573000,88782
15,573,574000,88782
15,574,575000,88782
15,575,576000,88782
15,576,577000,88782
15,577,578000,88782
15,578,579000,88782
15,579,580000,88782
15,580,581000,88782
15,581,582000,88782
15,582,583000,88782
15,583,584000,88782
15,584,585000,88782
15,585,586000,88782
15,586,587000,88782
15,587,588000,88782
15,588,589000,88782
15,589,590000,88782
15,590,591000,88782
15,591,592000,88782
15,592,593000,88782
15,593,594000,88782
15,594,595000,88782
15,595,596000,88782
15,596,597000,88782
15,597,598000,88782
15,598,599000,88782
15,599,600000,88782
15,600,601000,88782
15,601,602000,88782
15,602,603000,88782
15,603,604000,88782
15,604,605000,88782
15,605,606000,88782
15,606,607000,88782
15,607,608000,88782
15,608,609000,88782
15,609,610000,88782
15,610,611000,88782
15,611,612000,88782
15,612,613000,88782
15,613,614000,88782
15,614,615000,88782
15,615,616000,88782
15,616,617000,88782
15,617,618000,88782
15,618,619000,88782
15,619,620000,88782
15,620,621000,88782
15,621,622000,88782
15,622,623000,88782
15,623,624000,88782
15,624,625000,88782
15,625,626000,88782
15,626,627000,88782
15,627,628000,88782
15,628,629000,88782
15,629,630000,88782
15,630,631000,88782
15,631,632000,88782
15,632,633000,88782
15,633,634000,88782
15,634,635000,88782
15,635,636000,88782
15,636,637000,88782
15,637,638000,88782
15,638,639000,88782
15,639,640000,88782
15,640,641000,88782
15,641,642000,88782
15,642,643000,88782
15,643,644000,88782
15,644,645000,88782
15,645,646000,88782
15,646,647000,88782
15,647,648000,88782
15,648,649000,88782
15,649,650000,88782
15,650,651000,88782
15,651,652000,88782
15,652,653000,88782
15,653,654000,88782
15,654,655000,88782
15,655,656000,88782
15,656,657000,88782
15,657,658000,88782
15,658,659000,88782
15,659,660000,88782
15,660,661000,88782
15,661,662000,88782
15,662,663000,88782
15,663,664000,88782
15,664,665000,88782
15,665,666000,88782
15,666,667000,88782
15,667,668000,88782
15,668,669000,88782
15,669,670000,88782
15,670,671000,88782
15,671,672000,88782
15,672,673000,88782
15,673,674000,88782
15,674,675000,88782
15,675,676000,88782
15,676,677000,88782
15,677,678000,88782
15,678,679000,88782
15,679,680000,88782
15,680,681000,88782
15,681,682000,88782
15,682,683000,88782
15,683,684000,88782
15,684,685000,88782
15,685,686000,88782
15,686,687000,88782
15,687,688000,88782
15,688,689000,88782
15,689,690000,88782
15,690,691000,88782
15,691,692000,88782
15,692,693000,88782
15,693,694000,88782
15,694,695000,88782
15,695,696000,88782
15,696,697000,88782
15,697,698000,88782
15,698,699000,88782
15,699,700000,88782
15,700,701000,88782
15,701,702000,88782
15,702,703000,88782
15,703,704000,88782
15,704,705000,88782
15,705,706000,88782
15,706,707000,88782
15,707,708000,88782
15,708,709000,88782
15,709,710000,88782
15,710,711000,88782
15,711,712000,88782
15,712,713000,88782
15,713,714000,88782
15,714,715000,88782
15,715,716000,88782
15,716,717000,88782
15,717,718000,88782
15,718,719000,88782
15,719,720000,88782
15,720,721000,88782
15,721,722000,88782
15,722,723000,88782
15,723,724000,88782
15,724,725000,88782
15,725,726000,88782
15,726,727000,88782
15,727,728000,88782
15,728,729000,88782
15,729,730000,88782
15,730,731000,88782
15,731,732000,88782
15,732,733000,88782
15,733,734000,88782
15,734,735000,88782
15,735,736000,88782
15,736,737000,88782
15,737,738000,88782
15,738,739000,88782
15,739,740000,88782
15,740,741000,88782
15,741,742000,88782
15,742,743000,88782
15,743,744000,88782
15,744,745000,88782
15,745,746000,88782
15,746,747000,88782
15,747,748000,88782
15,748,749000,88782
15,749,750000,88782
15,750,751000,88782
15,751,752000,88782
15,752,753000,88782
15,753,754000,88782
15,754,755000,88782
15,755,756000,88782
15,756,757000,88782
15,757,758000,88782
15,758,759000,88782
15,759,760000,88782
15,760,761000,88782
15,761,762000,88782
15,762,763000,88782
15,763,764000,88782
15,764,765000,88782
15,765,766000,88782
15,766,767000,88782
15,767,768000,88782
15,768,769000,88782
15,769,770000,88782
15,770,771000,88782
15,771,772000,88782
15,772,773000,88782
15,773,774000,88782
15,774,775000,88782
15,775,776000,88782
15,776,777000,88782
15,777,778000,88782
15,778,779000,88782
15,779,780000,88782
15,780,781000,88782
15,781,782000,88782
15,782,783000,88782
15,783,784000,88782
15,784,785000,88782
15,785,786000,88782
15,786,787000,88782
15,787,788000,88782
15,788,789000,88782
15,789,790000,88782
15,790,791000,88782
15,791,792000,88782
15,792,793000,88782
15,793,794000,88782
15,794,795000,88782
15,795,796000,88782
15,796,797000,88782
15,797,798000,88782
15,798,799000,88782
15,799,800000,88782
15,800,801000,88782
15,801,802000,88782
15,802,803000,88782
15,803,804000,88782
15,804,805000,88782
15,805,806000,88782
15,806,807000,88782
15,807,808000,88782
15,808,809000,88782
15,809,810000,88782
15,810,811000,88782
15,811,812000,88782
15,812,813000,88782
15,813,814000,88782
15,814,815000,88782
15,815,816000,88782
15,816,817000,88782
15,817,818000,88782
15,818,819000,88782
15,819,820000,88782
15,820,821000,88782
15,821,822000,88782
15,822,823000,88782
15,823,824000,88782
15,824,825000,88782
15,825,826000,88782
15,826,827000,88782
15,827,828000,88782
15,828,829000,88782
15,829,830000,88782
15,830,831000,88782
15,831,832000,88782
15,832,833000,88782
15,833,834000,88782
15,834,835000,88782
15,835,836000,88782
15,836,837000,88782
15,837,838000,88782
15,838,839000,88782
15,839,840000,88782
15,840,841000,88782
15,841,842000,88782
15,842,843000,88782
15,843,844000,88782
15,844,845000,88782
15,845,846000,88782
15,846,847000,88782
15,847,848000,88782
15,848,849000,88782
15,849,850000,88782
15,850,851000,88782
15,851,852000,88782
15,852,853000,88782
15,853,854000,88782
15,854,855000,88782
15,855,856000,88782
15,856,857000,88782
15,857,858000,88782
15,858,859000,88782
15,859,860000,88782
15,860,861000,88782
15,861,862000,88782
15,862,863000,88782
15,863,864000,88782
15,864,865000,88782
15,865,866000,88782
15,866,867000,88782
15,867,868000,88782
15,868,869000,88782
15,869,870000,88782
15,870,871000,88782
15,871,872000,88782
15,872,873000,88782
15,873,874000,88782
15,874,875000,88782
15,875,876000,88782
15,876,877000,88782
15,877,878000,88782
15,878,879000,88782
15,879,880000,88782
15,880,881000,88782
15,881,882000,88782
15,882,883000,88782
15,883,884000,88782
15,884,885000,88782
15,885,886000,88782
15,886,887000,88782
15,887,888000,88782
15,888,889000,88782
15,889,890000,88782
15,890,891000,88782
15,891,892000,88782
15,892,893000,88782
15,893,894000,88782
15,894,895000,88782
15,895,896000,88782
15,896,897000,88782
15,897,898000,88782
15,898,899000,88782
15,899,900000,88782
15,900,901000,88782
15,901,902000,88782
15,902,903000,88782
15,903,904000,88782
15,904,905000,88782
15,905,906000,88782
15,906,907000,88782
15,907,908000,88782
15,908,909000,88782
15,909,910000,88782
15,910,911000,88782
15,911,912000,88782
15,912,913000,88782
15,913,914000,88782
15,914,915000,88782
15,915,916000,88782
15,916,917000,88782
15,917,918000,88782
15,918,919000,88782
15,919,920000,88782
15,920,921000,88782
15,921,922000,88782
15,922,923000,88782
15,923,924000,88782
15,924,925000,88782
15,925,926000,88782
15,926,927000,88782
15,927,928000,88782
15,928,929000,88782
15,929,930000,88782
15,930,931000,88782
15,931,932000,88782
15,932,933000,88782
15,933,934000,88782
15,934,935000,88782
15,935,936000,88782
15,936,937000,88782
15,937,938000,88782
15,938,939000,88782
15,939,940000,88782
15,940,941000,88782
15,941,942000,88782
15,942,943000,88782
15,943,944000,88782
15,944,945000,88782
15,945,946000,88782
15,946,947000,88782
15,947,948000,88782
15,948,949000,88782
15,949,950000,88782
15,950,951000,88782
15,951,952000,88782
15,952,953000,88782
15,953,954000,88782
15,954,955000,88782
15,955,956000,88782
15,956,957000,88782
15,957,958000,88782
15,958,959000,88782
15,959,960000,88782
15,960,961000,88782
15,961,962000,88782
15,962,963000,88782
15,963,964000,88782
15,964,965000,88782
15,965,966000,88782
15,966,967000,88782
15,967,968000,88782
15,968,969000,88782
15,969,970000,88782
15,970,971000,88782
15,971,972000,88782
15,972,973000,88782
15,973,974000,88782
15,974,975000,88782
15,975,976000,88782
15,976,977000,88782
15,977,978000,88782
15,978,979000,88782
15,979,980000,88782
15,980,981000,88782
15,981,982000,88782
15,982,983000,88782
15,983,984000,88782
15,984,985000,88782
15,985,986000,88782
15,986,987000,88782
15,987,988000,88782
15,988,989000,88782
15,989,990000,88782
15,990,991000,88782
15,991,992000,88782
15,992,993000,88782
15,993,994000,88782
15,994,995000,88782
15,995,996000,88782
15,996,997000,88782
15,997,998000,88782
15,998,999000,88782
15,999,1000000,88782
