run,generation,evaluations,best_fitness
1,0,100,72567
1,1,200,74205
1,2,300,76923
1,3,400,77364
1,4,500,78159
1,5,600,79162
1,6,700,79224
1,7,800,79688
1,8,900,80077
1,9,1000,80535
1,10,1100,80779
1,11,1200,81091
1,12,1300,81624
1,13,1400,81635
1,14,1500,81730
1,15,1600,82508
1,16,1700,82804
1,17,1800,83049
1,18,1900,83270
1,19,2000,83278
1,20,2100,83412
1,21,2200,83568
1,22,2300,83568
1,23,2400,83605
1,24,2500,83616
1,25,2600,83666
1,26,2700,83731
1,27,2800,83757
1,28,2900,84217
1,29,3000,84217
1,30,3100,84248
1,31,3200,84327
1,32,3300,84327
1,33,3400,84390
1,34,3500,84399
1,35,3600,84404
1,36,3700,84688
1,37,3800,84703
1,38,3900,84703
1,39,4000,84835
1,40,4100,84863
1,41,4200,84910
1,42,4300,84976
1,43,4400,84989
1,44,4500,85020
1,45,4600,85037
1,46,4700,85037
1,47,4800,85095
1,48,4900,85095
1,49,5000,85095
1,50,5100,85095
1,51,5200,85103
1,52,5300,85103
1,53,5400,85111
1,54,5500,85120
1,55,5600,85323
1,56,5700,85323
1,57,5800,85350
1,58,5900,85378
1,59,6000,85378
1,60,6100,85378
1,61,6200,85490
1,62,6300,85510
1,63,6400,85510
1,64,6500,85521
1,65,6600,85531
1,66,6700,85538
1,67,6800,85538
1,68,6900,85622
1,69,7000,85622
1,70,7100,85626
1,71,7200,85636
1,72,7300,85637
1,73,7400,85646
1,74,7500,85665
1,75,7600,85675
1,76,7700,85675
1,77,7800,85703
1,78,7900,86141
1,79,8000,86141
1,80,8100,86141
1,81,8200,86185
1,82,8300,86210
1,83,8400,86263
1,84,8500,86280
1,85,8600,86280
1,86,8700,86290
1,87,8800,86290
1,88,8900,86290
1,89,9000,86296
1,90,9100,86296
1,91,9200,86296
1,92,9300,86296
1,93,9400,86297
1,94,9500,86443
1,95,9600,86456
1,96,9700,86456
1,97,9800,86458
1,98,9900,86460
1,99,10000,86523
1,100,10100,86531
1,101,10200,86579
1,102,10300,86587
1,103,10400,86612
1,104,10500,86612
1,105,10600,86619
1,106,10700,86816
1,107,10800,86816
1,108,10900,86828
1,109,11000,86843
1,110,11100,86904
1,111,11200,86904
1,112,11300,86907
1,113,11400,86919
1,114,11500,86931
1,115,11600,87041
1,116,11700,87052
1,117,11800,87107
1,118,11900,87115
1,119,12000,87154
1,120,12100,87173
1,121,12200,87201
1,122,12300,87207
1,123,12400,87247
1,124,12500,87247
1,125,12600,87247
1,126,12700,87277
1,127,12800,87277
1,128,12900,87280
1,129,13000,87280
1,130,13100,87280
1,131,13200,87280
1,132,13300,87280
1,133,13400,87280
1,134,13500,87280
1,135,13600,87280
1,136,13700,87280
1,137,13800,87280
1,138,13900,87287
1,139,14000,87287
1,140,14100,87287
1,141,14200,87287
1,142,14300,87303
1,143,14400,87309
1,144,14500,87312
1,145,14600,87315
1,146,14700,87342
1,147,14800,87342
1,148,14900,87348
1,149,15000,87348
1,150,15100,87350
1,151,15200,87350
1,152,15300,87385
1,153,15400,87389
1,154,15500,87408
1,155,15600,87408
1,156,15700,87412
1,157,15800,87497
1,158,15900,87497
1,159,16000,87541
1,160,16100,87541
1,161,16200,87551
1,162,16300,87551
1,163,16400,87553
1,164,16500,87553
1,165,16600,87561
1,166,16700,87580
1,167,16800,87590
1,168,16900,87590
1,169,17000,87590
1,170,17100,87609
1,171,17200,87609
1,172,17300,87609
1,173,17400,87609
1,174,17500,87609
1,175,17600,87609
1,176,17700,87609
1,177,17800,87609
1,178,17900,87619
1,179,18000,87619
1,180,18100,87718
1,181,18200,87718
1,182,18300,87728
1,183,18400,87728
1,184,18500,87737
1,185,18600,87737
1,186,18700,87737
1,187,18800,87737
1,188,18900,87737
1,189,19000,87737
1,190,19100,87737
1,191,19200,87737
1,192,19300,87737
1,193,19400,87738
1,194,19500,87738
1,195,19600,87738
1,196,19700,87738
1,197,19800,87738
1,198,19900,87753
1,199,20000,87823
1,200,20100,87824
1,201,20200,87824
1,202,20300,87828
1,203,20400,87832
1,204,20500,87834
1,205,20600,87834
1,206,20700,87834
1,207,20800,87836
1,208,20900,87838
1,209,21000,87842
1,210,21100,87847
1,211,21200,87847
1,212,21300,87857
1,213,21400,87857
1,214,21500,87857
1,215,21600,87857
1,216,21700,87857
1,217,21800,87857
1,218,21900,87974
1,219,22000,87974
1,220,22100,87974
1,221,22200,87974
1,222,22300,87974
1,223,22400,87974
1,224,22500,87974
1,225,22600,88003
1,226,22700,88003
1,227,22800,88003
1,228,22900,88003
1,229,23000,88003
1,230,23100,88003
1,231,23200,88003
1,232,23300,88039
1,233,23400,88039
1,234,23500,88039
1,235,23600,88039
1,236,23700,88039
1,237,23800,88039
1,238,23900,88039
1,239,24000,88046
1,240,24100,88046
1,241,24200,88046
1,242,24300,88046
1,243,24400,88046
1,244,24500,88046
1,245,24600,88046
1,246,24700,88046
1,247,24800,88046
1,248,24900,88046
1,249,25000,88046
1,250,25100,88046
1,251,25200,88046
1,252,25300,88046
1,253,25400,88046
1,254,25500,88046
1,255,25600,88046
1,256,25700,88046
1,257,25800,88046
1,258,25900,88046
1,259,26000,88046
1,260,26100,88046
1,261,26200,88046
1,262,26300,88046
1,263,26400,88046
1,264,26500,88046
1,265,26600,88046
1,266,26700,88046
1,267,26800,88046
1,268,26900,88046
1,269,27000,88046
1,270,27100,88046
1,271,27200,88046
1,272,27300,88046
1,273,27400,88046
1,274,27500,88046
1,275,27600,88046
1,276,27700,88046
1,277,27800,88046
1,278,27900,88046
1,279,28000,88046
1,280,28100,88046
1,281,28200,88051
1,282,28300,88051
1,283,28400,88051
1,284,28500,88051
1,285,28600,88051
1,286,28700,88051
1,287,28800,88051
1,288,28900,88051
1,289,29000,88051
1,290,29100,88052
1,291,29200,88052
1,292,29300,88079
1,293,29400,88079
1,294,29500,88082
1,295,29600,88082
1,296,29700,88082
1,297,29800,88082
1,298,29900,88082
1,299,30000,88082
1,300,30100,88084
1,301,30200,88084
1,302,30300,88084
1,303,30400,88089
1,304,30500,88089
1,305,30600,88089
1,306,30700,88089
1,307,30800,88089
1,308,30900,88089
1,309,31000,88089
1,310,31100,88089
1,311,31200,88089
1,312,31300,88089
1,313,31400,88089
1,314,31500,88089
1,315,31600,88089
1,316,31700,88089
1,317,31800,88089
1,318,31900,88089
1,319,32000,88089
1,320,32100,88089
1,321,32200,88089
1,322,32300,88089
1,323,32400,88089
1,324,32500,88089
1,325,32600,88089
1,326,32700,88089
1,327,32800,88089
1,328,32900,88089
1,329,33000,88089
1,330,33100,88089
1,331,33200,88089
1,332,33300,88089
1,333,33400,88089
1,334,33500,88089
1,335,33600,88089
1,336,33700,88089
1,337,33800,88089
1,338,33900,88089
1,339,34000,88089
1,340,34100,88089
1,341,34200,88089
1,342,34300,88090
1,343,34400,88090
1,344,34500,88091
1,345,34600,88097
1,346,34700,88097
1,347,34800,88103
1,348,34900,88103
1,349,35000,88103
1,350,35100,88103
1,351,35200,88104
1,352,35300,88104
1,353,35400,88104
1,354,35500,88104
1,355,35600,88104
1,356,35700,88104
1,357,35800,88104
1,358,35900,88104
1,359,36000,88104
1,360,36100,88104
1,361,36200,88104
1,362,36300,88104
1,363,36400,88104
1,364,36500,88104
1,365,36600,88104
1,366,36700,88104
1,367,36800,88104
1,368,36900,88104
1,369,37000,88104
1,370,37100,88104
1,371,37200,88104
1,372,37300,88104
1,373,37400,88104
1,374,37500,88104
1,375,37600,88104
1,376,37700,88104
1,377,37800,88104
1,378,37900,88104
1,379,38000,88104
1,380,38100,88104
1,381,38200,88104
1,382,38300,88104
1,383,38400,88104
1,384,38500,88104
1,385,38600,88104
1,386,38700,88104
1,387,38800,88104
1,388,38900,88104
1,389,39000,88104
1,390,39100,88104
1,391,39200,88104
1,392,39300,88104
1,393,39400,88104
1,394,39500,88104
1,395,39600,88104
1,396,39700,88104
1,397,39800,88104
1,398,39900,88104
1,399,40000,88104
1,400,40100,88104
1,401,40200,88104
1,402,40300,88104
1,403,40400,88104
1,404,40500,88104
1,405,40600,88104
1,406,40700,88104
1,407,40800,88104
1,408,40900,88104
1,409,41000,88104
1,410,41100,88104
1,411,41200,88104
1,412,41300,88104
1,413,41400,88104
1,414,41500,88104
1,415,41600,88104
1,416,41700,88104
1,417,41800,88104
1,418,41900,88104
1,419,42000,88104
1,420,42100,88104
1,421,42200,88111
1,422,42300,88111
1,423,42400,88111
1,424,42500,88111
1,425,42600,88125
1,426,42700,88126
1,427,42800,88126
1,428,42900,88131
1,429,43000,88131
1,430,43100,88131
1,431,43200,88134
1,432,43300,88134
1,433,43400,88134
1,434,43500,88173
1,435,43600,88173
1,436,43700,88176
1,437,43800,88190
1,438,43900,88190
1,439,44000,88190
1,440,44100,88192
1,441,44200,88193
1,442,44300,88193
1,443,44400,88195
1,444,44500,88195
1,445,44600,88199
1,446,44700,88199
1,447,44800,88199
1,448,44900,88199
1,449,45000,88199
1,450,45100,88199
1,451,45200,88199
1,452,45300,88199
1,453,45400,88199
1,454,45500,88199
1,455,45600,88199
1,456,45700,88200
1,457,45800,88200
1,458,45900,88200
1,459,46000,88200
1,460,46100,88200
1,461,46200,88200
1,462,46300,88200
1,463,46400,88200
1,464,46500,88200
1,465,46600,88200
1,466,46700,88200
1,467,46800,88200
1,468,46900,88200
1,469,47000,88200
1,470,47100,88200
1,471,47200,88200
1,472,47300,88200
1,473,47400,88200
1,474,47500,88200
1,475,47600,88200
1,476,47700,88200
1,477,47800,88200
1,478,47900,88200
1,479,48000,88200
1,480,48100,88200
1,481,48200,88200
1,482,48300,88200
1,483,48400,88200
1,484,48500,88200
1,485,48600,88200
1,486,48700,88200
1,487,48800,88200
1,488,48900,88200
1,489,49000,88200
1,490,49100,88200
1,491,49200,88200
1,492,49300,88200
1,493,49400,88200
1,494,49500,88200
1,495,49600,88200
1,496,49700,88200
1,497,49800,88200
1,498,49900,88200
1,499,50000,88200
1,500,50100,88200
1,501,50200,88200
1,502,50300,88200
1,503,50400,88200
1,504,50500,88200
1,505,50600,88200
1,506,50700,88200
1,507,50800,88200
1,508,50900,88200
1,509,51000,88200
1,510,51100,88200
1,511,51200,88200
1,512,51300,88201
1,513,51400,88201
1,514,51500,88201
1,515,51600,88201
1,516,51700,88201
1,517,51800,88203
1,518,51900,88203
1,519,52000,88203
1,520,52100,88203
1,521,52200,88203
1,522,52300,88203
1,523,52400,88203
1,524,52500,88203
1,525,52600,88203
1,526,52700,88203
1,527,52800,88203
1,528,52900,88203
1,529,53000,88203
1,530,53100,88203
1,531,53200,88203
1,532,53300,88203
1,533,53400,88203
1,534,53500,88203
1,535,53600,88203
1,536,53700,88203
1,537,53800,88203
1,538,53900,88203
1,539,54000,88203
1,540,54100,88203
1,541,54200,88203
1,542,54300,88203
1,543,54400,88203
1,544,54500,88203
1,545,54600,88203
1,546,54700,88203
1,547,54800,88203
1,548,54900,88203
1,549,55000,88203
1,550,55100,88203
1,551,55200,88203
1,552,55300,88203
1,553,55400,88203
1,554,55500,88203
1,555,55600,88203
1,556,55700,88203
1,557,55800,88203
1,558,55900,88203
1,559,56000,88203
1,560,56100,88203
1,561,56200,88203
1,562,56300,88203
1,563,56400,88203
1,564,56500,88203
1,565,56600,88203
1,566,56700,88203
1,567,56800,88203
1,568,56900,88203
1,569,57000,88203
1,570,57100,88203
1,571,57200,88203
1,572,57300,88203
1,573,57400,88203
1,574,57500,88203
1,575,57600,88203
1,576,57700,88203
1,577,57800,88203
1,578,57900,88203
1,579,58000,88203
1,580,58100,88203
1,581,58200,88203
1,582,58300,88203
1,583,58400,88203
1,584,58500,88203
1,585,58600,88203
1,586,58700,88203
1,587,58800,88203
1,588,58900,88203
1,589,59000,88203
1,590,59100,88203
1,591,59200,88203
1,592,59300,88203
1,593,59400,88203
1,594,59500,88203
1,595,59600,88203
1,596,59700,88203
1,597,59800,88203
1,598,59900,88203
1,599,60000,88203
1,600,60100,88203
1,601,60200,88203
1,602,60300,88203
1,603,60400,88203
1,604,60500,88203
1,605,60600,88203
1,606,60700,88203
1,607,60800,88203
1,608,60900,88203
1,609,61000,88203
1,610,61100,88203
1,611,61200,88203
1,612,61300,88203
1,613,61400,88203
1,614,61500,88203
1,615,61600,88203
1,616,61700,88203
1,617,61800,88203
1,618,61900,88203
1,619,62000,88203
1,620,62100,88203
1,621,62200,88203
1,622,62300,88203
1,623,62400,88203
1,624,62500,88203
1,625,62600,88211
1,626,62700,88224
1,627,62800,88224
1,628,62900,88236
1,629,63000,88249
1,630,63100,88260
1,631,63200,88263
1,632,63300,88273
1,633,63400,88273
1,634,63500,88273
1,635,63600,88278
1,636,63700,88283
1,637,63800,88283
1,638,63900,88283
1,639,64000,88293
1,640,64100,88303
1,641,64200,88306
1,642,64300,88306
1,643,64400,88311
1,644,64500,88311
1,645,64600,88314
1,646,64700,88314
1,647,64800,88314
1,648,64900,88314
1,649,65000,88319
1,650,65100,88319
1,651,65200,88319
1,652,65300,88322
1,653,65400,88322
1,654,65500,88322
1,655,65600,88325
1,656,65700,88325
1,657,65800,88325
1,658,65900,88325
1,659,66000,88325
1,660,66100,88325
1,661,66200,88325
1,662,66300,88325
1,663,66400,88325
1,664,66500,88325
1,665,66600,88325
1,666,66700,88325
1,667,66800,88325
1,668,66900,88325
1,669,67000,88325
1,670,67100,88325
1,671,67200,88325
1,672,67300,88325
1,673,67400,88325
1,674,67500,88325
1,675,67600,88325
1,676,67700,88325
1,677,67800,88325
1,678,67900,88325
1,679,68000,88325
1,680,68100,88325
1,681,68200,88325
1,682,68300,88325
1,683,68400,88325
1,684,68500,88325
1,685,68600,88325
1,686,68700,88325
1,687,68800,88325
1,688,68900,88325
1,689,69000,88325
1,690,69100,88325
1,691,69200,88325
1,692,69300,88325
1,693,69400,88325
1,694,69500,88325
1,695,69600,88325
1,696,69700,88325
1,697,69800,88325
1,698,69900,88325
1,699,70000,88325
1,700,70100,88325
1,701,70200,88325
1,702,70300,88325
1,703,70400,88325
1,704,70500,88325
1,705,70600,88328
1,706,70700,88328
1,707,70800,88328
1,708,70900,88328
1,709,71000,88329
1,710,71100,88329
1,711,71200,88338
1,712,71300,88338
1,713,71400,88340
1,714,71500,88340
1,715,71600,88341
1,716,71700,88341
1,717,71800,88341
1,718,71900,88341
1,719,72000,88341
1,720,72100,88341
1,721,72200,88341
1,722,72300,88341
1,723,72400,88341
1,724,72500,88341
1,725,72600,88341
1,726,72700,88341
1,727,72800,88342
1,728,72900,88342
1,729,73000,88342
1,730,73100,88342
1,731,73200,88342
1,732,73300,88342
1,733,73400,88342
1,734,73500,88342
1,735,73600,88342
1,736,73700,88344
1,737,73800,88344
1,738,73900,88344
1,739,74000,88344
1,740,74100,88344
1,741,74200,88347
1,742,74300,88347
1,743,74400,88347
1,744,74500,88347
1,745,74600,88347
1,746,74700,88347
1,747,74800,88347
1,748,74900,88347
1,749,75000,88347
1,750,75100,88347
1,751,75200,88347
1,752,75300,88347
1,753,75400,88347
1,754,75500,88347
1,755,75600,88347
1,756,75700,88347
1,757,75800,88347
1,758,75900,88347
1,759,76000,88355
1,760,76100,88355
1,761,76200,88355
1,762,76300,88355
1,763,76400,88355
1,764,76500,88355
1,765,76600,88355
1,766,76700,88355
1,767,76800,88355
1,768,76900,88355
1,769,77000,88355
1,770,77100,88360
1,771,77200,88360
1,772,77300,88360
1,773,77400,88360
1,774,77500,88360
1,775,77600,88360
1,776,77700,88360
1,777,77800,88360
1,778,77900,88360
1,779,78000,88360
1,780,78100,88360
1,781,78200,88360
1,782,78300,88360
1,783,78400,88360
1,784,78500,88362
1,785,78600,88362
1,786,78700,88362
1,787,78800,88362
1,788,78900,88362
1,789,79000,88362
1,790,79100,88362
1,791,79200,88362
1,792,79300,88362
1,793,79400,88362
1,794,79500,88362
1,795,79600,88362
1,796,79700,88362
1,797,79800,88362
1,798,79900,88362
1,799,80000,88362
1,800,80100,88362
1,801,80200,88362
1,802,80300,88362
1,803,80400,88362
1,804,80500,88362
1,805,80600,88362
1,806,80700,88362
1,807,80800,88362
1,808,80900,88362
1,809,81000,88362
1,810,81100,88362
1,811,81200,88362
1,812,81300,88362
1,813,81400,88362
1,814,81500,88362
1,815,81600,88362
1,816,81700,88362
1,817,81800,88362
1,818,81900,88362
1,819,82000,88362
1,820,82100,88362
1,821,82200,88362
1,822,82300,88362
1,823,82400,88362
1,824,82500,88362
1,825,82600,88362
1,826,82700,88362
1,827,82800,88362
1,828,82900,88362
1,829,83000,88362
1,830,83100,88362
1,831,83200,88362
1,832,83300,88362
1,833,83400,88362
1,834,83500,88362
1,835,83600,88362
1,836,83700,88362
1,837,83800,88362
1,838,83900,88362
1,839,84000,88362
1,840,84100,88362
1,841,84200,88362
1,842,84300,88362
1,843,84400,88362
1,844,84500,88362
1,845,84600,88362
1,846,84700,88362
1,847,84800,88362
1,848,84900,88362
1,849,85000,88362
1,850,85100,88362
1,851,85200,88362
1,852,85300,88362
1,853,85400,88362
1,854,85500,88362
1,855,85600,88362
1,856,85700,88362
1,857,85800,88362
1,858,85900,88362
1,859,86000,88362
1,860,86100,88395
1,861,86200,88395
1,862,86300,88395
1,863,86400,88395
1,864,86500,88395
1,865,86600,88395
1,866,86700,88395
1,867,86800,88395
1,868,86900,88395
1,869,87000,88395
1,870,87100,88395
1,871,87200,88395
1,872,87300,88395
1,873,87400,88395
1,874,87500,88395
1,875,87600,88395
1,876,87700,88395
1,877,87800,88395
1,878,87900,88395
1,879,88000,88395
1,880,88100,88395
1,881,88200,88395
1,882,88300,88395
1,883,88400,88395
1,884,88500,88395
1,885,88600,88403
1,886,88700,88403
1,887,88800,88403
1,888,88900,88403
1,889,89000,88403
1,890,89100,88403
1,891,89200,88403
1,892,89300,88403
1,893,89400,88403
1,894,89500,88420
1,895,89600,88420
1,896,89700,88420
1,897,89800,88420
1,898,89900,88420
1,899,90000,88420
1,900,90100,88420
1,901,90200,88420
1,902,90300,88420
1,903,90400,88420
1,904,90500,88420
1,905,90600,88420
1,906,90700,88420
1,907,90800,88420
1,908,90900,88420
1,909,91000,88420
1,910,91100,88420
1,911,91200,88420
1,912,91300,88420
1,913,91400,88420
1,914,91500,88420
1,915,91600,88420
1,916,91700,88420
1,917,91800,88420
1,918,91900,88420
1,919,92000,88420
1,920,92100,88420
1,921,92200,88420
1,922,92300,88420
1,923,92400,88420
1,924,92500,88420
1,925,92600,88420
1,926,92700,88420
1,927,92800,88420
1,928,92900,88420
1,929,93000,88420
1,930,93100,88420
1,931,93200,88420
1,932,93300,88420
1,933,93400,88420
1,934,93500,88420
1,935,93600,88420
1,936,93700,88420
1,937,93800,88420
1,938,93900,88420
1,939,94000,88420
1,940,94100,88420
1,941,94200,88420
1,942,94300,88420
1,943,94400,88420
1,944,94500,88420
1,945,94600,88420
1,946,94700,88420
1,947,94800,88420
1,948,94900,88420
1,949,95000,88420
1,950,95100,88420
1,951,95200,88420
1,952,95300,88420
1,953,95400,88420
1,954,95500,88420
1,955,95600,88420
1,956,95700,88420
1,957,95800,88420
1,958,95900,88420
1,959,96000,88420
1,960,96100,88420
1,961,96200,88420
1,962,96300,88420
1,963,96400,88420
1,964,96500,88420
1,965,96600,88420
1,966,96700,88420
1,967,96800,88420
1,968,96900,88420
1,969,97000,88420
1,970,97100,88420
1,971,97200,88420
1,972,97300,88420
1,973,97400,88420
1,974,97500,88420
1,975,97600,88420
1,976,97700,88420
1,977,97800,88420
1,978,97900,88420
1,979,98000,88420
1,980,98100,88420
1,981,98200,88420
1,982,98300,88420
1,983,98400,88420
1,984,98500,88420
1,985,98600,88420
1,986,98700,88420
1,987,98800,88420
1,988,98900,88420
1,989,99000,88420
1,990,99100,88420
1,991,99200,88420
1,992,99300,88420
1,993,99400,88420
1,994,99500,88420
1,995,99600,88420
1,996,99700,88420
1,997,99800,88420
1,998,99900,88420
1,999,100000,88420
2,0,100,72204
2,1,200,74850
2,2,300,75933
2,3,400,76762
2,4,500,78749
2,5,600,79504
2,6,700,79785
2,7,800,79952
2,8,900,80324
2,9,1000,80379
2,10,1100,80623
2,11,1200,80846
2,12,1300,81150
2,13,1400,81269
2,14,1500,81519
2,15,1600,83072
2,16,1700,83072
2,17,1800,83185
2,18,1900,83222
2,19,2000,83266
2,20,2100,83266
2,21,2200,83323
2,22,2300,83324
2,23,2400,83693
2,24,2500,83757
2,25,2600,84094
2,26,2700,84124
2,27,2800,84140
2,28,2900,84237
2,29,3000,84308
2,30,3100,84336
2,31,3200,84407
2,32,3300,84553
2,33,3400,84553
2,34,3500,84572
2,35,3600,84658
2,36,3700,84679
2,37,3800,84685
2,38,3900,84685
2,39,4000,84700
2,40,4100,84903
2,41,4200,84903
2,42,4300,85017
2,43,4400,85225
2,44,4500,85325
2,45,4600,85405
2,46,4700,85549
2,47,4800,85574
2,48,4900,85574
2,49,5000,85614
2,50,5100,85614
2,51,5200,85619
2,52,5300,85647
2,53,5400,85740
2,54,5500,85761
2,55,5600,85761
2,56,5700,85770
2,57,5800,85879
2,58,5900,85879
2,59,6000,85883
2,60,6100,85897
2,61,6200,85983
2,62,6300,85983
2,63,6400,86050
2,64,6500,86136
2,65,6600,86136
2,66,6700,86169
2,67,6800,86329
2,68,6900,86329
2,69,7000,86336
2,70,7100,86338
2,71,7200,86338
2,72,7300,86338
2,73,7400,86338
2,74,7500,86338
2,75,7600,86392
2,76,7700,86400
2,77,7800,86407
2,78,7900,86421
2,79,8000,86421
2,80,8100,86421
2,81,8200,86425
2,82,8300,86434
2,83,8400,86438
2,84,8500,86438
2,85,8600,86438
2,86,8700,86438
2,87,8800,86438
2,88,8900,86438
2,89,9000,86438
2,90,9100,86438
2,91,9200,86438
2,92,9300,86438
2,93,9400,86438
2,94,9500,86481
2,95,9600,86481
2,96,9700,86638
2,97,9800,86638
2,98,9900,86657
2,99,10000,86691
2,100,10100,86727
2,101,10200,86731
2,102,10300,86739
2,103,10400,86750
2,104,10500,86764
2,105,10600,86764
2,106,10700,86767
2,107,10800,86767
2,108,10900,86767
2,109,11000,86836
2,110,11100,86836
2,111,11200,86836
2,112,11300,86836
2,113,11400,86836
2,114,11500,86838
2,115,11600,86838
2,116,11700,86838
2,117,11800,86838
2,118,11900,86855
2,119,12000,86855
2,120,12100,86855
2,121,12200,86855
2,122,12300,86862
2,123,12400,86872
2,124,12500,86878
2,125,12600,86878
2,126,12700,86926
2,127,12800,86926
2,128,12900,86926
2,129,13000,86926
2,130,13100,86927
2,131,13200,87007
2,132,13300,87007
2,133,13400,87033
2,134,13500,87042
2,135,13600,87059
2,136,13700,87059
2,137,13800,87062
2,138,13900,87063
2,139,14000,87069
2,140,14100,87078
2,141,14200,87111
2,142,14300,87111
2,143,14400,87138
2,144,14500,87159
2,145,14600,87178
2,146,14700,87178
2,147,14800,87202
2,148,14900,87210
2,149,15000,87320
2,150,15100,87320
2,151,15200,87333
2,152,15300,87335
2,153,15400,87335
2,154,15500,87336
2,155,15600,87336
2,156,15700,87336
2,157,15800,87339
2,158,15900,87340
2,159,16000,87354
2,160,16100,87354
2,161,16200,87354
2,162,16300,87359
2,163,16400,87360
2,164,16500,87368
2,165,16600,87370
2,166,16700,87370
2,167,16800,87370
2,168,16900,87370
2,169,17000,87378
2,170,17100,87379
2,171,17200,87379
2,172,17300,87379
2,173,17400,87389
2,174,17500,87389
2,175,17600,87390
2,176,17700,87390
2,177,17800,87390
2,178,17900,87390
2,179,18000,87390
2,180,18100,87390
2,181,18200,87390
2,182,18300,87390
2,183,18400,87390
2,184,18500,87390
2,185,18600,87390
2,186,18700,87390
2,187,18800,87390
2,188,18900,87390
2,189,19000,87390
2,190,19100,87390
2,191,19200,87390
2,192,19300,87390
2,193,19400,87390
2,194,19500,87390
2,195,19600,87390
2,196,19700,87390
2,197,19800,87390
2,198,19900,87390
2,199,20000,87390
2,200,20100,87390
2,201,20200,87390
2,202,20300,87390
2,203,20400,87390
2,204,20500,87390
2,205,20600,87390
2,206,20700,87390
2,207,20800,87390
2,208,20900,87429
2,209,21000,87429
2,210,21100,87429
2,211,21200,87429
2,212,21300,87431
2,213,21400,87431
2,214,21500,87431
2,215,21600,87431
2,216,21700,87431
2,217,21800,87431
2,218,21900,87431
2,219,22000,87464
2,220,22100,87464
2,221,22200,87473
2,222,22300,87473
2,223,22400,87473
2,224,22500,87481
2,225,22600,87481
2,226,22700,87481
2,227,22800,87481
2,228,22900,87481
2,229,23000,87481
2,230,23100,87504
2,231,23200,87504
2,232,23300,87504
2,233,23400,87504
2,234,23500,87505
2,235,23600,87505
2,236,23700,87508
2,237,23800,87508
2,238,23900,87544
2,239,24000,87547
2,240,24100,87548
2,241,24200,87548
2,242,24300,87560
2,243,24400,87560
2,244,24500,87561
2,245,24600,87562
2,246,24700,87562
2,247,24800,87562
2,248,24900,87565
2,249,25000,87565
2,250,25100,87565
2,251,25200,87566
2,252,25300,87566
2,253,25400,87566
2,254,25500,87566
2,255,25600,87566
2,256,25700,87566
2,257,25800,87566
2,258,25900,87579
2,259,26000,87579
2,260,26100,87579
2,261,26200,87579
2,262,26300,87579
2,263,26400,87579
2,264,26500,87581
2,265,26600,87581
2,266,26700,87581
2,267,26800,87590
2,268,26900,87590
2,269,27000,87590
2,270,27100,87590
2,271,27200,87590
2,272,27300,87590
2,273,27400,87590
2,274,27500,87636
2,275,27600,87636
2,276,27700,87636
2,277,27800,87636
2,278,27900,87636
2,279,28000,87637
2,280,28100,87637
2,281,28200,87637
2,282,28300,87637
2,283,28400,87679
2,284,28500,87679
2,285,28600,87684
2,286,28700,87684
2,287,28800,87684
2,288,28900,87684
2,289,29000,87684
2,290,29100,87684
2,291,29200,87684
2,292,29300,87684
2,293,29400,87684
2,294,29500,87684
2,295,29600,87684
2,296,29700,87684
2,297,29800,87684
2,298,29900,87684
2,299,30000,87684
2,300,30100,87684
2,301,30200,87684
2,302,30300,87684
2,303,30400,87684
2,304,30500,87684
2,305,30600,87684
2,306,30700,87684
2,307,30800,87684
2,308,30900,87684
2,309,31000,87684
2,310,31100,87684
2,311,31200,87684
2,312,31300,87684
2,313,31400,87684
2,314,31500,87684
2,315,31600,87686
2,316,31700,87686
2,317,31800,87708
2,318,31900,87708
2,319,32000,87708
2,320,32100,87708
2,321,32200,87708
2,322,32300,87708
2,323,32400,87708
2,324,32500,87708
2,325,32600,87708
2,326,32700,87708
2,327,32800,87708
2,328,32900,87708
2,329,33000,87708
2,330,33100,87708
2,331,33200,87708
2,332,33300,87708
2,333,33400,87708
2,334,33500,87708
2,335,33600,87708
2,336,33700,87708
2,337,33800,87708
2,338,33900,87708
2,339,34000,87708
2,340,34100,87708
2,341,34200,87708
2,342,34300,87708
2,343,34400,87708
2,344,34500,87720
2,345,34600,87720
2,346,34700,87720
2,347,34800,87720
2,348,34900,87720
2,349,35000,87721
2,350,35100,87721
2,351,35200,87721
2,352,35300,87721
2,353,35400,87721
2,354,35500,87721
2,355,35600,87721
2,356,35700,87721
2,357,35800,87734
2,358,35900,87734
2,359,36000,87734
2,360,36100,87734
2,361,36200,87734
2,362,36300,87738
2,363,36400,87738
2,364,36500,87738
2,365,36600,87738
2,366,36700,87738
2,367,36800,87738
2,368,36900,87738
2,369,37000,87738
2,370,37100,87738
2,371,37200,87738
2,372,37300,87738
2,373,37400,87738
2,374,37500,87738
2,375,37600,87738
2,376,37700,87738
2,377,37800,87738
2,378,37900,87738
2,379,38000,87738
2,380,38100,87738
2,381,38200,87738
2,382,38300,87738
2,383,38400,87738
2,384,38500,87742
2,385,38600,87771
2,386,38700,87771
2,387,38800,87806
2,388,38900,87814
2,389,39000,87837
2,390,39100,87837
2,391,39200,87837
2,392,39300,87837
2,393,39400,87838
2,394,39500,87838
2,395,39600,87838
2,396,39700,87838
2,397,39800,87839
2,398,39900,87839
2,399,40000,87839
2,400,40100,87840
2,401,40200,87840
2,402,40300,87840
2,403,40400,87842
2,404,40500,87842
2,405,40600,87842
2,406,40700,87842
2,407,40800,87842
2,408,40900,87842
2,409,41000,87842
2,410,41100,87842
2,411,41200,87842
2,412,41300,87843
2,413,41400,87843
2,414,41500,87843
2,415,41600,87843
2,416,41700,87843
2,417,41800,87843
2,418,41900,87843
2,419,42000,87843
2,420,42100,87843
2,421,42200,87843
2,422,42300,87853
2,423,42400,87853
2,424,42500,87853
2,425,42600,87853
2,426,42700,87853
2,427,42800,87853
2,428,42900,87853
2,429,43000,87853
2,430,43100,87853
2,431,43200,87853
2,432,43300,87853
2,433,43400,87853
2,434,43500,87853
2,435,43600,87853
2,436,43700,87854
2,437,43800,87854
2,438,43900,87854
2,439,44000,87854
2,440,44100,87854
2,441,44200,87854
2,442,44300,87854
2,443,44400,87860
2,444,44500,87860
2,445,44600,87887
2,446,44700,87887
2,447,44800,87887
2,448,44900,87887
2,449,45000,87887
2,450,45100,87887
2,451,45200,87887
2,452,45300,87899
2,453,45400,87899
2,454,45500,87899
2,455,45600,87899
2,456,45700,87899
2,457,45800,87911
2,458,45900,87911
2,459,46000,87911
2,460,46100,87911
2,461,46200,87911
2,462,46300,87911
2,463,46400,87911
2,464,46500,87911
2,465,46600,87911
2,466,46700,87911
2,467,46800,87911
2,468,46900,87911
2,469,47000,87911
2,470,47100,87911
2,471,47200,87911
2,472,47300,87911
2,473,47400,87911
2,474,47500,87911
2,475,47600,87911
2,476,47700,87911
2,477,47800,87911
2,478,47900,87911
2,479,48000,87911
2,480,48100,87911
2,481,48200,87913
2,482,48300,87935
2,483,48400,87935
2,484,48500,87935
2,485,48600,87935
2,486,48700,87935
2,487,48800,87935
2,488,48900,87935
2,489,49000,87935
2,490,49100,87935
2,491,49200,87935
2,492,49300,87935
2,493,49400,87935
2,494,49500,87935
2,495,49600,87935
2,496,49700,87935
2,497,49800,87935
2,498,49900,87935
2,499,50000,87935
2,500,50100,87935
2,501,50200,87935
2,502,50300,87935
2,503,50400,87935
2,504,50500,87935
2,505,50600,87935
2,506,50700,87935
2,507,50800,87935
2,508,50900,87935
2,509,51000,87935
2,510,51100,87935
2,511,51200,87935
2,512,51300,87947
2,513,51400,87947
2,514,51500,87947
2,515,51600,87947
2,516,51700,87947
2,517,51800,87947
2,518,51900,87947
2,519,52000,87947
2,520,52100,87947
2,521,52200,87947
2,522,52300,87947
2,523,52400,87947
2,524,52500,87947
2,525,52600,87947
2,526,52700,87947
2,527,52800,87947
2,528,52900,87947
2,529,53000,87947
2,530,53100,87947
2,531,53200,87947
2,532,53300,87947
2,533,53400,87955
2,534,53500,87955
2,535,53600,87955
2,536,53700,87955
2,537,53800,87955
2,538,53900,87955
2,539,54000,87955
2,540,54100,87955
2,541,54200,87955
2,542,54300,87955
2,543,54400,87955
2,544,54500,87955
2,545,54600,87955
2,546,54700,87955
2,547,54800,87955
2,548,54900,87955
2,549,55000,87955
2,550,55100,87955
2,551,55200,87955
2,552,55300,87955
2,553,55400,87955
2,554,55500,87955
2,555,55600,87955
2,556,55700,87955
2,557,55800,87955
2,558,55900,87955
2,559,56000,87955
2,560,56100,87955
2,561,56200,87955
2,562,56300,87955
2,563,56400,87955
2,564,56500,87955
2,565,56600,87955
2,566,56700,87980
2,567,56800,87980
2,568,56900,87980
2,569,57000,87982
2,570,57100,87982
2,571,57200,87982
2,572,57300,87982
2,573,57400,87982
2,574,57500,87982
2,575,57600,87982
2,576,57700,87982
2,577,57800,87982
2,578,57900,87982
2,579,58000,87983
2,580,58100,87983
2,581,58200,87983
2,582,58300,87983
2,583,58400,87983
2,584,58500,87983
2,585,58600,87983
2,586,58700,87983
2,587,58800,87983
2,588,58900,87983
2,589,59000,87983
2,590,59100,87983
2,591,59200,87983
2,592,59300,87983
2,593,59400,87983
2,594,59500,87983
2,595,59600,87983
2,596,59700,87983
2,597,59800,87983
2,598,59900,87983
2,599,60000,87983
2,600,60100,87983
2,601,60200,87983
2,602,60300,87983
2,603,60400,87983
2,604,60500,87983
2,605,60600,87983
2,606,60700,87983
2,607,60800,87983
2,608,60900,87983
2,609,61000,87983
2,610,61100,87983
2,611,61200,87983
2,612,61300,87983
2,613,61400,87983
2,614,61500,87983
2,615,61600,87983
2,616,61700,87983
2,617,61800,87983
2,618,61900,87983
2,619,62000,87983
2,620,62100,87983
2,621,62200,87983
2,622,62300,87983
2,623,62400,87983
2,624,62500,87983
2,625,62600,87983
2,626,62700,87983
2,627,62800,87983
2,628,62900,87983
2,629,63000,87983
2,630,63100,87983
2,631,63200,87983
2,632,63300,87983
2,633,63400,87983
2,634,63500,87983
2,635,63600,87983
2,636,63700,87983
2,637,63800,87983
2,638,63900,87988
2,639,64000,87988
2,640,64100,87988
2,641,64200,87988
2,642,64300,87988
2,643,64400,87988
2,644,64500,87988
2,645,64600,87988
2,646,64700,87988
2,647,64800,87988
2,648,64900,87988
2,649,65000,87988
2,650,65100,87988
2,651,65200,87988
2,652,65300,87988
2,653,65400,87988
2,654,65500,87988
2,655,65600,87988
2,656,65700,87988
2,657,65800,87988
2,658,65900,87988
2,659,66000,87988
2,660,66100,87988
2,661,66200,87988
2,662,66300,87988
2,663,66400,87988
2,664,66500,87988
2,665,66600,87988
2,666,66700,87988
2,667,66800,87988
2,668,66900,87988
2,669,67000,87994
2,670,67100,87994
2,671,67200,87994
2,672,67300,87994
2,673,67400,87994
2,674,67500,87994
2,675,67600,87994
2,676,67700,87994
2,677,67800,87994
2,678,67900,87994
2,679,68000,87994
2,680,68100,87994
2,681,68200,87994
2,682,68300,87994
2,683,68400,87994
2,684,68500,87994
2,685,68600,87994
2,686,68700,87994
2,687,68800,87994
2,688,68900,87994
2,689,69000,87994
2,690,69100,87994
2,691,69200,87994
2,692,69300,87994
2,693,69400,87994
2,694,69500,87994
2,695,69600,87994
2,696,69700,87994
2,697,69800,87994
2,698,69900,87994
2,699,70000,87994
2,700,70100,87994
2,701,70200,87994
2,702,70300,87994
2,703,70400,87994
2,704,70500,87994
2,705,70600,87994
2,706,70700,87994
2,707,70800,87994
2,708,70900,87994
2,709,71000,87994
2,710,71100,87994
2,711,71200,87994
2,712,71300,87994
2,713,71400,87994
2,714,71500,87994
2,715,71600,87994
2,716,71700,87994
2,717,71800,87994
2,718,71900,87994
2,719,72000,87994
2,720,72100,87994
2,721,72200,87994
2,722,72300,87994
2,723,72400,87994
2,724,72500,87994
2,725,72600,87994
2,726,72700,87994
2,727,72800,87994
2,728,72900,87994
2,729,73000,87994
2,730,73100,87994
2,731,73200,87994
2,732,73300,87994
2,733,73400,87994
2,734,73500,87994
2,735,73600,87994
2,736,73700,87994
2,737,73800,87994
2,738,73900,87994
2,739,74000,87994
2,740,74100,87994
2,741,74200,87994
2,742,74300,88002
2,743,74400,88002
2,744,74500,88002
2,745,74600,88002
2,746,74700,88002
2,747,74800,88002
2,748,74900,88002
2,749,75000,88002
2,750,75100,88002
2,751,75200,88002
2,752,75300,88002
2,753,75400,88002
2,754,75500,88002
2,755,75600,88002
2,756,75700,88002
2,757,75800,88002
2,758,75900,88002
2,759,76000,88002
2,760,76100,88002
2,761,76200,88002
2,762,76300,88002
2,763,76400,88002
2,764,76500,88002
2,765,76600,88002
2,766,76700,88002
2,767,76800,88002
2,768,76900,88002
2,769,77000,88002
2,770,77100,88002
2,771,77200,88002
2,772,77300,88002
2,773,77400,88002
2,774,77500,88002
2,775,77600,88002
2,776,77700,88002
2,777,77800,88002
2,778,77900,88002
2,779,78000,88002
2,780,78100,88002
2,781,78200,88002
2,782,78300,88005
2,783,78400,88005
2,784,78500,88005
2,785,78600,88005
2,786,78700,88005
2,787,78800,88005
2,788,78900,88005
2,789,79000,88005
2,790,79100,88005
2,791,79200,88005
2,792,79300,88005
2,793,79400,88005
2,794,79500,88005
2,795,79600,88005
2,796,79700,88005
2,797,79800,88005
2,798,79900,88005
2,799,80000,88005
2,800,80100,88005
2,801,80200,88005
2,802,80300,88005
2,803,80400,88005
2,804,80500,88005
2,805,80600,88005
2,806,80700,88005
2,807,80800,88005
2,808,80900,88005
2,809,81000,88005
2,810,81100,88005
2,811,81200,88005
2,812,81300,88005
2,813,81400,88005
2,814,81500,88005
2,815,81600,88005
2,816,81700,88005
2,817,81800,88005
2,818,81900,88005
2,819,82000,88005
2,820,82100,88005
2,821,82200,88005
2,822,82300,88005
2,823,82400,88005
2,824,82500,88005
2,825,82600,88005
2,826,82700,88005
2,827,82800,88007
2,828,82900,88007
2,829,83000,88007
2,830,83100,88007
2,831,83200,88007
2,832,83300,88007
2,833,83400,88007
2,834,83500,88007
2,835,83600,88007
2,836,83700,88007
2,837,83800,88007
2,838,83900,88007
2,839,84000,88007
2,840,84100,88007
2,841,84200,88007
2,842,84300,88007
2,843,84400,88007
2,844,84500,88007
2,845,84600,88007
2,846,84700,88007
2,847,84800,88007
2,848,84900,88007
2,849,85000,88007
2,850,85100,88007
2,851,85200,88007
2,852,85300,88007
2,853,85400,88007
2,854,85500,88007
2,855,85600,88007
2,856,85700,88007
2,857,85800,88007
2,858,85900,88007
2,859,86000,88007
2,860,86100,88007
2,861,86200,88007
2,862,86300,88007
2,863,86400,88007
2,864,86500,88007
2,865,86600,88007
2,866,86700,88007
2,867,86800,88007
2,868,86900,88007
2,869,87000,88007
2,870,87100,88007
2,871,87200,88007
2,872,87300,88007
2,873,87400,88007
2,874,87500,88007
2,875,87600,88007
2,876,87700,88007
2,877,87800,88007
2,878,87900,88007
2,879,88000,88007
2,880,88100,88007
2,881,88200,88007
2,882,88300,88007
2,883,88400,88007
2,884,88500,88007
2,885,88600,88007
2,886,88700,88007
2,887,88800,88007
2,888,88900,88007
2,889,89000,88007
2,890,89100,88007
2,891,89200,88007
2,892,89300,88007
2,893,89400,88007
2,894,89500,88007
2,895,89600,88007
2,896,89700,88007
2,897,89800,88007
2,898,89900,88007
2,899,90000,88007
2,900,90100,88007
2,901,90200,88007
2,902,90300,88007
2,903,90400,88007
2,904,90500,88007
2,905,90600,88007
2,906,90700,88007
2,907,90800,88007
2,908,90900,88007
2,909,91000,88007
2,910,91100,88007
2,911,91200,88007
2,912,91300,88007
2,913,91400,88007
2,914,91500,88007
2,915,91600,88007
2,916,91700,88007
2,917,91800,88007
2,918,91900,88007
2,919,92000,88007
2,920,92100,88007
2,921,92200,88007
2,922,92300,88007
2,923,92400,88007
2,924,92500,88007
2,925,92600,88007
2,926,92700,88007
2,927,92800,88007
2,928,92900,88007
2,929,93000,88007
2,930,93100,88007
2,931,93200,88007
2,932,93300,88010
2,933,93400,88010
2,934,93500,88026
2,935,93600,88026
2,936,93700,88026
2,937,93800,88029
2,938,93900,88029
2,939,94000,88036
2,940,94100,88038
2,941,94200,88038
2,942,94300,88048
2,943,94400,88048
2,944,94500,88048
2,945,94600,88060
2,946,94700,88064
2,947,94800,88064
2,948,94900,88064
2,949,95000,88064
2,950,95100,88064
2,951,95200,88064
2,952,95300,88064
2,953,95400,88064
2,954,95500,88064
2,955,95600,88064
2,956,95700,88064
2,957,95800,88064
2,958,95900,88064
2,959,96000,88064
2,960,96100,88064
2,961,96200,88064
2,962,96300,88064
2,963,96400,88064
2,964,96500,88064
2,965,96600,88064
2,966,96700,88064
2,967,96800,88064
2,968,96900,88064
2,969,97000,88064
2,970,97100,88064
2,971,97200,88064
2,972,97300,88064
2,973,97400,88064
2,974,97500,88064
2,975,97600,88064
2,976,97700,88064
2,977,97800,88064
2,978,97900,88064
2,979,98000,88064
2,980,98100,88064
2,981,98200,88064
2,982,98300,88064
2,983,98400,88064
2,984,98500,88073
2,985,98600,88073
2,986,98700,88073
2,987,98800,88073
2,988,98900,88073
2,989,99000,88073
2,990,99100,88073
2,991,99200,88073
2,992,99300,88073
2,993,99400,88073
2,994,99500,88073
2,995,99600,88073
2,996,99700,88073
2,997,99800,88073
2,998,99900,88073
2,999,100000,88073
3,0,100,71723
3,1,200,74255
3,2,300,76324
3,3,400,77303
3,4,500,79861
3,5,600,79861
3,6,700,80383
3,7,800,80803
3,8,900,80854
3,9,1000,81781
3,10,1100,82046
3,11,1200,82046
3,12,1300,82096
3,13,1400,82119
3,14,1500,82247
3,15,1600,82308
3,16,1700,82685
3,17,1800,82685
3,18,1900,82860
3,19,2000,82922
3,20,2100,83049
3,21,2200,83049
3,22,2300,83149
3,23,2400,83691
3,24,2500,83691
3,25,2600,83744
3,26,2700,83763
3,27,2800,83980
3,28,2900,84037
3,29,3000,84048
3,30,3100,84113
3,31,3200,84141
3,32,3300,84169
3,33,3400,84194
3,34,3500,84527
3,35,3600,84531
3,36,3700,84545
3,37,3800,84696
3,38,3900,84923
3,39,4000,84949
3,40,4100,85003
3,41,4200,85312
3,42,4300,85335
3,43,4400,85392
3,44,4500,85613
3,45,4600,85638
3,46,4700,85638
3,47,4800,85697
3,48,4900,85697
3,49,5000,85727
3,50,5100,85739
3,51,5200,85742
3,52,5300,85768
3,53,5400,85768
3,54,5500,85772
3,55,5600,85772
3,56,5700,85776
3,57,5800,85776
3,58,5900,85779
3,59,6000,85779
3,60,6100,85861
3,61,6200,85861
3,62,6300,85865
3,63,6400,85874
3,64,6500,85874
3,65,6600,85874
3,66,6700,85884
3,67,6800,85943
3,68,6900,85943
3,69,7000,86047
3,70,7100,86047
3,71,7200,86047
3,72,7300,86085
3,73,7400,86085
3,74,7500,86085
3,75,7600,86085
3,76,7700,86172
3,77,7800,86172
3,78,7900,86172
3,79,8000,86172
3,80,8100,86172
3,81,8200,86172
3,82,8300,86205
3,83,8400,86205
3,84,8500,86242
3,85,8600,86242
3,86,8700,86381
3,87,8800,86385
3,88,8900,86418
3,89,9000,86418
3,90,9100,86439
3,91,9200,86468
3,92,9300,86472
3,93,9400,86472
3,94,9500,86472
3,95,9600,86472
3,96,9700,86472
3,97,9800,86472
3,98,9900,86472
3,99,10000,86472
3,100,10100,86472
3,101,10200,86472
3,102,10300,86480
3,103,10400,86480
3,104,10500,86490
3,105,10600,86498
3,106,10700,86498
3,107,10800,86508
3,108,10900,86523
3,109,11000,86535
3,110,11100,86543
3,111,11200,86556
3,112,11300,86569
3,113,11400,86571
3,114,11500,86721
3,115,11600,86734
3,116,11700,86734
3,117,11800,86740
3,118,11900,86740
3,119,12000,86740
3,120,12100,86740
3,121,12200,86740
3,122,12300,86740
3,123,12400,86750
3,124,12500,86750
3,125,12600,86750
3,126,12700,86750
3,127,12800,86750
3,128,12900,86750
3,129,13000,86799
3,130,13100,86799
3,131,13200,86799
3,132,13300,86806
3,133,13400,86806
3,134,13500,86806
3,135,13600,86818
3,136,13700,86819
3,137,13800,86824
3,138,13900,86824
3,139,14000,86824
3,140,14100,86966
3,141,14200,86966
3,142,14300,86966
3,143,14400,86973
3,144,14500,86987
3,145,14600,87016
3,146,14700,87047
3,147,14800,87124
3,148,14900,87124
3,149,15000,87132
3,150,15100,87162
3,151,15200,87169
3,152,15300,87245
3,153,15400,87265
3,154,15500,87267
3,155,15600,87275
3,156,15700,87281
3,157,15800,87285
3,158,15900,87294
3,159,16000,87296
3,160,16100,87315
3,161,16200,87315
3,162,16300,87331
3,163,16400,87331
3,164,16500,87353
3,165,16600,87405
3,166,16700,87426
3,167,16800,87434
3,168,16900,87434
3,169,17000,87438
3,170,17100,87439
3,171,17200,87456
3,172,17300,87456
3,173,17400,87457
3,174,17500,87461
3,175,17600,87461
3,176,17700,87462
3,177,17800,87465
3,178,17900,87465
3,179,18000,87471
3,180,18100,87471
3,181,18200,87474
3,182,18300,87474
3,183,18400,87479
3,184,18500,87479
3,185,18600,87479
3,186,18700,87479
3,187,18800,87479
3,188,18900,87479
3,189,19000,87479
3,190,19100,87484
3,191,19200,87484
3,192,19300,87484
3,193,19400,87490
3,194,19500,87521
3,195,19600,87521
3,196,19700,87525
3,197,19800,87526
3,198,19900,87526
3,199,20000,87533
3,200,20100,87533
3,201,20200,87533
3,202,20300,87546
3,203,20400,87546
3,204,20500,87551
3,205,20600,87565
3,206,20700,87565
3,207,20800,87565
3,208,20900,87578
3,209,21000,87578
3,210,21100,87580
3,211,21200,87582
3,212,21300,87612
3,213,21400,87612
3,214,21500,87612
3,215,21600,87614
3,216,21700,87614
3,217,21800,87614
3,218,21900,87614
3,219,22000,87623
3,220,22100,87623
3,221,22200,87623
3,222,22300,87623
3,223,22400,87623
3,224,22500,87623
3,225,22600,87636
3,226,22700,87636
3,227,22800,87636
3,228,22900,87640
3,229,23000,87646
3,230,23100,87646
3,231,23200,87646
3,232,23300,87647
3,233,23400,87647
3,234,23500,87662
3,235,23600,87667
3,236,23700,87677
3,237,23800,87678
3,238,23900,87687
3,239,24000,87687
3,240,24100,87701
3,241,24200,87709
3,242,24300,87710
3,243,24400,87757
3,244,24500,87757
3,245,24600,87758
3,246,24700,87766
3,247,24800,87768
3,248,24900,87768
3,249,25000,87768
3,250,25100,87768
3,251,25200,87768
3,252,25300,87768
3,253,25400,87768
3,254,25500,87768
3,255,25600,87768
3,256,25700,87768
3,257,25800,87770
3,258,25900,87770
3,259,26000,87770
3,260,26100,87770
3,261,26200,87805
3,262,26300,87807
3,263,26400,87807
3,264,26500,87807
3,265,26600,87807
3,266,26700,87808
3,267,26800,87852
3,268,26900,87852
3,269,27000,87853
3,270,27100,87853
3,271,27200,87855
3,272,27300,87855
3,273,27400,87856
3,274,27500,87858
3,275,27600,87858
3,276,27700,87858
3,277,27800,87858
3,278,27900,87858
3,279,28000,87860
3,280,28100,87860
3,281,28200,87860
3,282,28300,87861
3,283,28400,87863
3,284,28500,87863
3,285,28600,87864
3,286,28700,87865
3,287,28800,87898
3,288,28900,87898
3,289,29000,87898
3,290,29100,87898
3,291,29200,87916
3,292,29300,87919
3,293,29400,87919
3,294,29500,87919
3,295,29600,87923
3,296,29700,87929
3,297,29800,87932
3,298,29900,87935
3,299,30000,87936
3,300,30100,87936
3,301,30200,87949
3,302,30300,87949
3,303,30400,87949
3,304,30500,87949
3,305,30600,87949
3,306,30700,87949
3,307,30800,87949
3,308,30900,87949
3,309,31000,87949
3,310,31100,87949
3,311,31200,87949
3,312,31300,87949
3,313,31400,87949
3,314,31500,87949
3,315,31600,87949
3,316,31700,87949
3,317,31800,87949
3,318,31900,87949
3,319,32000,87951
3,320,32100,87953
3,321,32200,87953
3,322,32300,87962
3,323,32400,87962
3,324,32500,87964
3,325,32600,87964
3,326,32700,87968
3,327,32800,87968
3,328,32900,87968
3,329,33000,87970
3,330,33100,87972
3,331,33200,87976
3,332,33300,87976
3,333,33400,87976
3,334,33500,87976
3,335,33600,87976
3,336,33700,87976
3,337,33800,87985
3,338,33900,87985
3,339,34000,87985
3,340,34100,87985
3,341,34200,87985
3,342,34300,87986
3,343,34400,87986
3,344,34500,87986
3,345,34600,87986
3,346,34700,87986
3,347,34800,87986
3,348,34900,87986
3,349,35000,87986
3,350,35100,87986
3,351,35200,87988
3,352,35300,87988
3,353,35400,87988
3,354,35500,87988
3,355,35600,87988
3,356,35700,87988
3,357,35800,87988
3,358,35900,87988
3,359,36000,87992
3,360,36100,87992
3,361,36200,87996
3,362,36300,88000
3,363,36400,88000
3,364,36500,88000
3,365,36600,88000
3,366,36700,88000
3,367,36800,88000
3,368,36900,88000
3,369,37000,88001
3,370,37100,88001
3,371,37200,88001
3,372,37300,88001
3,373,37400,88001
3,374,37500,88001
3,375,37600,88001
3,376,37700,88001
3,377,37800,88001
3,378,37900,88001
3,379,38000,88001
3,380,38100,88001
3,381,38200,88001
3,382,38300,88001
3,383,38400,88001
3,384,38500,88001
3,385,38600,88001
3,386,38700,88001
3,387,38800,88011
3,388,38900,88011
3,389,39000,88011
3,390,39100,88011
3,391,39200,88011
3,392,39300,88011
3,393,39400,88011
3,394,39500,88011
3,395,39600,88035
3,396,39700,88035
3,397,39800,88035
3,398,39900,88038
3,399,40000,88042
3,400,40100,88042
3,401,40200,88042
3,402,40300,88042
3,403,40400,88042
3,404,40500,88042
3,405,40600,88042
3,406,40700,88048
3,407,40800,88048
3,408,40900,88048
3,409,41000,88048
3,410,41100,88048
3,411,41200,88048
3,412,41300,88050
3,413,41400,88050
3,414,41500,88050
3,415,41600,88050
3,416,41700,88050
3,417,41800,88050
3,418,41900,88050
3,419,42000,88050
3,420,42100,88050
3,421,42200,88050
3,422,42300,88050
3,423,42400,88050
3,424,42500,88050
3,425,42600,88050
3,426,42700,88050
3,427,42800,88050
3,428,42900,88050
3,429,43000,88051
3,430,43100,88051
3,431,43200,88051
3,432,43300,88051
3,433,43400,88051
3,434,43500,88051
3,435,43600,88051
3,436,43700,88051
3,437,43800,88051
3,438,43900,88051
3,439,44000,88051
3,440,44100,88051
3,441,44200,88051
3,442,44300,88051
3,443,44400,88051
3,444,44500,88051
3,445,44600,88051
3,446,44700,88051
3,447,44800,88051
3,448,44900,88051
3,449,45000,88051
3,450,45100,88051
3,451,45200,88051
3,452,45300,88051
3,453,45400,88051
3,454,45500,88051
3,455,45600,88051
3,456,45700,88051
3,457,45800,88051
3,458,45900,88051
3,459,46000,88051
3,460,46100,88051
3,461,46200,88051
3,462,46300,88051
3,463,46400,88051
3,464,46500,88051
3,465,46600,88051
3,466,46700,88051
3,467,46800,88051
3,468,46900,88051
3,469,47000,88051
3,470,47100,88051
3,471,47200,88051
3,472,47300,88051
3,473,47400,88051
3,474,47500,88051
3,475,47600,88051
3,476,47700,88051
3,477,47800,88051
3,478,47900,88051
3,479,48000,88051
3,480,48100,88051
3,481,48200,88051
3,482,48300,88051
3,483,48400,88051
3,484,48500,88051
3,485,48600,88051
3,486,48700,88051
3,487,48800,88051
3,488,48900,88051
3,489,49000,88051
3,490,49100,88051
3,491,49200,88051
3,492,49300,88051
3,493,49400,88051
3,494,49500,88051
3,495,49600,88051
3,496,49700,88051
3,497,49800,88051
3,498,49900,88051
3,499,50000,88051
3,500,50100,88051
3,501,50200,88051
3,502,50300,88051
3,503,50400,88051
3,504,50500,88051
3,505,50600,88051
3,506,50700,88051
3,507,50800,88051
3,508,50900,88051
3,509,51000,88051
3,510,51100,88051
3,511,51200,88051
3,512,51300,88051
3,513,51400,88051
3,514,51500,88051
3,515,51600,88051
3,516,51700,88051
3,517,51800,88051
3,518,51900,88051
3,519,52000,88051
3,520,52100,88051
3,521,52200,88051
3,522,52300,88051
3,523,52400,88051
3,524,52500,88051
3,525,52600,88051
3,526,52700,88051
3,527,52800,88051
3,528,52900,88051
3,529,53000,88051
3,530,53100,88051
3,531,53200,88051
3,532,53300,88051
3,533,53400,88051
3,534,53500,88051
3,535,53600,88051
3,536,53700,88051
3,537,53800,88051
3,538,53900,88051
3,539,54000,88051
3,540,54100,88051
3,541,54200,88051
3,542,54300,88051
3,543,54400,88051
3,544,54500,88051
3,545,54600,88051
3,546,54700,88051
3,547,54800,88051
3,548,54900,88051
3,549,55000,88051
3,550,55100,88051
3,551,55200,88051
3,552,55300,88051
3,553,55400,88051
3,554,55500,88051
3,555,55600,88051
3,556,55700,88051
3,557,55800,88051
3,558,55900,88051
3,559,56000,88051
3,560,56100,88051
3,561,56200,88051
3,562,56300,88057
3,563,56400,88057
3,564,56500,88057
3,565,56600,88057
3,566,56700,88057
3,567,56800,88057
3,568,56900,88057
3,569,57000,88057
3,570,57100,88059
3,571,57200,88060
3,572,57300,88060
3,573,57400,88064
3,574,57500,88064
3,575,57600,88064
3,576,57700,88065
3,577,57800,88065
3,578,57900,88065
3,579,58000,88065
3,580,58100,88065
3,581,58200,88070
3,582,58300,88070
3,583,58400,88070
3,584,58500,88070
3,585,58600,88070
3,586,58700,88070
3,587,58800,88070
3,588,58900,88070
3,589,59000,88070
3,590,59100,88070
3,591,59200,88070
3,592,59300,88070
3,593,59400,88070
3,594,59500,88070
3,595,59600,88070
3,596,59700,88070
3,597,59800,88070
3,598,59900,88070
3,599,60000,88070
3,600,60100,88070
3,601,60200,88070
3,602,60300,88070
3,603,60400,88070
3,604,60500,88070
3,605,60600,88070
3,606,60700,88070
3,607,60800,88070
3,608,60900,88070
3,609,61000,88070
3,610,61100,88070
3,611,61200,88070
3,612,61300,88070
3,613,61400,88070
3,614,61500,88070
3,615,61600,88070
3,616,61700,88070
3,617,61800,88070
3,618,61900,88070
3,619,62000,88070
3,620,62100,88072
3,621,62200,88072
3,622,62300,88072
3,623,62400,88072
3,624,62500,88072
3,625,62600,88072
3,626,62700,88072
3,627,62800,88072
3,628,62900,88072
3,629,63000,88072
3,630,63100,88072
3,631,63200,88072
3,632,63300,88072
3,633,63400,88072
3,634,63500,88072
3,635,63600,88072
3,636,63700,88072
3,637,63800,88072
3,638,63900,88072
3,639,64000,88072
3,640,64100,88072
3,641,64200,88072
3,642,64300,88072
3,643,64400,88072
3,644,64500,88072
3,645,64600,88072
3,646,64700,88072
3,647,64800,88072
3,648,64900,88072
3,649,65000,88072
3,650,65100,88072
3,651,65200,88072
3,652,65300,88072
3,653,65400,88072
3,654,65500,88072
3,655,65600,88072
3,656,65700,88072
3,657,65800,88072
3,658,65900,88072
3,659,66000,88072
3,660,66100,88072
3,661,66200,88072
3,662,66300,88072
3,663,66400,88072
3,664,66500,88072
3,665,66600,88072
3,666,66700,88072
3,667,66800,88072
3,668,66900,88072
3,669,67000,88072
3,670,67100,88072
3,671,67200,88072
3,672,67300,88072
3,673,67400,88072
3,674,67500,88072
3,675,67600,88072
3,676,67700,88072
3,677,67800,88072
3,678,67900,88072
3,679,68000,88072
3,680,68100,88072
3,681,68200,88072
3,682,68300,88072
3,683,68400,88072
3,684,68500,88072
3,685,68600,88072
3,686,68700,88072
3,687,68800,88072
3,688,68900,88072
3,689,69000,88072
3,690,69100,88072
3,691,69200,88093
3,692,69300,88093
3,693,69400,88097
3,694,69500,88097
3,695,69600,88097
3,696,69700,88101
3,697,69800,88105
3,698,69900,88105
3,699,70000,88105
3,700,70100,88105
3,701,70200,88105
3,702,70300,88105
3,703,70400,88105
3,704,70500,88105
3,705,70600,88105
3,706,70700,88105
3,707,70800,88105
3,708,70900,88105
3,709,71000,88105
3,710,71100,88105
3,711,71200,88105
3,712,71300,88105
3,713,71400,88105
3,714,71500,88105
3,715,71600,88105
3,716,71700,88105
3,717,71800,88105
3,718,71900,88105
3,719,72000,88105
3,720,72100,88105
3,721,72200,88105
3,722,72300,88105
3,723,72400,88105
3,724,72500,88105
3,725,72600,88105
3,726,72700,88105
3,727,72800,88105
3,728,72900,88105
3,729,73000,88105
3,730,73100,88105
3,731,73200,88105
3,732,73300,88105
3,733,73400,88105
3,734,73500,88105
3,735,73600,88105
3,736,73700,88105
3,737,73800,88105
3,738,73900,88105
3,739,74000,88105
3,740,74100,88105
3,741,74200,88105
3,742,74300,88105
3,743,74400,88105
3,744,74500,88105
3,745,74600,88105
3,746,74700,88105
3,747,74800,88105
3,748,74900,88105
3,749,75000,88105
3,750,75100,88105
3,751,75200,88105
3,752,75300,88105
3,753,75400,88105
3,754,75500,88105
3,755,75600,88105
3,756,75700,88105
3,757,75800,88105
3,758,75900,88107
3,759,76000,88107
3,760,76100,88107
3,761,76200,88107
3,762,76300,88107
3,763,76400,88107
3,764,76500,88107
3,765,76600,88108
3,766,76700,88108
3,767,76800,88108
3,768,76900,88109
3,769,77000,88109
3,770,77100,88109
3,771,77200,88109
3,772,77300,88109
3,773,77400,88109
3,774,77500,88109
3,775,77600,88109
3,776,77700,88109
3,777,77800,88119
3,778,77900,88119
3,779,78000,88119
3,780,78100,88119
3,781,78200,88119
3,782,78300,88119
3,783,78400,88119
3,784,78500,88119
3,785,78600,88119
3,786,78700,88119
3,787,78800,88119
3,788,78900,88119
3,789,79000,88119
3,790,79100,88119
3,791,79200,88119
3,792,79300,88119
3,793,79400,88119
3,794,79500,88119
3,795,79600,88119
3,796,79700,88119
3,797,79800,88119
3,798,79900,88119
3,799,80000,88119
3,800,80100,88119
3,801,80200,88119
3,802,80300,88119
3,803,80400,88119
3,804,80500,88119
3,805,80600,88119
3,806,80700,88119
3,807,80800,88119
3,808,80900,88119
3,809,81000,88119
3,810,81100,88119
3,811,81200,88119
3,812,81300,88119
3,813,81400,88119
3,814,81500,88119
3,815,81600,88119
3,816,81700,88119
3,817,81800,88119
3,818,81900,88119
3,819,82000,88119
3,820,82100,88119
3,821,82200,88119
3,822,82300,88119
3,823,82400,88119
3,824,82500,88119
3,825,82600,88119
3,826,82700,88119
3,827,82800,88119
3,828,82900,88119
3,829,83000,88119
3,830,83100,88119
3,831,83200,88119
3,832,83300,88119
3,833,83400,88119
3,834,83500,88119
3,835,83600,88119
3,836,83700,88119
3,837,83800,88119
3,838,83900,88119
3,839,84000,88119
3,840,84100,88119
3,841,84200,88119
3,842,84300,88119
3,843,84400,88119
3,844,84500,88119
3,845,84600,88119
3,846,84700,88119
3,847,84800,88119
3,848,84900,88119
3,849,85000,88123
3,850,85100,88123
3,851,85200,88123
3,852,85300,88123
3,853,85400,88123
3,854,85500,88123
3,855,85600,88123
3,856,85700,88123
3,857,85800,88123
3,858,85900,88123
3,859,86000,88123
3,860,86100,88123
3,861,86200,88123
3,862,86300,88123
3,863,86400,88123
3,864,86500,88123
3,865,86600,88123
3,866,86700,88123
3,867,86800,88123
3,868,86900,88123
3,869,87000,88123
3,870,87100,88123
3,871,87200,88123
3,872,87300,88123
3,873,87400,88123
3,874,87500,88123
3,875,87600,88123
3,876,87700,88123
3,877,87800,88123
3,878,87900,88123
3,879,88000,88123
3,880,88100,88123
3,881,88200,88123
3,882,88300,88123
3,883,88400,88123
3,884,88500,88123
3,885,88600,88123
3,886,88700,88123
3,887,88800,88123
3,888,88900,88123
3,889,89000,88123
3,890,89100,88123
3,891,89200,88123
3,892,89300,88123
3,893,89400,88123
3,894,89500,88123
3,895,89600,88123
3,896,89700,88123
3,897,89800,88123
3,898,89900,88123
3,899,90000,88123
3,900,90100,88123
3,901,90200,88123
3,902,90300,88123
3,903,90400,88123
3,904,90500,88123
3,905,90600,88123
3,906,90700,88123
3,907,90800,88123
3,908,90900,88123
3,909,91000,88123
3,910,91100,88123
3,911,91200,88123
3,912,91300,88123
3,913,91400,88123
3,914,91500,88123
3,915,91600,88123
3,916,91700,88123
3,917,91800,88123
3,918,91900,88123
3,919,92000,88123
3,920,92100,88123
3,921,92200,88123
3,922,92300,88123
3,923,92400,88123
3,924,92500,88123
3,925,92600,88123
3,926,92700,88123
3,927,92800,88123
3,928,92900,88123
3,929,93000,88123
3,930,93100,88123
3,931,93200,88123
3,932,93300,88123
3,933,93400,88123
3,934,93500,88123
3,935,93600,88123
3,936,93700,88123
3,937,93800,88123
3,938,93900,88123
3,939,94000,88123
3,940,94100,88123
3,941,94200,88123
3,942,94300,88123
3,943,94400,88123
3,944,94500,88123
3,945,94600,88123
3,946,94700,88123
3,947,94800,88123
3,948,94900,88123
3,949,95000,88123
3,950,95100,88123
3,951,95200,88123
3,952,95300,88123
3,953,95400,88123
3,954,95500,88123
3,955,95600,88123
3,956,95700,88123
3,957,95800,88123
3,958,95900,88123
3,959,96000,88123
3,960,96100,88123
3,961,96200,88123
3,962,96300,88123
3,963,96400,88123
3,964,96500,88123
3,965,96600,88123
3,966,96700,88123
3,967,96800,88123
3,968,96900,88123
3,969,97000,88123
3,970,97100,88123
3,971,97200,88123
3,972,97300,88123
3,973,97400,88123
3,974,97500,88123
3,975,97600,88123
3,976,97700,88123
3,977,97800,88123
3,978,97900,88123
3,979,98000,88123
3,980,98100,88123
3,981,98200,88123
3,982,98300,88123
3,983,98400,88123
3,984,98500,88123
3,985,98600,88123
3,986,98700,88123
3,987,98800,88123
3,988,98900,88123
3,989,99000,88123
3,990,99100,88123
3,991,99200,88123
3,992,99300,88123
3,993,99400,88123
3,994,99500,88123
3,995,99600,88123
3,996,99700,88123
3,997,99800,88123
3,998,99900,88123
3,999,100000,88123
4,0,100,72236
4,1,200,74951
4,2,300,76448
4,3,400,77294
4,4,500,77836
4,5,600,78658
4,6,700,79170
4,7,800,79290
4,8,900,79773
4,9,1000,79989
4,10,1100,80844
4,11,1200,80844
4,12,1300,81215
4,13,1400,81215
4,14,1500,81826
4,15,1600,81832
4,16,1700,82370
4,17,1800,82370
4,18,1900,82370
4,19,2000,82630
4,20,2100,82653
4,21,2200,83046
4,22,2300,83076
4,23,2400,83218
4,24,2500,83218
4,25,2600,83372
4,26,2700,83502
4,27,2800,83531
4,28,2900,83531
4,29,3000,83549
4,30,3100,83554
4,31,3200,83568
4,32,3300,83802
4,33,3400,83834
4,34,3500,83834
4,35,3600,84119
4,36,3700,84119
4,37,3800,84138
4,38,3900,84196
4,39,4000,84352
4,40,4100,84451
4,41,4200,84480
4,42,4300,84480
4,43,4400,84487
4,44,4500,84507
4,45,4600,84514
4,46,4700,84952
4,47,4800,84976
4,48,4900,84986
4,49,5000,84990
4,50,5100,85138
4,51,5200,85144
4,52,5300,85144
4,53,5400,85153
4,54,5500,85352
4,55,5600,85423
4,56,5700,85479
4,57,5800,85575
4,58,5900,85575
4,59,6000,85631
4,60,6100,85631
4,61,6200,85675
4,62,6300,85677
4,63,6400,85695
4,64,6500,85697
4,65,6600,85857
4,66,6700,85941
4,67,6800,85966
4,68,6900,85970
4,69,7000,85980
4,70,7100,85990
4,71,7200,85990
4,72,7300,86056
4,73,7400,86114
4,74,7500,86114
4,75,7600,86297
4,76,7700,86305
4,77,7800,86377
4,78,7900,86379
4,79,8000,86385
4,80,8100,86484
4,81,8200,86484
4,82,8300,86484
4,83,8400,86484
4,84,8500,86484
4,85,8600,86484
4,86,8700,86484
4,87,8800,86484
4,88,8900,86484
4,89,9000,86512
4,90,9100,86512
4,91,9200,86512
4,92,9300,86512
4,93,9400,86522
4,94,9500,86522
4,95,9600,86526
4,96,9700,86597
4,97,9800,86605
4,98,9900,86659
4,99,10000,86659
4,100,10100,86688
4,101,10200,86688
4,102,10300,86719
4,103,10400,86719
4,104,10500,86754
4,105,10600,86764
4,106,10700,86764
4,107,10800,86791
4,108,10900,86791
4,109,11000,86799
4,110,11100,86809
4,111,11200,86817
4,112,11300,86821
4,113,11400,86821
4,114,11500,86829
4,115,11600,86839
4,116,11700,86843
4,117,11800,86843
4,118,11900,86844
4,119,12000,86844
4,120,12100,86852
4,121,12200,86852
4,122,12300,86873
4,123,12400,86873
4,124,12500,86873
4,125,12600,86873
4,126,12700,86873
4,127,12800,86873
4,128,12900,86873
4,129,13000,86888
4,130,13100,86945
4,131,13200,86945
4,132,13300,86945
4,133,13400,86945
4,134,13500,86947
4,135,13600,86959
4,136,13700,86959
4,137,13800,86959
4,138,13900,86959
4,139,14000,86960
4,140,14100,86960
4,141,14200,86960
4,142,14300,86960
4,143,14400,86960
4,144,14500,86989
4,145,14600,86989
4,146,14700,86989
4,147,14800,86989
4,148,14900,86999
4,149,15000,86999
4,150,15100,87168
4,151,15200,87168
4,152,15300,87190
4,153,15400,87190
4,154,15500,87190
4,155,15600,87202
4,156,15700,87202
4,157,15800,87206
4,158,15900,87244
4,159,16000,87248
4,160,16100,87248
4,161,16200,87248
4,162,16300,87258
4,163,16400,87258
4,164,16500,87263
4,165,16600,87269
4,166,16700,87269
4,167,16800,87269
4,168,16900,87269
4,169,17000,87269
4,170,17100,87269
4,171,17200,87269
4,172,17300,87269
4,173,17400,87269
4,174,17500,87269
4,175,17600,87269
4,176,17700,87287
4,177,17800,87289
4,178,17900,87289
4,179,18000,87289
4,180,18100,87289
4,181,18200,87289
4,182,18300,87289
4,183,18400,87289
4,184,18500,87289
4,185,18600,87289
4,186,18700,87289
4,187,18800,87289
4,188,18900,87289
4,189,19000,87289
4,190,19100,87289
4,191,19200,87289
4,192,19300,87289
4,193,19400,87289
4,194,19500,87289
4,195,19600,87289
4,196,19700,87289
4,197,19800,87289
4,198,19900,87294
4,199,20000,87351
4,200,20100,87351
4,201,20200,87357
4,202,20300,87357
4,203,20400,87357
4,204,20500,87358
4,205,20600,87358
4,206,20700,87358
4,207,20800,87358
4,208,20900,87358
4,209,21000,87420
4,210,21100,87426
4,211,21200,87426
4,212,21300,87434
4,213,21400,87435
4,214,21500,87435
4,215,21600,87443
4,216,21700,87443
4,217,21800,87443
4,218,21900,87445
4,219,22000,87445
4,220,22100,87445
4,221,22200,87445
4,222,22300,87445
4,223,22400,87445
4,224,22500,87445
4,225,22600,87445
4,226,22700,87445
4,227,22800,87445
4,228,22900,87445
4,229,23000,87445
4,230,23100,87445
4,231,23200,87445
4,232,23300,87445
4,233,23400,87445
4,234,23500,87445
4,235,23600,87445
4,236,23700,87445
4,237,23800,87445
4,238,23900,87445
4,239,24000,87445
4,240,24100,87445
4,241,24200,87445
4,242,24300,87449
4,243,24400,87449
4,244,24500,87449
4,245,24600,87449
4,246,24700,87449
4,247,24800,87467
4,248,24900,87467
4,249,25000,87468
4,250,25100,87468
4,251,25200,87468
4,252,25300,87481
4,253,25400,87481
4,254,25500,87490
4,255,25600,87490
4,256,25700,87490
4,257,25800,87490
4,258,25900,87490
4,259,26000,87494
4,260,26100,87494
4,261,26200,87494
4,262,26300,87494
4,263,26400,87494
4,264,26500,87494
4,265,26600,87494
4,266,26700,87494
4,267,26800,87494
4,268,26900,87494
4,269,27000,87494
4,270,27100,87494
4,271,27200,87494
4,272,27300,87494
4,273,27400,87494
4,274,27500,87494
4,275,27600,87494
4,276,27700,87494
4,277,27800,87494
4,278,27900,87494
4,279,28000,87494
4,280,28100,87494
4,281,28200,87494
4,282,28300,87494
4,283,28400,87494
4,284,28500,87494
4,285,28600,87494
4,286,28700,87494
4,287,28800,87494
4,288,28900,87494
4,289,29000,87494
4,290,29100,87494
4,291,29200,87494
4,292,29300,87494
4,293,29400,87494
4,294,29500,87494
4,295,29600,87494
4,296,29700,87494
4,297,29800,87494
4,298,29900,87494
4,299,30000,87494
4,300,30100,87494
4,301,30200,87494
4,302,30300,87494
4,303,30400,87494
4,304,30500,87494
4,305,30600,87494
4,306,30700,87494
4,307,30800,87494
4,308,30900,87494
4,309,31000,87494
4,310,31100,87494
4,311,31200,87494
4,312,31300,87494
4,313,31400,87494
4,314,31500,87494
4,315,31600,87494
4,316,31700,87494
4,317,31800,87494
4,318,31900,87535
4,319,32000,87535
4,320,32100,87535
4,321,32200,87535
4,322,32300,87535
4,323,32400,87535
4,324,32500,87535
4,325,32600,87535
4,326,32700,87537
4,327,32800,87537
4,328,32900,87537
4,329,33000,87537
4,330,33100,87537
4,331,33200,87537
4,332,33300,87537
4,333,33400,87537
4,334,33500,87537
4,335,33600,87537
4,336,33700,87537
4,337,33800,87537
4,338,33900,87537
4,339,34000,87537
4,340,34100,87537
4,341,34200,87537
4,342,34300,87537
4,343,34400,87537
4,344,34500,87537
4,345,34600,87537
4,346,34700,87537
4,347,34800,87537
4,348,34900,87537
4,349,35000,87537
4,350,35100,87537
4,351,35200,87537
4,352,35300,87537
4,353,35400,87537
4,354,35500,87537
4,355,35600,87537
4,356,35700,87537
4,357,35800,87537
4,358,35900,87537
4,359,36000,87537
4,360,36100,87537
4,361,36200,87537
4,362,36300,87537
4,363,36400,87537
4,364,36500,87537
4,365,36600,87537
4,366,36700,87537
4,367,36800,87537
4,368,36900,87537
4,369,37000,87537
4,370,37100,87537
4,371,37200,87537
4,372,37300,87537
4,373,37400,87537
4,374,37500,87537
4,375,37600,87537
4,376,37700,87537
4,377,37800,87537
4,378,37900,87537
4,379,38000,87537
4,380,38100,87537
4,381,38200,87537
4,382,38300,87537
4,383,38400,87537
4,384,38500,87537
4,385,38600,87537
4,386,38700,87537
4,387,38800,87537
4,388,38900,87539
4,389,39000,87539
4,390,39100,87539
4,391,39200,87539
4,392,39300,87539
4,393,39400,87539
4,394,39500,87547
4,395,39600,87547
4,396,39700,87547
4,397,39800,87547
4,398,39900,87586
4,399,40000,87586
4,400,40100,87586
4,401,40200,87590
4,402,40300,87596
4,403,40400,87596
4,404,40500,87596
4,405,40600,87596
4,406,40700,87596
4,407,40800,87596
4,408,40900,87596
4,409,41000,87596
4,410,41100,87596
4,411,41200,87666
4,412,41300,87666
4,413,41400,87666
4,414,41500,87671
4,415,41600,87671
4,416,41700,87671
4,417,41800,87671
4,418,41900,87673
4,419,42000,87673
4,420,42100,87673
4,421,42200,87673
4,422,42300,87683
4,423,42400,87684
4,424,42500,87684
4,425,42600,87716
4,426,42700,87737
4,427,42800,87737
4,428,42900,87741
4,429,43000,87743
4,430,43100,87753
4,431,43200,87753
4,432,43300,87759
4,433,43400,87763
4,434,43500,87766
4,435,43600,87766
4,436,43700,87766
4,437,43800,87775
4,438,43900,87775
4,439,44000,87779
4,440,44100,87782
4,441,44200,87782
4,442,44300,87782
4,443,44400,87782
4,444,44500,87786
4,445,44600,87786
4,446,44700,87790
4,447,44800,87790
4,448,44900,87790
4,449,45000,87802
4,450,45100,87806
4,451,45200,87816
4,452,45300,87816
4,453,45400,87819
4,454,45500,87819
4,455,45600,87819
4,456,45700,87830
4,457,45800,87830
4,458,45900,87830
4,459,46000,87830
4,460,46100,87830
4,461,46200,87830
4,462,46300,87830
4,463,46400,87830
4,464,46500,87851
4,465,46600,87851
4,466,46700,87851
4,467,46800,87851
4,468,46900,87851
4,469,47000,87851
4,470,47100,87851
4,471,47200,87851
4,472,47300,87851
4,473,47400,87851
4,474,47500,87851
4,475,47600,87851
4,476,47700,87851
4,477,47800,87851
4,478,47900,87851
4,479,48000,87851
4,480,48100,87851
4,481,48200,87851
4,482,48300,87851
4,483,48400,87851
4,484,48500,87851
4,485,48600,87852
4,486,48700,87852
4,487,48800,87852
4,488,48900,87852
4,489,49000,87854
4,490,49100,87854
4,491,49200,87854
4,492,49300,87854
4,493,49400,87854
4,494,49500,87854
4,495,49600,87854
4,496,49700,87854
4,497,49800,87854
4,498,49900,87854
4,499,50000,87854
4,500,50100,87854
4,501,50200,87854
4,502,50300,87854
4,503,50400,87854
4,504,50500,87854
4,505,50600,87854
4,506,50700,87854
4,507,50800,87854
4,508,50900,87854
4,509,51000,87854
4,510,51100,87854
4,511,51200,87854
4,512,51300,87854
4,513,51400,87854
4,514,51500,87854
4,515,51600,87854
4,516,51700,87854
4,517,51800,87854
4,518,51900,87854
4,519,52000,87854
4,520,52100,87854
4,521,52200,87856
4,522,52300,87856
4,523,52400,87856
4,524,52500,87856
4,525,52600,87856
4,526,52700,87856
4,527,52800,87856
4,528,52900,87856
4,529,53000,87856
4,530,53100,87856
4,531,53200,87856
4,532,53300,87856
4,533,53400,87856
4,534,53500,87863
4,535,53600,87863
4,536,53700,87863
4,537,53800,87863
4,538,53900,87863
4,539,54000,87863
4,540,54100,87863
4,541,54200,87863
4,542,54300,87863
4,543,54400,87863
4,544,54500,87874
4,545,54600,87874
4,546,54700,87874
4,547,54800,87874
4,548,54900,87874
4,549,55000,87874
4,550,55100,87874
4,551,55200,87874
4,552,55300,87874
4,553,55400,87874
4,554,55500,87874
4,555,55600,87874
4,556,55700,87874
4,557,55800,87874
4,558,55900,87874
4,559,56000,87874
4,560,56100,87874
4,561,56200,87874
4,562,56300,87874
4,563,56400,87874
4,564,56500,87874
4,565,56600,87874
4,566,56700,87874
4,567,56800,87874
4,568,56900,87874
4,569,57000,87874
4,570,57100,87874
4,571,57200,87874
4,572,57300,87874
4,573,57400,87874
4,574,57500,87874
4,575,57600,87874
4,576,57700,87874
4,577,57800,87874
4,578,57900,87874
4,579,58000,87874
4,580,58100,87874
4,581,58200,87874
4,582,58300,87874
4,583,58400,87874
4,584,58500,87874
4,585,58600,87874
4,586,58700,87874
4,587,58800,87874
4,588,58900,87874
4,589,59000,87874
4,590,59100,87874
4,591,59200,87874
4,592,59300,87874
4,593,59400,87874
4,594,59500,87874
4,595,59600,87874
4,596,59700,87874
4,597,59800,87874
4,598,59900,87874
4,599,60000,87874
4,600,60100,87874
4,601,60200,87874
4,602,60300,87874
4,603,60400,87874
4,604,60500,87874
4,605,60600,87874
4,606,60700,87874
4,607,60800,87874
4,608,60900,87874
4,609,61000,87874
4,610,61100,87874
4,611,61200,87874
4,612,61300,87874
4,613,61400,87874
4,614,61500,87874
4,615,61600,87892
4,616,61700,87892
4,617,61800,87892
4,618,61900,87892
4,619,62000,87892
4,620,62100,87892
4,621,62200,87892
4,622,62300,87892
4,623,62400,87892
4,624,62500,87892
4,625,62600,87892
4,626,62700,87892
4,627,62800,87892
4,628,62900,87894
4,629,63000,87894
4,630,63100,87894
4,631,63200,87894
4,632,63300,87894
4,633,63400,87895
4,634,63500,87895
4,635,63600,87895
4,636,63700,87895
4,637,63800,87895
4,638,63900,87895
4,639,64000,87895
4,640,64100,87902
4,641,64200,87902
4,642,64300,87902
4,643,64400,87902
4,644,64500,87902
4,645,64600,87902
4,646,64700,87902
4,647,64800,87902
4,648,64900,87902
4,649,65000,87902
4,650,65100,87902
4,651,65200,87902
4,652,65300,87902
4,653,65400,87902
4,654,65500,87902
4,655,65600,87902
4,656,65700,87902
4,657,65800,87902
4,658,65900,87902
4,659,66000,87902
4,660,66100,87902
4,661,66200,87902
4,662,66300,87902
4,663,66400,87902
4,664,66500,87902
4,665,66600,87902
4,666,66700,87903
4,667,66800,87903
4,668,66900,87903
4,669,67000,87903
4,670,67100,87903
4,671,67200,87903
4,672,67300,87903
4,673,67400,87903
4,674,67500,87903
4,675,67600,87903
4,676,67700,87903
4,677,67800,87903
4,678,67900,87903
4,679,68000,87903
4,680,68100,87903
4,681,68200,87903
4,682,68300,87903
4,683,68400,87903
4,684,68500,87903
4,685,68600,87903
4,686,68700,87903
4,687,68800,87903
4,688,68900,87903
4,689,69000,87903
4,690,69100,87903
4,691,69200,87903
4,692,69300,87903
4,693,69400,87903
4,694,69500,87903
4,695,69600,87903
4,696,69700,87903
4,697,69800,87903
4,698,69900,87903
4,699,70000,87903
4,700,70100,87903
4,701,70200,87903
4,702,70300,87903
4,703,70400,87903
4,704,70500,87903
4,705,70600,87903
4,706,70700,87903
4,707,70800,87903
4,708,70900,87903
4,709,71000,87903
4,710,71100,87903
4,711,71200,87903
4,712,71300,87903
4,713,71400,87903
4,714,71500,87903
4,715,71600,87903
4,716,71700,87903
4,717,71800,87903
4,718,71900,87903
4,719,72000,87903
4,720,72100,87903
4,721,72200,87903
4,722,72300,87903
4,723,72400,87903
4,724,72500,87903
4,725,72600,87903
4,726,72700,87903
4,727,72800,87903
4,728,72900,87903
4,729,73000,87903
4,730,73100,87906
4,731,73200,87906
4,732,73300,87906
4,733,73400,87906
4,734,73500,87906
4,735,73600,87906
4,736,73700,87906
4,737,73800,87906
4,738,73900,87906
4,739,74000,87906
4,740,74100,87906
4,741,74200,87906
4,742,74300,87906
4,743,74400,87906
4,744,74500,87906
4,745,74600,87906
4,746,74700,87906
4,747,74800,87906
4,748,74900,87906
4,749,75000,87906
4,750,75100,87906
4,751,75200,87906
4,752,75300,87906
4,753,75400,87906
4,754,75500,87906
4,755,75600,87906
4,756,75700,87906
4,757,75800,87906
4,758,75900,87906
4,759,76000,87906
4,760,76100,87906
4,761,76200,87906
4,762,76300,87906
4,763,76400,87906
4,764,76500,87906
4,765,76600,87906
4,766,76700,87906
4,767,76800,87906
4,768,76900,87906
4,769,77000,87906
4,770,77100,87906
4,771,77200,87906
4,772,77300,87906
4,773,77400,87906
4,774,77500,87915
4,775,77600,87915
4,776,77700,87915
4,777,77800,87915
4,778,77900,87915
4,779,78000,87915
4,780,78100,87915
4,781,78200,87915
4,782,78300,87915
4,783,78400,87915
4,784,78500,87915
4,785,78600,87915
4,786,78700,87915
4,787,78800,87915
4,788,78900,87915
4,789,79000,87915
4,790,79100,87915
4,791,79200,87915
4,792,79300,87915
4,793,79400,87915
4,794,79500,87915
4,795,79600,87915
4,796,79700,87915
4,797,79800,87915
4,798,79900,87915
4,799,80000,87915
4,800,80100,87915
4,801,80200,87915
4,802,80300,87915
4,803,80400,87915
4,804,80500,87915
4,805,80600,87915
4,806,80700,87915
4,807,80800,87915
4,808,80900,87915
4,809,81000,87915
4,810,81100,87915
4,811,81200,87915
4,812,81300,87915
4,813,81400,87915
4,814,81500,87915
4,815,81600,87915
4,816,81700,87915
4,817,81800,87915
4,818,81900,87915
4,819,82000,87915
4,820,82100,87915
4,821,82200,87915
4,822,82300,87915
4,823,82400,87915
4,824,82500,87915
4,825,82600,87915
4,826,82700,87915
4,827,82800,87915
4,828,82900,87915
4,829,83000,87915
4,830,83100,87915
4,831,83200,87915
4,832,83300,87915
4,833,83400,87915
4,834,83500,87915
4,835,83600,87915
4,836,83700,87915
4,837,83800,87915
4,838,83900,87915
4,839,84000,87915
4,840,84100,87916
4,841,84200,87916
4,842,84300,87916
4,843,84400,87921
4,844,84500,87921
4,845,84600,87921
4,846,84700,87921
4,847,84800,87921
4,848,84900,87921
4,849,85000,87921
4,850,85100,87921
4,851,85200,87925
4,852,85300,87925
4,853,85400,87925
4,854,85500,87925
4,855,85600,87925
4,856,85700,87925
4,857,85800,87925
4,858,85900,87925
4,859,86000,87925
4,860,86100,87925
4,861,86200,87925
4,862,86300,87925
4,863,86400,87925
4,864,86500,87925
4,865,86600,87925
4,866,86700,87925
4,867,86800,87925
4,868,86900,87925
4,869,87000,87925
4,870,87100,87925
4,871,87200,87925
4,872,87300,87925
4,873,87400,87925
4,874,87500,87925
4,875,87600,87925
4,876,87700,87925
4,877,87800,87925
4,878,87900,87925
4,879,88000,87925
4,880,88100,87925
4,881,88200,87925
4,882,88300,87925
4,883,88400,87925
4,884,88500,87925
4,885,88600,87925
4,886,88700,87925
4,887,88800,87925
4,888,88900,87925
4,889,89000,87925
4,890,89100,87925
4,891,89200,87925
4,892,89300,87925
4,893,89400,87925
4,894,89500,87925
4,895,89600,87925
4,896,89700,87925
4,897,89800,87925
4,898,89900,87925
4,899,90000,87925
4,900,90100,87925
4,901,90200,87925
4,902,90300,87925
4,903,90400,87925
4,904,90500,87925
4,905,90600,87925
4,906,90700,87925
4,907,90800,87925
4,908,90900,87925
4,909,91000,87925
4,910,91100,87925
4,911,91200,87925
4,912,91300,87925
4,913,91400,87925
4,914,91500,87925
4,915,91600,87925
4,916,91700,87925
4,917,91800,87925
4,918,91900,87925
4,919,92000,87925
4,920,92100,87925
4,921,92200,87925
4,922,92300,87925
4,923,92400,87925
4,924,92500,87925
4,925,92600,87925
4,926,92700,87925
4,927,92800,87925
4,928,92900,87925
4,929,93000,87925
4,930,93100,87925
4,931,93200,87925
4,932,93300,87925
4,933,93400,87925
4,934,93500,87925
4,935,93600,87925
4,936,93700,87925
4,937,93800,87925
4,938,93900,87925
4,939,94000,87925
4,940,94100,87925
4,941,94200,87925
4,942,94300,87925
4,943,94400,87925
4,944,94500,87925
4,945,94600,87925
4,946,94700,87925
4,947,94800,87925
4,948,94900,87925
4,949,95000,87925
4,950,95100,87925
4,951,95200,87925
4,952,95300,87925
4,953,95400,87925
4,954,95500,87925
4,955,95600,87925
4,956,95700,87925
4,957,95800,87925
4,958,95900,87925
4,959,96000,87925
4,960,96100,87925
4,961,96200,87927
4,962,96300,87927
4,963,96400,87927
4,964,96500,87927
4,965,96600,87928
4,966,96700,87928
4,967,96800,87928
4,968,96900,87928
4,969,97000,87928
4,970,97100,87928
4,971,97200,87928
4,972,97300,87928
4,973,97400,87928
4,974,97500,87928
4,975,97600,87928
4,976,97700,87928
4,977,97800,87928
4,978,97900,87928
4,979,98000,87928
4,980,98100,87928
4,981,98200,87928
4,982,98300,87928
4,983,98400,87928
4,984,98500,87928
4,985,98600,87928
4,986,98700,87928
4,987,98800,87928
4,988,98900,87928
4,989,99000,87928
4,990,99100,87928
4,991,99200,87928
4,992,99300,87928
4,993,99400,87928
4,994,99500,87928
4,995,99600,87952
4,996,99700,87952
4,997,99800,87952
4,998,99900,87952
4,999,100000,87952
5,0,100,72772
5,1,200,75217
5,2,300,75663
5,3,400,77212
5,4,500,78408
5,5,600,79321
5,6,700,79321
5,7,800,79949
5,8,900,80787
5,9,1000,81025
5,10,1100,81244
5,11,1200,81473
5,12,1300,81658
5,13,1400,82325
5,14,1500,82451
5,15,1600,82798
5,16,1700,82921
5,17,1800,83019
5,18,1900,83028
5,19,2000,83076
5,20,2100,83076
5,21,2200,83115
5,22,2300,83318
5,23,2400,83418
5,24,2500,83418
5,25,2600,83446
5,26,2700,83464
5,27,2800,83469
5,28,2900,83469
5,29,3000,83470
5,30,3100,83481
5,31,3200,83790
5,32,3300,83802
5,33,3400,83833
5,34,3500,83833
5,35,3600,83856
5,36,3700,83876
5,37,3800,83902
5,38,3900,83947
5,39,4000,84112
5,40,4100,84208
5,41,4200,84208
5,42,4300,84230
5,43,4400,84254
5,44,4500,84267
5,45,4600,84283
5,46,4700,84720
5,47,4800,84720
5,48,4900,84724
5,49,5000,84726
5,50,5100,84734
5,51,5200,84878
5,52,5300,84878
5,53,5400,85008
5,54,5500,85008
5,55,5600,85124
5,56,5700,85188
5,57,5800,85196
5,58,5900,85253
5,59,6000,85255
5,60,6100,85320
5,61,6200,85320
5,62,6300,85376
5,63,6400,85419
5,64,6500,85566
5,65,6600,85873
5,66,6700,85875
5,67,6800,85906
5,68,6900,85929
5,69,7000,85969
5,70,7100,85982
5,71,7200,85982
5,72,7300,85989
5,73,7400,85989
5,74,7500,86009
5,75,7600,86028
5,76,7700,86040
5,77,7800,86040
5,78,7900,86138
5,79,8000,86157
5,80,8100,86294
5,81,8200,86295
5,82,8300,86295
5,83,8400,86305
5,84,8500,86305
5,85,8600,86351
5,86,8700,86363
5,87,8800,86439
5,88,8900,86439
5,89,9000,86439
5,90,9100,86493
5,91,9200,86493
5,92,9300,86498
5,93,9400,86498
5,94,9500,86498
5,95,9600,86505
5,96,9700,86505
5,97,9800,86527
5,98,9900,86527
5,99,10000,86527
5,100,10100,86527
5,101,10200,86534
5,102,10300,86540
5,103,10400,86559
5,104,10500,86563
5,105,10600,86564
5,106,10700,86564
5,107,10800,86635
5,108,10900,86635
5,109,11000,86635
5,110,11100,86635
5,111,11200,86650
5,112,11300,86653
5,113,11400,86653
5,114,11500,86667
5,115,11600,86671
5,116,11700,86685
5,117,11800,86745
5,118,11900,86755
5,119,12000,86804
5,120,12100,86804
5,121,12200,86821
5,122,12300,86848
5,123,12400,86885
5,124,12500,86958
5,125,12600,86958
5,126,12700,86958
5,127,12800,86974
5,128,12900,86977
5,129,13000,86977
5,130,13100,87083
5,131,13200,87105
5,132,13300,87105
5,133,13400,87110
5,134,13500,87263
5,135,13600,87263
5,136,13700,87263
5,137,13800,87263
5,138,13900,87263
5,139,14000,87263
5,140,14100,87263
5,141,14200,87263
5,142,14300,87263
5,143,14400,87263
5,144,14500,87263
5,145,14600,87263
5,146,14700,87263
5,147,14800,87263
5,148,14900,87263
5,149,15000,87263
5,150,15100,87263
5,151,15200,87263
5,152,15300,87263
5,153,15400,87263
5,154,15500,87263
5,155,15600,87263
5,156,15700,87263
5,157,15800,87263
5,158,15900,87263
5,159,16000,87263
5,160,16100,87263
5,161,16200,87272
5,162,16300,87272
5,163,16400,87272
5,164,16500,87287
5,165,16600,87292
5,166,16700,87292
5,167,16800,87292
5,168,16900,87296
5,169,17000,87296
5,170,17100,87300
5,171,17200,87300
5,172,17300,87303
5,173,17400,87314
5,174,17500,87314
5,175,17600,87319
5,176,17700,87319
5,177,17800,87324
5,178,17900,87324
5,179,18000,87324
5,180,18100,87324
5,181,18200,87324
5,182,18300,87324
5,183,18400,87324
5,184,18500,87324
5,185,18600,87324
5,186,18700,87324
5,187,18800,87324
5,188,18900,87324
5,189,19000,87324
5,190,19100,87337
5,191,19200,87337
5,192,19300,87338
5,193,19400,87342
5,194,19500,87455
5,195,19600,87455
5,196,19700,87455
5,197,19800,87463
5,198,19900,87468
5,199,20000,87474
5,200,20100,87478
5,201,20200,87484
5,202,20300,87484
5,203,20400,87494
5,204,20500,87494
5,205,20600,87494
5,206,20700,87494
5,207,20800,87494
5,208,20900,87494
5,209,21000,87494
5,210,21100,87494
5,211,21200,87494
5,212,21300,87494
5,213,21400,87494
5,214,21500,87498
5,215,21600,87498
5,216,21700,87498
5,217,21800,87498
5,218,21900,87498
5,219,22000,87498
5,220,22100,87498
5,221,22200,87498
5,222,22300,87498
5,223,22400,87498
5,224,22500,87498
5,225,22600,87498
5,226,22700,87498
5,227,22800,87498
5,228,22900,87498
5,229,23000,87498
5,230,23100,87500
5,231,23200,87517
5,232,23300,87517
5,233,23400,87526
5,234,23500,87526
5,235,23600,87528
5,236,23700,87528
5,237,23800,87528
5,238,23900,87535
5,239,24000,87535
5,240,24100,87535
5,241,24200,87535
5,242,24300,87535
5,243,24400,87537
5,244,24500,87537
5,245,24600,87537
5,246,24700,87537
5,247,24800,87537
5,248,24900,87537
5,249,25000,87537
5,250,25100,87537
5,251,25200,87537
5,252,25300,87627
5,253,25400,87627
5,254,25500,87627
5,255,25600,87631
5,256,25700,87631
5,257,25800,87631
5,258,25900,87643
5,259,26000,87643
5,260,26100,87643
5,261,26200,87653
5,262,26300,87653
5,263,26400,87658
5,264,26500,87658
5,265,26600,87659
5,266,26700,87659
5,267,26800,87659
5,268,26900,87659
5,269,27000,87659
5,270,27100,87660
5,271,27200,87667
5,272,27300,87668
5,273,27400,87669
5,274,27500,87669
5,275,27600,87669
5,276,27700,87676
5,277,27800,87676
5,278,27900,87677
5,279,28000,87677
5,280,28100,87677
5,281,28200,87677
5,282,28300,87677
5,283,28400,87677
5,284,28500,87706
5,285,28600,87706
5,286,28700,87706
5,287,28800,87711
5,288,28900,87711
5,289,29000,87740
5,290,29100,87740
5,291,29200,87740
5,292,29300,87740
5,293,29400,87748
5,294,29500,87748
5,295,29600,87748
5,296,29700,87748
5,297,29800,87748
5,298,29900,87748
5,299,30000,87748
5,300,30100,87748
5,301,30200,87748
5,302,30300,87757
5,303,30400,87757
5,304,30500,87757
5,305,30600,87757
5,306,30700,87757
5,307,30800,87757
5,308,30900,87757
5,309,31000,87757
5,310,31100,87757
5,311,31200,87757
5,312,31300,87757
5,313,31400,87757
5,314,31500,87757
5,315,31600,87757
5,316,31700,87757
5,317,31800,87757
5,318,31900,87757
5,319,32000,87757
5,320,32100,87757
5,321,32200,87759
5,322,32300,87759
5,323,32400,87759
5,324,32500,87759
5,325,32600,87759
5,326,32700,87759
5,327,32800,87759
5,328,32900,87759
5,329,33000,87759
5,330,33100,87759
5,331,33200,87759
5,332,33300,87759
5,333,33400,87759
5,334,33500,87759
5,335,33600,87759
5,336,33700,87759
5,337,33800,87759
5,338,33900,87759
5,339,34000,87759
5,340,34100,87759
5,341,34200,87759
5,342,34300,87759
5,343,34400,87759
5,344,34500,87759
5,345,34600,87759
5,346,34700,87759
5,347,34800,87759
5,348,34900,87759
5,349,35000,87759
5,350,35100,87759
5,351,35200,87759
5,352,35300,87759
5,353,35400,87759
5,354,35500,87759
5,355,35600,87759
5,356,35700,87759
5,357,35800,87759
5,358,35900,87759
5,359,36000,87759
5,360,36100,87759
5,361,36200,87759
5,362,36300,87759
5,363,36400,87759
5,364,36500,87759
5,365,36600,87759
5,366,36700,87759
5,367,36800,87759
5,368,36900,87759
5,369,37000,87759
5,370,37100,87759
5,371,37200,87759
5,372,37300,87759
5,373,37400,87759
5,374,37500,87759
5,375,37600,87759
5,376,37700,87759
5,377,37800,87759
5,378,37900,87759
5,379,38000,87759
5,380,38100,87759
5,381,38200,87759
5,382,38300,87759
5,383,38400,87759
5,384,38500,87759
5,385,38600,87759
5,386,38700,87759
5,387,38800,87759
5,388,38900,87759
5,389,39000,87759
5,390,39100,87759
5,391,39200,87759
5,392,39300,87759
5,393,39400,87759
5,394,39500,87759
5,395,39600,87759
5,396,39700,87759
5,397,39800,87759
5,398,39900,87759
5,399,40000,87759
5,400,40100,87759
5,401,40200,87759
5,402,40300,87759
5,403,40400,87759
5,404,40500,87759
5,405,40600,87759
5,406,40700,87759
5,407,40800,87759
5,408,40900,87759
5,409,41000,87759
5,410,41100,87759
5,411,41200,87759
5,412,41300,87759
5,413,41400,87759
5,414,41500,87759
5,415,41600,87759
5,416,41700,87759
5,417,41800,87778
5,418,41900,87778
5,419,42000,87778
5,420,42100,87778
5,421,42200,87778
5,422,42300,87778
5,423,42400,87778
5,424,42500,87778
5,425,42600,87778
5,426,42700,87778
5,427,42800,87778
5,428,42900,87785
5,429,43000,87785
5,430,43100,87785
5,431,43200,87785
5,432,43300,87785
5,433,43400,87785
5,434,43500,87802
5,435,43600,87802
5,436,43700,87802
5,437,43800,87802
5,438,43900,87802
5,439,44000,87804
5,440,44100,87804
5,441,44200,87804
5,442,44300,87831
5,443,44400,87831
5,444,44500,87831
5,445,44600,87831
5,446,44700,87832
5,447,44800,87832
5,448,44900,87832
5,449,45000,87832
5,450,45100,87832
5,451,45200,87832
5,452,45300,87832
5,453,45400,87832
5,454,45500,87832
5,455,45600,87832
5,456,45700,87832
5,457,45800,87832
5,458,45900,87832
5,459,46000,87832
5,460,46100,87862
5,461,46200,87862
5,462,46300,87862
5,463,46400,87862
5,464,46500,87862
5,465,46600,87862
5,466,46700,87862
5,467,46800,87862
5,468,46900,87862
5,469,47000,87862
5,470,47100,87862
5,471,47200,87862
5,472,47300,87862
5,473,47400,87862
5,474,47500,87862
5,475,47600,87862
5,476,47700,87862
5,477,47800,87862
5,478,47900,87863
5,479,48000,87863
5,480,48100,87863
5,481,48200,87867
5,482,48300,87867
5,483,48400,87867
5,484,48500,87867
5,485,48600,87867
5,486,48700,87867
5,487,48800,87867
5,488,48900,87867
5,489,49000,87867
5,490,49100,87868
5,491,49200,87868
5,492,49300,87868
5,493,49400,87868
5,494,49500,87880
5,495,49600,87880
5,496,49700,87880
5,497,49800,87880
5,498,49900,87880
5,499,50000,87880
5,500,50100,87880
5,501,50200,87880
5,502,50300,87880
5,503,50400,87880
5,504,50500,87880
5,505,50600,87880
5,506,50700,87880
5,507,50800,87880
5,508,50900,87880
5,509,51000,87880
5,510,51100,87880
5,511,51200,87880
5,512,51300,87880
5,513,51400,87880
5,514,51500,87880
5,515,51600,87880
5,516,51700,87880
5,517,51800,87880
5,518,51900,87880
5,519,52000,87880
5,520,52100,87880
5,521,52200,87880
5,522,52300,87880
5,523,52400,87880
5,524,52500,87880
5,525,52600,87880
5,526,52700,87880
5,527,52800,87880
5,528,52900,87880
5,529,53000,87880
5,530,53100,87880
5,531,53200,87880
5,532,53300,87880
5,533,53400,87880
5,534,53500,87880
5,535,53600,87880
5,536,53700,87880
5,537,53800,87880
5,538,53900,87880
5,539,54000,87880
5,540,54100,87880
5,541,54200,87880
5,542,54300,87880
5,543,54400,87880
5,544,54500,87880
5,545,54600,87880
5,546,54700,87880
5,547,54800,87880
5,548,54900,87880
5,549,55000,87880
5,550,55100,87880
5,551,55200,87880
5,552,55300,87880
5,553,55400,87880
5,554,55500,87880
5,555,55600,87880
5,556,55700,87880
5,557,55800,87880
5,558,55900,87880
5,559,56000,87880
5,560,56100,87880
5,561,56200,87880
5,562,56300,87880
5,563,56400,87880
5,564,56500,87880
5,565,56600,87880
5,566,56700,87880
5,567,56800,87880
5,568,56900,87880
5,569,57000,87880
5,570,57100,87880
5,571,57200,87880
5,572,57300,87880
5,573,57400,87892
5,574,57500,87892
5,575,57600,87892
5,576,57700,87892
5,577,57800,87892
5,578,57900,87892
5,579,58000,87892
5,580,58100,87892
5,581,58200,87892
5,582,58300,87892
5,583,58400,87892
5,584,58500,87892
5,585,58600,87892
5,586,58700,87892
5,587,58800,87892
5,588,58900,87892
5,589,59000,87892
5,590,59100,87892
5,591,59200,87892
5,592,59300,87892
5,593,59400,87892
5,594,59500,87892
5,595,59600,87892
5,596,59700,87892
5,597,59800,87892
5,598,59900,87892
5,599,60000,87892
5,600,60100,87892
5,601,60200,87892
5,602,60300,87892
5,603,60400,87892
5,604,60500,87892
5,605,60600,87892
5,606,60700,87892
5,607,60800,87892
5,608,60900,87892
5,609,61000,87892
5,610,61100,87892
5,611,61200,87892
5,612,61300,87892
5,613,61400,87892
5,614,61500,87892
5,615,61600,87892
5,616,61700,87892
5,617,61800,87892
5,618,61900,87902
5,619,62000,87902
5,620,62100,87908
5,621,62200,87908
5,622,62300,87912
5,623,62400,87924
5,624,62500,87924
5,625,62600,87924
5,626,62700,87924
5,627,62800,87924
5,628,62900,87927
5,629,63000,87927
5,630,63100,87927
5,631,63200,87927
5,632,63300,87927
5,633,63400,87927
5,634,63500,87927
5,635,63600,87927
5,636,63700,87927
5,637,63800,87927
5,638,63900,87927
5,639,64000,87927
5,640,64100,87936
5,641,64200,87936
5,642,64300,87939
5,643,64400,87939
5,644,64500,87948
5,645,64600,87948
5,646,64700,87959
5,647,64800,87959
5,648,64900,87959
5,649,65000,87965
5,650,65100,87965
5,651,65200,87972
5,652,65300,87972
5,653,65400,87975
5,654,65500,87975
5,655,65600,87975
5,656,65700,87975
5,657,65800,87975
5,658,65900,87975
5,659,66000,87978
5,660,66100,87978
5,661,66200,87978
5,662,66300,87978
5,663,66400,87978
5,664,66500,87978
5,665,66600,87978
5,666,66700,87982
5,667,66800,87982
5,668,66900,87982
5,669,67000,87993
5,670,67100,87993
5,671,67200,87993
5,672,67300,87993
5,673,67400,88005
5,674,67500,88005
5,675,67600,88005
5,676,67700,88012
5,677,67800,88013
5,678,67900,88016
5,679,68000,88016
5,680,68100,88016
5,681,68200,88016
5,682,68300,88017
5,683,68400,88017
5,684,68500,88017
5,685,68600,88019
5,686,68700,88019
5,687,68800,88019
5,688,68900,88027
5,689,69000,88028
5,690,69100,88028
5,691,69200,88031
5,692,69300,88039
5,693,69400,88039
5,694,69500,88039
5,695,69600,88039
5,696,69700,88039
5,697,69800,88039
5,698,69900,88040
5,699,70000,88040
5,700,70100,88040
5,701,70200,88040
5,702,70300,88040
5,703,70400,88040
5,704,70500,88040
5,705,70600,88040
5,706,70700,88040
5,707,70800,88040
5,708,70900,88040
5,709,71000,88040
5,710,71100,88040
5,711,71200,88040
5,712,71300,88040
5,713,71400,88040
5,714,71500,88040
5,715,71600,88040
5,716,71700,88040
5,717,71800,88040
5,718,71900,88049
5,719,72000,88049
5,720,72100,88060
5,721,72200,88071
5,722,72300,88071
5,723,72400,88071
5,724,72500,88071
5,725,72600,88075
5,726,72700,88075
5,727,72800,88075
5,728,72900,88075
5,729,73000,88075
5,730,73100,88079
5,731,73200,88079
5,732,73300,88079
5,733,73400,88079
5,734,73500,88080
5,735,73600,88080
5,736,73700,88083
5,737,73800,88084
5,738,73900,88084
5,739,74000,88084
5,740,74100,88084
5,741,74200,88084
5,742,74300,88084
5,743,74400,88084
5,744,74500,88084
5,745,74600,88084
5,746,74700,88084
5,747,74800,88084
5,748,74900,88084
5,749,75000,88084
5,750,75100,88084
5,751,75200,88084
5,752,75300,88084
5,753,75400,88084
5,754,75500,88084
5,755,75600,88084
5,756,75700,88098
5,757,75800,88098
5,758,75900,88098
5,759,76000,88098
5,760,76100,88098
5,761,76200,88098
5,762,76300,88098
5,763,76400,88098
5,764,76500,88099
5,765,76600,88099
5,766,76700,88099
5,767,76800,88099
5,768,76900,88099
5,769,77000,88099
5,770,77100,88099
5,771,77200,88099
5,772,77300,88099
5,773,77400,88099
5,774,77500,88099
5,775,77600,88099
5,776,77700,88099
5,777,77800,88099
5,778,77900,88099
5,779,78000,88099
5,780,78100,88099
5,781,78200,88099
5,782,78300,88100
5,783,78400,88100
5,784,78500,88102
5,785,78600,88102
5,786,78700,88102
5,787,78800,88102
5,788,78900,88102
5,789,79000,88102
5,790,79100,88102
5,791,79200,88102
5,792,79300,88102
5,793,79400,88102
5,794,79500,88102
5,795,79600,88102
5,796,79700,88102
5,797,79800,88102
5,798,79900,88102
5,799,80000,88102
5,800,80100,88102
5,801,80200,88102
5,802,80300,88102
5,803,80400,88102
5,804,80500,88102
5,805,80600,88102
5,806,80700,88102
5,807,80800,88102
5,808,80900,88102
5,809,81000,88102
5,810,81100,88102
5,811,81200,88102
5,812,81300,88102
5,813,81400,88102
5,814,81500,88102
5,815,81600,88102
5,816,81700,88102
5,817,81800,88102
5,818,81900,88102
5,819,82000,88102
5,820,82100,88102
5,821,82200,88102
5,822,82300,88102
5,823,82400,88102
5,824,82500,88102
5,825,82600,88102
5,826,82700,88102
5,827,82800,88102
5,828,82900,88102
5,829,83000,88102
5,830,83100,88102
5,831,83200,88102
5,832,83300,88102
5,833,83400,88102
5,834,83500,88102
5,835,83600,88102
5,836,83700,88102
5,837,83800,88102
5,838,83900,88102
5,839,84000,88102
5,840,84100,88102
5,841,84200,88102
5,842,84300,88102
5,843,84400,88102
5,844,84500,88102
5,845,84600,88102
5,846,84700,88102
5,847,84800,88102
5,848,84900,88102
5,849,85000,88102
5,850,85100,88102
5,851,85200,88102
5,852,85300,88102
5,853,85400,88102
5,854,85500,88102
5,855,85600,88102
5,856,85700,88102
5,857,85800,88102
5,858,85900,88102
5,859,86000,88102
5,860,86100,88102
5,861,86200,88102
5,862,86300,88102
5,863,86400,88102
5,864,86500,88116
5,865,86600,88116
5,866,86700,88116
5,867,86800,88116
5,868,86900,88116
5,869,87000,88116
5,870,87100,88116
5,871,87200,88116
5,872,87300,88116
5,873,87400,88116
5,874,87500,88116
5,875,87600,88116
5,876,87700,88116
5,877,87800,88116
5,878,87900,88116
5,879,88000,88116
5,880,88100,88116
5,881,88200,88116
5,882,88300,88116
5,883,88400,88116
5,884,88500,88116
5,885,88600,88116
5,886,88700,88116
5,887,88800,88116
5,888,88900,88116
5,889,89000,88116
5,890,89100,88116
5,891,89200,88116
5,892,89300,88116
5,893,89400,88116
5,894,89500,88116
5,895,89600,88116
5,896,89700,88116
5,897,89800,88124
5,898,89900,88124
5,899,90000,88124
5,900,90100,88124
5,901,90200,88124
5,902,90300,88124
5,903,90400,88124
5,904,90500,88124
5,905,90600,88124
5,906,90700,88124
5,907,90800,88124
5,908,90900,88124
5,909,91000,88124
5,910,91100,88124
5,911,91200,88124
5,912,91300,88124
5,913,91400,88124
5,914,91500,88124
5,915,91600,88124
5,916,91700,88124
5,917,91800,88124
5,918,91900,88124
5,919,92000,88124
5,920,92100,88124
5,921,92200,88124
5,922,92300,88124
5,923,92400,88124
5,924,92500,88124
5,925,92600,88124
5,926,92700,88124
5,927,92800,88124
5,928,92900,88124
5,929,93000,88124
5,930,93100,88124
5,931,93200,88124
5,932,93300,88124
5,933,93400,88124
5,934,93500,88124
5,935,93600,88124
5,936,93700,88124
5,937,93800,88124
5,938,93900,88124
5,939,94000,88124
5,940,94100,88124
5,941,94200,88124
5,942,94300,88124
5,943,94400,88124
5,944,94500,88124
5,945,94600,88124
5,946,94700,88124
5,947,94800,88124
5,948,94900,88124
5,949,95000,88124
5,950,95100,88124
5,951,95200,88124
5,952,95300,88124
5,953,95400,88124
5,954,95500,88124
5,955,95600,88124
5,956,95700,88124
5,957,95800,88124
5,958,95900,88124
5,959,96000,88134
5,960,96100,88134
5,961,96200,88134
5,962,96300,88136
5,963,96400,88136
5,964,96500,88136
5,965,96600,88136
5,966,96700,88136
5,967,96800,88136
5,968,96900,88136
5,969,97000,88136
5,970,97100,88136
5,971,97200,88136
5,972,97300,88136
5,973,97400,88136
5,974,97500,88136
5,975,97600,88136
5,976,97700,88136
5,977,97800,88136
5,978,97900,88136
5,979,98000,88136
5,980,98100,88137
5,981,98200,88137
5,982,98300,88137
5,983,98400,88137
5,984,98500,88137
5,985,98600,88137
5,986,98700,88137
5,987,98800,88137
5,988,98900,88140
5,989,99000,88140
5,990,99100,88140
5,991,99200,88140
5,992,99300,88140
5,993,99400,88140
5,994,99500,88140
5,995,99600,88140
5,996,99700,88140
5,997,99800,88140
5,998,99900,88140
5,999,100000,88140
6,0,100,71815
6,1,200,74327
6,2,300,75772
6,3,400,76942
6,4,500,77875
6,5,600,79005
6,6,700,79521
6,7,800,79777
6,8,900,80458
6,9,1000,80466
6,10,1100,81014
6,11,1200,81014
6,12,1300,81428
6,13,1400,81428
6,14,1500,81500
6,15,1600,81609
6,16,1700,82173
6,17,1800,82173
6,18,1900,82257
6,19,2000,82487
6,20,2100,82487
6,21,2200,83690
6,22,2300,83844
6,23,2400,84010
6,24,2500,84158
6,25,2600,84158
6,26,2700,84318
6,27,2800,84318
6,28,2900,84639
6,29,3000,84656
6,30,3100,84656
6,31,3200,84871
6,32,3300,84910
6,33,3400,85029
6,34,3500,85033
6,35,3600,85051
6,36,3700,85051
6,37,3800,85059
6,38,3900,85223
6,39,4000,85223
6,40,4100,85249
6,41,4200,85261
6,42,4300,85261
6,43,4400,85276
6,44,4500,85560
6,45,4600,85576
6,46,4700,85579
6,47,4800,85673
6,48,4900,85865
6,49,5000,85872
6,50,5100,85875
6,51,5200,85880
6,52,5300,85942
6,53,5400,85947
6,54,5500,85956
6,55,5600,86143
6,56,5700,86168
6,57,5800,86168
6,58,5900,86185
6,59,6000,86213
6,60,6100,86219
6,61,6200,86224
6,62,6300,86279
6,63,6400,86303
6,64,6500,86328
6,65,6600,86340
6,66,6700,86441
6,67,6800,86441
6,68,6900,86453
6,69,7000,86453
6,70,7100,86453
6,71,7200,86526
6,72,7300,86526
6,73,7400,86544
6,74,7500,86544
6,75,7600,86550
6,76,7700,86550
6,77,7800,86550
6,78,7900,86580
6,79,8000,86583
6,80,8100,86596
6,81,8200,86601
6,82,8300,86615
6,83,8400,86655
6,84,8500,86662
6,85,8600,86663
6,86,8700,86663
6,87,8800,86679
6,88,8900,86679
6,89,9000,86679
6,90,9100,86688
6,91,9200,86892
6,92,9300,86906
6,93,9400,86906
6,94,9500,86907
6,95,9600,86974
6,96,9700,86974
6,97,9800,86984
6,98,9900,86984
6,99,10000,86984
6,100,10100,86984
6,101,10200,86984
6,102,10300,86985
6,103,10400,86985
6,104,10500,86985
6,105,10600,86985
6,106,10700,86999
6,107,10800,86999
6,108,10900,86999
6,109,11000,86999
6,110,11100,86999
6,111,11200,87004
6,112,11300,87004
6,113,11400,87004
6,114,11500,87011
6,115,11600,87011
6,116,11700,87011
6,117,11800,87053
6,118,11900,87058
6,119,12000,87091
6,120,12100,87102
6,121,12200,87109
6,122,12300,87119
6,123,12400,87129
6,124,12500,87133
6,125,12600,87133
6,126,12700,87140
6,127,12800,87186
6,128,12900,87186
6,129,13000,87186
6,130,13100,87200
6,131,13200,87202
6,132,13300,87202
6,133,13400,87202
6,134,13500,87202
6,135,13600,87205
6,136,13700,87205
6,137,13800,87211
6,138,13900,87211
6,139,14000,87211
6,140,14100,87216
6,141,14200,87216
6,142,14300,87337
6,143,14400,87337
6,144,14500,87337
6,145,14600,87337
6,146,14700,87382
6,147,14800,87382
6,148,14900,87389
6,149,15000,87390
6,150,15100,87390
6,151,15200,87390
6,152,15300,87390
6,153,15400,87390
6,154,15500,87390
6,155,15600,87419
6,156,15700,87425
6,157,15800,87460
6,158,15900,87460
6,159,16000,87464
6,160,16100,87495
6,161,16200,87495
6,162,16300,87517
6,163,16400,87517
6,164,16500,87517
6,165,16600,87517
6,166,16700,87517
6,167,16800,87517
6,168,16900,87547
6,169,17000,87547
6,170,17100,87555
6,171,17200,87555
6,172,17300,87555
6,173,17400,87555
6,174,17500,87555
6,175,17600,87558
6,176,17700,87558
6,177,17800,87558
6,178,17900,87558
6,179,18000,87558
6,180,18100,87558
6,181,18200,87558
6,182,18300,87576
6,183,18400,87576
6,184,18500,87576
6,185,18600,87576
6,186,18700,87591
6,187,18800,87591
6,188,18900,87606
6,189,19000,87606
6,190,19100,87606
6,191,19200,87606
6,192,19300,87606
6,193,19400,87613
6,194,19500,87613
6,195,19600,87630
6,196,19700,87630
6,197,19800,87630
6,198,19900,87630
6,199,20000,87633
6,200,20100,87633
6,201,20200,87633
6,202,20300,87639
6,203,20400,87639
6,204,20500,87642
6,205,20600,87643
6,206,20700,87643
6,207,20800,87643
6,208,20900,87649
6,209,21000,87649
6,210,21100,87649
6,211,21200,87649
6,212,21300,87657
6,213,21400,87657
6,214,21500,87657
6,215,21600,87657
6,216,21700,87692
6,217,21800,87700
6,218,21900,87700
6,219,22000,87700
6,220,22100,87702
6,221,22200,87702
6,222,22300,87702
6,223,22400,87702
6,224,22500,87702
6,225,22600,87715
6,226,22700,87715
6,227,22800,87715
6,228,22900,87715
6,229,23000,87769
6,230,23100,87775
6,231,23200,87775
6,232,23300,87775
6,233,23400,87775
6,234,23500,87776
6,235,23600,87776
6,236,23700,87776
6,237,23800,87788
6,238,23900,87788
6,239,24000,87788
6,240,24100,87788
6,241,24200,87789
6,242,24300,87789
6,243,24400,87802
6,244,24500,87802
6,245,24600,87803
6,246,24700,87803
6,247,24800,87803
6,248,24900,87803
6,249,25000,87803
6,250,25100,87804
6,251,25200,87835
6,252,25300,87835
6,253,25400,87835
6,254,25500,87836
6,255,25600,87836
6,256,25700,87836
6,257,25800,87843
6,258,25900,87843
6,259,26000,87843
6,260,26100,87843
6,261,26200,87843
6,262,26300,87863
6,263,26400,87863
6,264,26500,87863
6,265,26600,87884
6,266,26700,87884
6,267,26800,87894
6,268,26900,87894
6,269,27000,87898
6,270,27100,87903
6,271,27200,87906
6,272,27300,87921
6,273,27400,87921
6,274,27500,87921
6,275,27600,87923
6,276,27700,87926
6,277,27800,87926
6,278,27900,87926
6,279,28000,87930
6,280,28100,87930
6,281,28200,87931
6,282,28300,87931
6,283,28400,87931
6,284,28500,87933
6,285,28600,87936
6,286,28700,87939
6,287,28800,87939
6,288,28900,87944
6,289,29000,87944
6,290,29100,87945
6,291,29200,87950
6,292,29300,87950
6,293,29400,87974
6,294,29500,87974
6,295,29600,87974
6,296,29700,87974
6,297,29800,87974
6,298,29900,87974
6,299,30000,87974
6,300,30100,87974
6,301,30200,87974
6,302,30300,87974
6,303,30400,87974
6,304,30500,87974
6,305,30600,87995
6,306,30700,87995
6,307,30800,87995
6,308,30900,87997
6,309,31000,87998
6,310,31100,87999
6,311,31200,88001
6,312,31300,88003
6,313,31400,88003
6,314,31500,88003
6,315,31600,88003
6,316,31700,88014
6,317,31800,88014
6,318,31900,88014
6,319,32000,88014
6,320,32100,88015
6,321,32200,88015
6,322,32300,88015
6,323,32400,88015
6,324,32500,88016
6,325,32600,88016
6,326,32700,88016
6,327,32800,88016
6,328,32900,88016
6,329,33000,88016
6,330,33100,88016
6,331,33200,88016
6,332,33300,88016
6,333,33400,88016
6,334,33500,88016
6,335,33600,88016
6,336,33700,88016
6,337,33800,88016
6,338,33900,88016
6,339,34000,88016
6,340,34100,88016
6,341,34200,88016
6,342,34300,88016
6,343,34400,88030
6,344,34500,88030
6,345,34600,88030
6,346,34700,88030
6,347,34800,88030
6,348,34900,88030
6,349,35000,88030
6,350,35100,88030
6,351,35200,88030
6,352,35300,88036
6,353,35400,88036
6,354,35500,88036
6,355,35600,88036
6,356,35700,88041
6,357,35800,88041
6,358,35900,88041
6,359,36000,88041
6,360,36100,88041
6,361,36200,88041
6,362,36300,88041
6,363,36400,88041
6,364,36500,88056
6,365,36600,88056
6,366,36700,88056
6,367,36800,88056
6,368,36900,88056
6,369,37000,88056
6,370,37100,88056
6,371,37200,88056
6,372,37300,88056
6,373,37400,88056
6,374,37500,88056
6,375,37600,88056
6,376,37700,88056
6,377,37800,88056
6,378,37900,88056
6,379,38000,88056
6,380,38100,88056
6,381,38200,88056
6,382,38300,88056
6,383,38400,88056
6,384,38500,88056
6,385,38600,88056
6,386,38700,88056
6,387,38800,88056
6,388,38900,88056
6,389,39000,88056
6,390,39100,88056
6,391,39200,88056
6,392,39300,88056
6,393,39400,88056
6,394,39500,88056
6,395,39600,88056
6,396,39700,88056
6,397,39800,88056
6,398,39900,88056
6,399,40000,88056
6,400,40100,88056
6,401,40200,88056
6,402,40300,88056
6,403,40400,88056
6,404,40500,88056
6,405,40600,88056
6,406,40700,88056
6,407,40800,88056
6,408,40900,88056
6,409,41000,88056
6,410,41100,88056
6,411,41200,88056
6,412,41300,88056
6,413,41400,88056
6,414,41500,88056
6,415,41600,88056
6,416,41700,88056
6,417,41800,88056
6,418,41900,88056
6,419,42000,88056
6,420,42100,88056
6,421,42200,88056
6,422,42300,88056
6,423,42400,88056
6,424,42500,88056
6,425,42600,88056
6,426,42700,88056
6,427,42800,88056
6,428,42900,88056
6,429,43000,88056
6,430,43100,88056
6,431,43200,88056
6,432,43300,88056
6,433,43400,88056
6,434,43500,88056
6,435,43600,88056
6,436,43700,88056
6,437,43800,88056
6,438,43900,88056
6,439,44000,88056
6,440,44100,88056
6,441,44200,88056
6,442,44300,88056
6,443,44400,88056
6,444,44500,88056
6,445,44600,88056
6,446,44700,88056
6,447,44800,88056
6,448,44900,88056
6,449,45000,88056
6,450,45100,88056
6,451,45200,88056
6,452,45300,88056
6,453,45400,88056
6,454,45500,88056
6,455,45600,88056
6,456,45700,88056
6,457,45800,88056
6,458,45900,88056
6,459,46000,88056
6,460,46100,88056
6,461,46200,88056
6,462,46300,88056
6,463,46400,88056
6,464,46500,88056
6,465,46600,88056
6,466,46700,88056
6,467,46800,88056
6,468,46900,88056
6,469,47000,88056
6,470,47100,88056
6,471,47200,88056
6,472,47300,88056
6,473,47400,88056
6,474,47500,88056
6,475,47600,88056
6,476,47700,88056
6,477,47800,88056
6,478,47900,88056
6,479,48000,88056
6,480,48100,88056
6,481,48200,88056
6,482,48300,88056
6,483,48400,88056
6,484,48500,88056
6,485,48600,88056
6,486,48700,88056
6,487,48800,88056
6,488,48900,88056
6,489,49000,88056
6,490,49100,88056
6,491,49200,88056
6,492,49300,88056
6,493,49400,88056
6,494,49500,88056
6,495,49600,88056
6,496,49700,88056
6,497,49800,88056
6,498,49900,88056
6,499,50000,88056
6,500,50100,88056
6,501,50200,88056
6,502,50300,88056
6,503,50400,88056
6,504,50500,88056
6,505,50600,88056
6,506,50700,88056
6,507,50800,88056
6,508,50900,88056
6,509,51000,88056
6,510,51100,88056
6,511,51200,88056
6,512,51300,88056
6,513,51400,88056
6,514,51500,88056
6,515,51600,88056
6,516,51700,88078
6,517,51800,88078
6,518,51900,88078
6,519,52000,88078
6,520,52100,88078
6,521,52200,88078
6,522,52300,88078
6,523,52400,88078
6,524,52500,88078
6,525,52600,88078
6,526,52700,88080
6,527,52800,88080
6,528,52900,88080
6,529,53000,88080
6,530,53100,88080
6,531,53200,88080
6,532,53300,88080
6,533,53400,88080
6,534,53500,88080
6,535,53600,88080
6,536,53700,88080
6,537,53800,88080
6,538,53900,88080
6,539,54000,88080
6,540,54100,88080
6,541,54200,88080
6,542,54300,88080
6,543,54400,88080
6,544,54500,88080
6,545,54600,88080
6,546,54700,88082
6,547,54800,88082
6,548,54900,88082
6,549,55000,88082
6,550,55100,88083
6,551,55200,88083
6,552,55300,88083
6,553,55400,88083
6,554,55500,88085
6,555,55600,88098
6,556,55700,88102
6,557,55800,88102
6,558,55900,88102
6,559,56000,88102
6,560,56100,88102
6,561,56200,88102
6,562,56300,88102
6,563,56400,88102
6,564,56500,88102
6,565,56600,88102
6,566,56700,88102
6,567,56800,88102
6,568,56900,88102
6,569,57000,88102
6,570,57100,88102
6,571,57200,88102
6,572,57300,88102
6,573,57400,88102
6,574,57500,88102
6,575,57600,88102
6,576,57700,88102
6,577,57800,88102
6,578,57900,88102
6,579,58000,88102
6,580,58100,88102
6,581,58200,88102
6,582,58300,88102
6,583,58400,88102
6,584,58500,88102
6,585,58600,88102
6,586,58700,88102
6,587,58800,88102
6,588,58900,88102
6,589,59000,88102
6,590,59100,88102
6,591,59200,88102
6,592,59300,88102
6,593,59400,88102
6,594,59500,88102
6,595,59600,88116
6,596,59700,88116
6,597,59800,88116
6,598,59900,88116
6,599,60000,88124
6,600,60100,88124
6,601,60200,88124
6,602,60300,88124
6,603,60400,88124
6,604,60500,88124
6,605,60600,88124
6,606,60700,88124
6,607,60800,88124
6,608,60900,88124
6,609,61000,88124
6,610,61100,88124
6,611,61200,88124
6,612,61300,88125
6,613,61400,88125
6,614,61500,88125
6,615,61600,88125
6,616,61700,88125
6,617,61800,88125
6,618,61900,88125
6,619,62000,88125
6,620,62100,88125
6,621,62200,88125
6,622,62300,88125
6,623,62400,88125
6,624,62500,88125
6,625,62600,88125
6,626,62700,88125
6,627,62800,88125
6,628,62900,88125
6,629,63000,88125
6,630,63100,88125
6,631,63200,88125
6,632,63300,88125
6,633,63400,88125
6,634,63500,88134
6,635,63600,88134
6,636,63700,88134
6,637,63800,88134
6,638,63900,88134
6,639,64000,88134
6,640,64100,88134
6,641,64200,88144
6,642,64300,88144
6,643,64400,88144
6,644,64500,88152
6,645,64600,88152
6,646,64700,88152
6,647,64800,88152
6,648,64900,88152
6,649,65000,88181
6,650,65100,88181
6,651,65200,88183
6,652,65300,88202
6,653,65400,88202
6,654,65500,88202
6,655,65600,88202
6,656,65700,88202
6,657,65800,88202
6,658,65900,88202
6,659,66000,88202
6,660,66100,88202
6,661,66200,88202
6,662,66300,88202
6,663,66400,88202
6,664,66500,88202
6,665,66600,88202
6,666,66700,88202
6,667,66800,88202
6,668,66900,88202
6,669,67000,88202
6,670,67100,88208
6,671,67200,88208
6,672,67300,88208
6,673,67400,88208
6,674,67500,88208
6,675,67600,88208
6,676,67700,88208
6,677,67800,88208
6,678,67900,88208
6,679,68000,88208
6,680,68100,88208
6,681,68200,88210
6,682,68300,88210
6,683,68400,88210
6,684,68500,88210
6,685,68600,88210
6,686,68700,88210
6,687,68800,88210
6,688,68900,88210
6,689,69000,88210
6,690,69100,88210
6,691,69200,88210
6,692,69300,88210
6,693,69400,88210
6,694,69500,88210
6,695,69600,88210
6,696,69700,88210
6,697,69800,88210
6,698,69900,88210
6,699,70000,88210
6,700,70100,88210
6,701,70200,88210
6,702,70300,88215
6,703,70400,88215
6,704,70500,88215
6,705,70600,88215
6,706,70700,88215
6,707,70800,88215
6,708,70900,88225
6,709,71000,88225
6,710,71100,88225
6,711,71200,88225
6,712,71300,88225
6,713,71400,88225
6,714,71500,88225
6,715,71600,88225
6,716,71700,88225
6,717,71800,88225
6,718,71900,88225
6,719,72000,88225
6,720,72100,88225
6,721,72200,88225
6,722,72300,88225
6,723,72400,88225
6,724,72500,88225
6,725,72600,88225
6,726,72700,88225
6,727,72800,88225
6,728,72900,88225
6,729,73000,88225
6,730,73100,88225
6,731,73200,88227
6,732,73300,88227
6,733,73400,88227
6,734,73500,88227
6,735,73600,88227
6,736,73700,88227
6,737,73800,88227
6,738,73900,88227
6,739,74000,88227
6,740,74100,88227
6,741,74200,88227
6,742,74300,88227
6,743,74400,88227
6,744,74500,88227
6,745,74600,88227
6,746,74700,88227
6,747,74800,88227
6,748,74900,88227
6,749,75000,88227
6,750,75100,88227
6,751,75200,88227
6,752,75300,88227
6,753,75400,88227
6,754,75500,88227
6,755,75600,88227
6,756,75700,88227
6,757,75800,88227
6,758,75900,88227
6,759,76000,88227
6,760,76100,88227
6,761,76200,88227
6,762,76300,88227
6,763,76400,88227
6,764,76500,88227
6,765,76600,88227
6,766,76700,88227
6,767,76800,88227
6,768,76900,88227
6,769,77000,88227
6,770,77100,88227
6,771,77200,88227
6,772,77300,88227
6,773,77400,88227
6,774,77500,88227
6,775,77600,88227
6,776,77700,88227
6,777,77800,88227
6,778,77900,88227
6,779,78000,88227
6,780,78100,88227
6,781,78200,88227
6,782,78300,88227
6,783,78400,88227
6,784,78500,88227
6,785,78600,88227
6,786,78700,88227
6,787,78800,88227
6,788,78900,88227
6,789,79000,88227
6,790,79100,88227
6,791,79200,88227
6,792,79300,88227
6,793,79400,88227
6,794,79500,88227
6,795,79600,88227
6,796,79700,88227
6,797,79800,88227
6,798,79900,88227
6,799,80000,88227
6,800,80100,88227
6,801,80200,88227
6,802,80300,88227
6,803,80400,88227
6,804,80500,88227
6,805,80600,88227
6,806,80700,88227
6,807,80800,88227
6,808,80900,88227
6,809,81000,88227
6,810,81100,88227
6,811,81200,88227
6,812,81300,88227
6,813,81400,88227
6,814,81500,88227
6,815,81600,88227
6,816,81700,88227
6,817,81800,88227
6,818,81900,88227
6,819,82000,88227
6,820,82100,88227
6,821,82200,88227
6,822,82300,88227
6,823,82400,88227
6,824,82500,88227
6,825,82600,88227
6,826,82700,88227
6,827,82800,88227
6,828,82900,88227
6,829,83000,88227
6,830,83100,88227
6,831,83200,88227
6,832,83300,88227
6,833,83400,88227
6,834,83500,88227
6,835,83600,88227
6,836,83700,88227
6,837,83800,88227
6,838,83900,88227
6,839,84000,88227
6,840,84100,88227
6,841,84200,88227
6,842,84300,88227
6,843,84400,88227
6,844,84500,88227
6,845,84600,88227
6,846,84700,88227
6,847,84800,88227
6,848,84900,88227
6,849,85000,88227
6,850,85100,88227
6,851,85200,88227
6,852,85300,88227
6,853,85400,88227
6,854,85500,88227
6,855,85600,88227
6,856,85700,88227
6,857,85800,88227
6,858,85900,88227
6,859,86000,88227
6,860,86100,88227
6,861,86200,88227
6,862,86300,88227
6,863,86400,88227
6,864,86500,88227
6,865,86600,88227
6,866,86700,88227
6,867,86800,88227
6,868,86900,88227
6,869,87000,88227
6,870,87100,88227
6,871,87200,88227
6,872,87300,88227
6,873,87400,88227
6,874,87500,88227
6,875,87600,88227
6,876,87700,88227
6,877,87800,88227
6,878,87900,88227
6,879,88000,88227
6,880,88100,88227
6,881,88200,88227
6,882,88300,88227
6,883,88400,88227
6,884,88500,88227
6,885,88600,88227
6,886,88700,88227
6,887,88800,88227
6,888,88900,88227
6,889,89000,88227
6,890,89100,88227
6,891,89200,88227
6,892,89300,88227
6,893,89400,88227
6,894,89500,88227
6,895,89600,88227
6,896,89700,88227
6,897,89800,88227
6,898,89900,88227
6,899,90000,88227
6,900,90100,88227
6,901,90200,88227
6,902,90300,88227
6,903,90400,88227
6,904,90500,88227
6,905,90600,88227
6,906,90700,88227
6,907,90800,88227
6,908,90900,88227
6,909,91000,88227
6,910,91100,88227
6,911,91200,88227
6,912,91300,88227
6,913,91400,88227
6,914,91500,88227
6,915,91600,88227
6,916,91700,88227
6,917,91800,88227
6,918,91900,88227
6,919,92000,88227
6,920,92100,88227
6,921,92200,88227
6,922,92300,88227
6,923,92400,88227
6,924,92500,88227
6,925,92600,88227
6,926,92700,88227
6,927,92800,88227
6,928,92900,88227
6,929,93000,88227
6,930,93100,88227
6,931,93200,88227
6,932,93300,88227
6,933,93400,88227
6,934,93500,88227
6,935,93600,88227
6,936,93700,88227
6,937,93800,88227
6,938,93900,88227
6,939,94000,88227
6,940,94100,88227
6,941,94200,88227
6,942,94300,88227
6,943,94400,88227
6,944,94500,88227
6,945,94600,88227
6,946,94700,88227
6,947,94800,88227
6,948,94900,88227
6,949,95000,88227
6,950,95100,88227
6,951,95200,88227
6,952,95300,88227
6,953,95400,88227
6,954,95500,88227
6,955,95600,88227
6,956,95700,88227
6,957,95800,88227
6,958,95900,88227
6,959,96000,88227
6,960,96100,88227
6,961,96200,88227
6,962,96300,88227
6,963,96400,88227
6,964,96500,88227
6,965,96600,88227
6,966,96700,88227
6,967,96800,88227
6,968,96900,88227
6,969,97000,88227
6,970,97100,88227
6,971,97200,88227
6,972,97300,88227
6,973,97400,88227
6,974,97500,88227
6,975,97600,88227
6,976,97700,88227
6,977,97800,88227
6,978,97900,88227
6,979,98000,88227
6,980,98100,88227
6,981,98200,88227
6,982,98300,88227
6,983,98400,88227
6,984,98500,88227
6,985,98600,88227
6,986,98700,88227
6,987,98800,88227
6,988,98900,88227
6,989,99000,88227
6,990,99100,88227
6,991,99200,88227
6,992,99300,88227
6,993,99400,88227
6,994,99500,88227
6,995,99600,88227
6,996,99700,88227
6,997,99800,88227
6,998,99900,88227
6,999,100000,88227
7,0,100,72728
7,1,200,74731
7,2,300,76651
7,3,400,79046
7,4,500,79046
7,5,600,79907
7,6,700,80027
7,7,800,80963
7,8,900,81045
7,9,1000,81471
7,10,1100,81827
7,11,1200,81876
7,12,1300,82045
7,13,1400,82765
7,14,1500,83004
7,15,1600,83090
7,16,1700,83307
7,17,1800,83337
7,18,1900,83373
7,19,2000,83450
7,20,2100,83450
7,21,2200,83677
7,22,2300,83769
7,23,2400,83776
7,24,2500,83778
7,25,2600,84388
7,26,2700,84488
7,27,2800,84492
7,28,2900,84513
7,29,3000,84593
7,30,3100,84593
7,31,3200,84640
7,32,3300,84796
7,33,3400,84813
7,34,3500,84819
7,35,3600,84866
7,36,3700,85134
7,37,3800,85134
7,38,3900,85162
7,39,4000,85183
7,40,4100,85183
7,41,4200,85184
7,42,4300,85292
7,43,4400,85298
7,44,4500,85397
7,45,4600,85424
7,46,4700,85427
7,47,4800,85544
7,48,4900,85728
7,49,5000,85728
7,50,5100,85744
7,51,5200,85858
7,52,5300,86005
7,53,5400,86005
7,54,5500,86043
7,55,5600,86075
7,56,5700,86078
7,57,5800,86173
7,58,5900,86176
7,59,6000,86250
7,60,6100,86253
7,61,6200,86356
7,62,6300,86441
7,63,6400,86449
7,64,6500,86449
7,65,6600,86460
7,66,6700,86464
7,67,6800,86483
7,68,6900,86584
7,69,7000,86584
7,70,7100,86584
7,71,7200,86593
7,72,7300,86620
7,73,7400,86839
7,74,7500,86839
7,75,7600,86987
7,76,7700,87004
7,77,7800,87026
7,78,7900,87026
7,79,8000,87033
7,80,8100,87033
7,81,8200,87048
7,82,8300,87058
7,83,8400,87128
7,84,8500,87128
7,85,8600,87142
7,86,8700,87146
7,87,8800,87254
7,88,8900,87254
7,89,9000,87254
7,90,9100,87277
7,91,9200,87277
7,92,9300,87277
7,93,9400,87277
7,94,9500,87294
7,95,9600,87294
7,96,9700,87294
7,97,9800,87311
7,98,9900,87311
7,99,10000,87311
7,100,10100,87320
7,101,10200,87320
7,102,10300,87340
7,103,10400,87340
7,104,10500,87340
7,105,10600,87356
7,106,10700,87369
7,107,10800,87390
7,108,10900,87391
7,109,11000,87417
7,110,11100,87443
7,111,11200,87446
7,112,11300,87459
7,113,11400,87459
7,114,11500,87465
7,115,11600,87466
7,116,11700,87466
7,117,11800,87466
7,118,11900,87466
7,119,12000,87466
7,120,12100,87473
7,121,12200,87473
7,122,12300,87473
7,123,12400,87473
7,124,12500,87473
7,125,12600,87473
7,126,12700,87473
7,127,12800,87477
7,128,12900,87477
7,129,13000,87477
7,130,13100,87477
7,131,13200,87477
7,132,13300,87477
7,133,13400,87477
7,134,13500,87493
7,135,13600,87493
7,136,13700,87499
7,137,13800,87499
7,138,13900,87499
7,139,14000,87499
7,140,14100,87504
7,141,14200,87504
7,142,14300,87504
7,143,14400,87504
7,144,14500,87504
7,145,14600,87504
7,146,14700,87504
7,147,14800,87504
7,148,14900,87504
7,149,15000,87539
7,150,15100,87539
7,151,15200,87539
7,152,15300,87539
7,153,15400,87544
7,154,15500,87544
7,155,15600,87544
7,156,15700,87544
7,157,15800,87544
7,158,15900,87544
7,159,16000,87544
7,160,16100,87544
7,161,16200,87544
7,162,16300,87544
7,163,16400,87544
7,164,16500,87546
7,165,16600,87546
7,166,16700,87546
7,167,16800,87546
7,168,16900,87551
7,169,17000,87551
7,170,17100,87595
7,171,17200,87600
7,172,17300,87600
7,173,17400,87607
7,174,17500,87607
7,175,17600,87624
7,176,17700,87624
7,177,17800,87624
7,178,17900,87631
7,179,18000,87631
7,180,18100,87631
7,181,18200,87631
7,182,18300,87736
7,183,18400,87736
7,184,18500,87736
7,185,18600,87743
7,186,18700,87743
7,187,18800,87743
7,188,18900,87743
7,189,19000,87743
7,190,19100,87743
7,191,19200,87743
7,192,19300,87743
7,193,19400,87743
7,194,19500,87743
7,195,19600,87743
7,196,19700,87743
7,197,19800,87743
7,198,19900,87743
7,199,20000,87743
7,200,20100,87743
7,201,20200,87750
7,202,20300,87750
7,203,20400,87750
7,204,20500,87750
7,205,20600,87754
7,206,20700,87754
7,207,20800,87754
7,208,20900,87754
7,209,21000,87754
7,210,21100,87754
7,211,21200,87754
7,212,21300,87754
7,213,21400,87754
7,214,21500,87754
7,215,21600,87755
7,216,21700,87764
7,217,21800,87764
7,218,21900,87764
7,219,22000,87764
7,220,22100,87769
7,221,22200,87769
7,222,22300,87773
7,223,22400,87773
7,224,22500,87773
7,225,22600,87773
7,226,22700,87773
7,227,22800,87773
7,228,22900,87773
7,229,23000,87773
7,230,23100,87789
7,231,23200,87789
7,232,23300,87789
7,233,23400,87789
7,234,23500,87789
7,235,23600,87789
7,236,23700,87789
7,237,23800,87789
7,238,23900,87789
7,239,24000,87789
7,240,24100,87789
7,241,24200,87799
7,242,24300,87799
7,243,24400,87800
7,244,24500,87800
7,245,24600,87810
7,246,24700,87810
7,247,24800,87810
7,248,24900,87810
7,249,25000,87810
7,250,25100,87810
7,251,25200,87810
7,252,25300,87810
7,253,25400,87850
7,254,25500,87850
7,255,25600,87856
7,256,25700,87856
7,257,25800,87856
7,258,25900,87856
7,259,26000,87885
7,260,26100,87891
7,261,26200,87898
7,262,26300,87898
7,263,26400,87898
7,264,26500,87898
7,265,26600,87915
7,266,26700,87915
7,267,26800,87916
7,268,26900,87930
7,269,27000,87930
7,270,27100,87935
7,271,27200,87940
7,272,27300,87943
7,273,27400,87949
7,274,27500,87954
7,275,27600,87962
7,276,27700,87962
7,277,27800,87965
7,278,27900,87965
7,279,28000,87977
7,280,28100,87985
7,281,28200,87985
7,282,28300,87985
7,283,28400,87986
7,284,28500,87986
7,285,28600,88008
7,286,28700,88008
7,287,28800,88010
7,288,28900,88010
7,289,29000,88013
7,290,29100,88013
7,291,29200,88015
7,292,29300,88015
7,293,29400,88015
7,294,29500,88016
7,295,29600,88016
7,296,29700,88019
7,297,29800,88019
7,298,29900,88019
7,299,30000,88019
7,300,30100,88019
7,301,30200,88019
7,302,30300,88019
7,303,30400,88019
7,304,30500,88019
7,305,30600,88025
7,306,30700,88025
7,307,30800,88025
7,308,30900,88025
7,309,31000,88025
7,310,31100,88025
7,311,31200,88025
7,312,31300,88025
7,313,31400,88025
7,314,31500,88041
7,315,31600,88041
7,316,31700,88041
7,317,31800,88043
7,318,31900,88043
7,319,32000,88043
7,320,32100,88045
7,321,32200,88045
7,322,32300,88046
7,323,32400,88046
7,324,32500,88046
7,325,32600,88046
7,326,32700,88049
7,327,32800,88049
7,328,32900,88049
7,329,33000,88054
7,330,33100,88054
7,331,33200,88057
7,332,33300,88057
7,333,33400,88057
7,334,33500,88058
7,335,33600,88058
7,336,33700,88058
7,337,33800,88059
7,338,33900,88059
7,339,34000,88059
7,340,34100,88059
7,341,34200,88059
7,342,34300,88059
7,343,34400,88059
7,344,34500,88059
7,345,34600,88059
7,346,34700,88059
7,347,34800,88059
7,348,34900,88059
7,349,35000,88059
7,350,35100,88059
7,351,35200,88059
7,352,35300,88059
7,353,35400,88060
7,354,35500,88069
7,355,35600,88072
7,356,35700,88072
7,357,35800,88095
7,358,35900,88098
7,359,36000,88098
7,360,36100,88098
7,361,36200,88098
7,362,36300,88098
7,363,36400,88099
7,364,36500,88100
7,365,36600,88100
7,366,36700,88100
7,367,36800,88101
7,368,36900,88101
7,369,37000,88101
7,370,37100,88102
7,371,37200,88102
7,372,37300,88102
7,373,37400,88102
7,374,37500,88102
7,375,37600,88102
7,376,37700,88107
7,377,37800,88107
7,378,37900,88108
7,379,38000,88108
7,380,38100,88113
7,381,38200,88113
7,382,38300,88113
7,383,38400,88116
7,384,38500,88116
7,385,38600,88116
7,386,38700,88116
7,387,38800,88116
7,388,38900,88116
7,389,39000,88116
7,390,39100,88116
7,391,39200,88116
7,392,39300,88116
7,393,39400,88116
7,394,39500,88116
7,395,39600,88116
7,396,39700,88134
7,397,39800,88134
7,398,39900,88134
7,399,40000,88134
7,400,40100,88134
7,401,40200,88134
7,402,40300,88134
7,403,40400,88134
7,404,40500,88134
7,405,40600,88136
7,406,40700,88136
7,407,40800,88136
7,408,40900,88136
7,409,41000,88136
7,410,41100,88136
7,411,41200,88136
7,412,41300,88144
7,413,41400,88144
7,414,41500,88144
7,415,41600,88148
7,416,41700,88148
7,417,41800,88148
7,418,41900,88148
7,419,42000,88148
7,420,42100,88149
7,421,42200,88149
7,422,42300,88149
7,423,42400,88149
7,424,42500,88149
7,425,42600,88149
7,426,42700,88149
7,427,42800,88149
7,428,42900,88149
7,429,43000,88149
7,430,43100,88149
7,431,43200,88149
7,432,43300,88149
7,433,43400,88149
7,434,43500,88149
7,435,43600,88149
7,436,43700,88149
7,437,43800,88149
7,438,43900,88149
7,439,44000,88149
7,440,44100,88149
7,441,44200,88149
7,442,44300,88149
7,443,44400,88149
7,444,44500,88149
7,445,44600,88149
7,446,44700,88149
7,447,44800,88149
7,448,44900,88149
7,449,45000,88149
7,450,45100,88149
7,451,45200,88149
7,452,45300,88149
7,453,45400,88149
7,454,45500,88149
7,455,45600,88149
7,456,45700,88149
7,457,45800,88149
7,458,45900,88149
7,459,46000,88149
7,460,46100,88149
7,461,46200,88149
7,462,46300,88149
7,463,46400,88149
7,464,46500,88149
7,465,46600,88149
7,466,46700,88149
7,467,46800,88149
7,468,46900,88149
7,469,47000,88149
7,470,47100,88173
7,471,47200,88173
7,472,47300,88173
7,473,47400,88173
7,474,47500,88173
7,475,47600,88173
7,476,47700,88173
7,477,47800,88180
7,478,47900,88180
7,479,48000,88180
7,480,48100,88180
7,481,48200,88180
7,482,48300,88180
7,483,48400,88180
7,484,48500,88180
7,485,48600,88180
7,486,48700,88180
7,487,48800,88180
7,488,48900,88180
7,489,49000,88180
7,490,49100,88180
7,491,49200,88180
7,492,49300,88180
7,493,49400,88180
7,494,49500,88180
7,495,49600,88180
7,496,49700,88180
7,497,49800,88180
7,498,49900,88180
7,499,50000,88180
7,500,50100,88180
7,501,50200,88180
7,502,50300,88180
7,503,50400,88180
7,504,50500,88180
7,505,50600,88180
7,506,50700,88180
7,507,50800,88180
7,508,50900,88180
7,509,51000,88180
7,510,51100,88180
7,511,51200,88180
7,512,51300,88180
7,513,51400,88180
7,514,51500,88180
7,515,51600,88180
7,516,51700,88180
7,517,51800,88180
7,518,51900,88180
7,519,52000,88180
7,520,52100,88180
7,521,52200,88180
7,522,52300,88180
7,523,52400,88180
7,524,52500,88180
7,525,52600,88180
7,526,52700,88180
7,527,52800,88180
7,528,52900,88180
7,529,53000,88180
7,530,53100,88180
7,531,53200,88180
7,532,53300,88180
7,533,53400,88180
7,534,53500,88180
7,535,53600,88180
7,536,53700,88180
7,537,53800,88180
7,538,53900,88180
7,539,54000,88180
7,540,54100,88180
7,541,54200,88180
7,542,54300,88180
7,543,54400,88180
7,544,54500,88180
7,545,54600,88180
7,546,54700,88180
7,547,54800,88180
7,548,54900,88180
7,549,55000,88180
7,550,55100,88180
7,551,55200,88180
7,552,55300,88180
7,553,55400,88180
7,554,55500,88180
7,555,55600,88180
7,556,55700,88180
7,557,55800,88180
7,558,55900,88180
7,559,56000,88180
7,560,56100,88180
7,561,56200,88180
7,562,56300,88182
7,563,56400,88182
7,564,56500,88182
7,565,56600,88182
7,566,56700,88182
7,567,56800,88182
7,568,56900,88182
7,569,57000,88182
7,570,57100,88182
7,571,57200,88182
7,572,57300,88182
7,573,57400,88182
7,574,57500,88182
7,575,57600,88182
7,576,57700,88182
7,577,57800,88182
7,578,57900,88182
7,579,58000,88182
7,580,58100,88182
7,581,58200,88182
7,582,58300,88182
7,583,58400,88182
7,584,58500,88182
7,585,58600,88182
7,586,58700,88182
7,587,58800,88182
7,588,58900,88182
7,589,59000,88182
7,590,59100,88182
7,591,59200,88182
7,592,59300,88182
7,593,59400,88182
7,594,59500,88182
7,595,59600,88182
7,596,59700,88182
7,597,59800,88182
7,598,59900,88182
7,599,60000,88182
7,600,60100,88182
7,601,60200,88182
7,602,60300,88182
7,603,60400,88182
7,604,60500,88182
7,605,60600,88182
7,606,60700,88182
7,607,60800,88182
7,608,60900,88182
7,609,61000,88182
7,610,61100,88182
7,611,61200,88182
7,612,61300,88182
7,613,61400,88182
7,614,61500,88182
7,615,61600,88182
7,616,61700,88182
7,617,61800,88182
7,618,61900,88182
7,619,62000,88182
7,620,62100,88182
7,621,62200,88182
7,622,62300,88182
7,623,62400,88182
7,624,62500,88182
7,625,62600,88182
7,626,62700,88182
7,627,62800,88182
7,628,62900,88182
7,629,63000,88182
7,630,63100,88182
7,631,63200,88182
7,632,63300,88182
7,633,63400,88182
7,634,63500,88182
7,635,63600,88182
7,636,63700,88182
7,637,63800,88182
7,638,63900,88182
7,639,64000,88182
7,640,64100,88182
7,641,64200,88182
7,642,64300,88182
7,643,64400,88182
7,644,64500,88182
7,645,64600,88182
7,646,64700,88182
7,647,64800,88182
7,648,64900,88182
7,649,65000,88182
7,650,65100,88182
7,651,65200,88182
7,652,65300,88182
7,653,65400,88182
7,654,65500,88182
7,655,65600,88182
7,656,65700,88182
7,657,65800,88182
7,658,65900,88182
7,659,66000,88182
7,660,66100,88182
7,661,66200,88182
7,662,66300,88182
7,663,66400,88182
7,664,66500,88182
7,665,66600,88182
7,666,66700,88182
7,667,66800,88182
7,668,66900,88182
7,669,67000,88182
7,670,67100,88182
7,671,67200,88182
7,672,67300,88182
7,673,67400,88182
7,674,67500,88182
7,675,67600,88182
7,676,67700,88182
7,677,67800,88182
7,678,67900,88182
7,679,68000,88182
7,680,68100,88182
7,681,68200,88182
7,682,68300,88182
7,683,68400,88182
7,684,68500,88182
7,685,68600,88182
7,686,68700,88182
7,687,68800,88182
7,688,68900,88182
7,689,69000,88182
7,690,69100,88182
7,691,69200,88182
7,692,69300,88182
7,693,69400,88182
7,694,69500,88182
7,695,69600,88182
7,696,69700,88190
7,697,69800,88190
7,698,69900,88190
7,699,70000,88190
7,700,70100,88190
7,701,70200,88190
7,702,70300,88190
7,703,70400,88190
7,704,70500,88190
7,705,70600,88190
7,706,70700,88190
7,707,70800,88190
7,708,70900,88190
7,709,71000,88190
7,710,71100,88190
7,711,71200,88190
7,712,71300,88190
7,713,71400,88190
7,714,71500,88190
7,715,71600,88190
7,716,71700,88190
7,717,71800,88190
7,718,71900,88190
7,719,72000,88190
7,720,72100,88190
7,721,72200,88190
7,722,72300,88190
7,723,72400,88190
7,724,72500,88190
7,725,72600,88190
7,726,72700,88190
7,727,72800,88190
7,728,72900,88190
7,729,73000,88190
7,730,73100,88190
7,731,73200,88190
7,732,73300,88190
7,733,73400,88190
7,734,73500,88190
7,735,73600,88190
7,736,73700,88190
7,737,73800,88190
7,738,73900,88190
7,739,74000,88190
7,740,74100,88190
7,741,74200,88190
7,742,74300,88190
7,743,74400,88190
7,744,74500,88190
7,745,74600,88190
7,746,74700,88190
7,747,74800,88190
7,748,74900,88190
7,749,75000,88190
7,750,75100,88190
7,751,75200,88190
7,752,75300,88190
7,753,75400,88205
7,754,75500,88205
7,755,75600,88205
7,756,75700,88205
7,757,75800,88205
7,758,75900,88205
7,759,76000,88205
7,760,76100,88205
7,761,76200,88205
7,762,76300,88205
7,763,76400,88205
7,764,76500,88205
7,765,76600,88205
7,766,76700,88205
7,767,76800,88205
7,768,76900,88205
7,769,77000,88205
7,770,77100,88205
7,771,77200,88205
7,772,77300,88205
7,773,77400,88205
7,774,77500,88205
7,775,77600,88205
7,776,77700,88205
7,777,77800,88205
7,778,77900,88205
7,779,78000,88205
7,780,78100,88205
7,781,78200,88205
7,782,78300,88205
7,783,78400,88205
7,784,78500,88205
7,785,78600,88205
7,786,78700,88205
7,787,78800,88205
7,788,78900,88205
7,789,79000,88205
7,790,79100,88205
7,791,79200,88205
7,792,79300,88205
7,793,79400,88205
7,794,79500,88205
7,795,79600,88205
7,796,79700,88205
7,797,79800,88205
7,798,79900,88205
7,799,80000,88205
7,800,80100,88205
7,801,80200,88205
7,802,80300,88205
7,803,80400,88205
7,804,80500,88205
7,805,80600,88205
7,806,80700,88205
7,807,80800,88205
7,808,80900,88205
7,809,81000,88205
7,810,81100,88205
7,811,81200,88205
7,812,81300,88205
7,813,81400,88205
7,814,81500,88205
7,815,81600,88205
7,816,81700,88205
7,817,81800,88205
7,818,81900,88205
7,819,82000,88205
7,820,82100,88205
7,821,82200,88205
7,822,82300,88205
7,823,82400,88205
7,824,82500,88205
7,825,82600,88205
7,826,82700,88205
7,827,82800,88205
7,828,82900,88205
7,829,83000,88205
7,830,83100,88205
7,831,83200,88205
7,832,83300,88205
7,833,83400,88205
7,834,83500,88205
7,835,83600,88205
7,836,83700,88205
7,837,83800,88205
7,838,83900,88205
7,839,84000,88205
7,840,84100,88205
7,841,84200,88205
7,842,84300,88205
7,843,84400,88205
7,844,84500,88205
7,845,84600,88205
7,846,84700,88205
7,847,84800,88205
7,848,84900,88205
7,849,85000,88205
7,850,85100,88205
7,851,85200,88205
7,852,85300,88205
7,853,85400,88205
7,854,85500,88205
7,855,85600,88205
7,856,85700,88205
7,857,85800,88205
7,858,85900,88205
7,859,86000,88205
7,860,86100,88205
7,861,86200,88205
7,862,86300,88205
7,863,86400,88205
7,864,86500,88205
7,865,86600,88205
7,866,86700,88205
7,867,86800,88205
7,868,86900,88205
7,869,87000,88205
7,870,87100,88205
7,871,87200,88205
7,872,87300,88205
7,873,87400,88205
7,874,87500,88205
7,875,87600,88205
7,876,87700,88205
7,877,87800,88205
7,878,87900,88205
7,879,88000,88205
7,880,88100,88205
7,881,88200,88205
7,882,88300,88205
7,883,88400,88205
7,884,88500,88205
7,885,88600,88205
7,886,88700,88205
7,887,88800,88205
7,888,88900,88205
7,889,89000,88205
7,890,89100,88205
7,891,89200,88205
7,892,89300,88205
7,893,89400,88205
7,894,89500,88205
7,895,89600,88205
7,896,89700,88205
7,897,89800,88205
7,898,89900,88205
7,899,90000,88205
7,900,90100,88205
7,901,90200,88205
7,902,90300,88205
7,903,90400,88205
7,904,90500,88205
7,905,90600,88205
7,906,90700,88205
7,907,90800,88205
7,908,90900,88205
7,909,91000,88205
7,910,91100,88205
7,911,91200,88205
7,912,91300,88205
7,913,91400,88205
7,914,91500,88205
7,915,91600,88205
7,916,91700,88205
7,917,91800,88205
7,918,91900,88205
7,919,92000,88205
7,920,92100,88205
7,921,92200,88205
7,922,92300,88205
7,923,92400,88205
7,924,92500,88216
7,925,92600,88216
7,926,92700,88216
7,927,92800,88216
7,928,92900,88216
7,929,93000,88216
7,930,93100,88216
7,931,93200,88216
7,932,93300,88216
7,933,93400,88216
7,934,93500,88218
7,935,93600,88218
7,936,93700,88218
7,937,93800,88218
7,938,93900,88218
7,939,94000,88218
7,940,94100,88219
7,941,94200,88219
7,942,94300,88219
7,943,94400,88219
7,944,94500,88219
7,945,94600,88219
7,946,94700,88219
7,947,94800,88219
7,948,94900,88219
7,949,95000,88219
7,950,95100,88219
7,951,95200,88219
7,952,95300,88219
7,953,95400,88219
7,954,95500,88219
7,955,95600,88219
7,956,95700,88219
7,957,95800,88219
7,958,95900,88219
7,959,96000,88219
7,960,96100,88219
7,961,96200,88219
7,962,96300,88219
7,963,96400,88219
7,964,96500,88219
7,965,96600,88224
7,966,96700,88224
7,967,96800,88224
7,968,96900,88224
7,969,97000,88227
7,970,97100,88227
7,971,97200,88228
7,972,97300,88228
7,973,97400,88229
7,974,97500,88229
7,975,97600,88229
7,976,97700,88229
7,977,97800,88229
7,978,97900,88229
7,979,98000,88229
7,980,98100,88229
7,981,98200,88229
7,982,98300,88229
7,983,98400,88229
7,984,98500,88229
7,985,98600,88229
7,986,98700,88229
7,987,98800,88229
7,988,98900,88235
7,989,99000,88235
7,990,99100,88241
7,991,99200,88241
7,992,99300,88241
7,993,99400,88241
7,994,99500,88241
7,995,99600,88241
7,996,99700,88241
7,997,99800,88241
7,998,99900,88241
7,999,100000,88241
8,0,100,72725
8,1,200,74902
8,2,300,77739
8,3,400,77875
8,4,500,78670
8,5,600,79951
8,6,700,79974
8,7,800,81436
8,8,900,81489
8,9,1000,81503
8,10,1100,82082
8,11,1200,82151
8,12,1300,82151
8,13,1400,82226
8,14,1500,83083
8,15,1600,83122
8,16,1700,83363
8,17,1800,83409
8,18,1900,84135
8,19,2000,84151
8,20,2100,84323
8,21,2200,84323
8,22,2300,84333
8,23,2400,84441
8,24,2500,84441
8,25,2600,84441
8,26,2700,84445
8,27,2800,84465
8,28,2900,84465
8,29,3000,84570
8,30,3100,84718
8,31,3200,84754
8,32,3300,84754
8,33,3400,84959
8,34,3500,84965
8,35,3600,85003
8,36,3700,85006
8,37,3800,85081
8,38,3900,85108
8,39,4000,85128
8,40,4100,85128
8,41,4200,85407
8,42,4300,85407
8,43,4400,85410
8,44,4500,85458
8,45,4600,85458
8,46,4700,85458
8,47,4800,85465
8,48,4900,85473
8,49,5000,85473
8,50,5100,85491
8,51,5200,85491
8,52,5300,85491
8,53,5400,85640
8,54,5500,85642
8,55,5600,85651
8,56,5700,85651
8,57,5800,85651
8,58,5900,85652
8,59,6000,85704
8,60,6100,85704
8,61,6200,85708
8,62,6300,85708
8,63,6400,85716
8,64,6500,85716
8,65,6600,85716
8,66,6700,85930
8,67,6800,85938
8,68,6900,85938
8,69,7000,85947
8,70,7100,85954
8,71,7200,85960
8,72,7300,86037
8,73,7400,86057
8,74,7500,86057
8,75,7600,86058
8,76,7700,86058
8,77,7800,86095
8,78,7900,86099
8,79,8000,86099
8,80,8100,86183
8,81,8200,86185
8,82,8300,86189
8,83,8400,86193
8,84,8500,86203
8,85,8600,86203
8,86,8700,86208
8,87,8800,86211
8,88,8900,86211
8,89,9000,86211
8,90,9100,86211
8,91,9200,86211
8,92,9300,86229
8,93,9400,86269
8,94,9500,86269
8,95,9600,86269
8,96,9700,86269
8,97,9800,86291
8,98,9900,86291
8,99,10000,86291
8,100,10100,86296
8,101,10200,86354
8,102,10300,86354
8,103,10400,86354
8,104,10500,86354
8,105,10600,86385
8,106,10700,86385
8,107,10800,86385
8,108,10900,86415
8,109,11000,86415
8,110,11100,86415
8,111,11200,86466
8,112,11300,86466
8,113,11400,86472
8,114,11500,86472
8,115,11600,86472
8,116,11700,86490
8,117,11800,86490
8,118,11900,86490
8,119,12000,86531
8,120,12100,86531
8,121,12200,86531
8,122,12300,86531
8,123,12400,86531
8,124,12500,86531
8,125,12600,86531
8,126,12700,86531
8,127,12800,86531
8,128,12900,86631
8,129,13000,86631
8,130,13100,86631
8,131,13200,86631
8,132,13300,86631
8,133,13400,86631
8,134,13500,86658
8,135,13600,86715
8,136,13700,86715
8,137,13800,86718
8,138,13900,86780
8,139,14000,86792
8,140,14100,86801
8,141,14200,86804
8,142,14300,86810
8,143,14400,86818
8,144,14500,86820
8,145,14600,86844
8,146,14700,86851
8,147,14800,86862
8,148,14900,86862
8,149,15000,86882
8,150,15100,86882
8,151,15200,86926
8,152,15300,86926
8,153,15400,86940
8,154,15500,86941
8,155,15600,86961
8,156,15700,86975
8,157,15800,86975
8,158,15900,86982
8,159,16000,86982
8,160,16100,86982
8,161,16200,86982
8,162,16300,86982
8,163,16400,86982
8,164,16500,86982
8,165,16600,86983
8,166,16700,86983
8,167,16800,86983
8,168,16900,86983
8,169,17000,87001
8,170,17100,87001
8,171,17200,87001
8,172,17300,87001
8,173,17400,87019
8,174,17500,87019
8,175,17600,87036
8,176,17700,87036
8,177,17800,87045
8,178,17900,87045
8,179,18000,87045
8,180,18100,87048
8,181,18200,87054
8,182,18300,87059
8,183,18400,87059
8,184,18500,87059
8,185,18600,87095
8,186,18700,87102
8,187,18800,87102
8,188,18900,87103
8,189,19000,87103
8,190,19100,87118
8,191,19200,87118
8,192,19300,87127
8,193,19400,87127
8,194,19500,87128
8,195,19600,87139
8,196,19700,87182
8,197,19800,87188
8,198,19900,87202
8,199,20000,87209
8,200,20100,87215
8,201,20200,87221
8,202,20300,87221
8,203,20400,87221
8,204,20500,87257
8,205,20600,87264
8,206,20700,87284
8,207,20800,87324
8,208,20900,87324
8,209,21000,87332
8,210,21100,87337
8,211,21200,87374
8,212,21300,87382
8,213,21400,87382
8,214,21500,87389
8,215,21600,87389
8,216,21700,87389
8,217,21800,87389
8,218,21900,87389
8,219,22000,87389
8,220,22100,87400
8,221,22200,87400
8,222,22300,87400
8,223,22400,87400
8,224,22500,87410
8,225,22600,87410
8,226,22700,87418
8,227,22800,87418
8,228,22900,87418
8,229,23000,87418
8,230,23100,87418
8,231,23200,87431
8,232,23300,87431
8,233,23400,87431
8,234,23500,87498
8,235,23600,87517
8,236,23700,87517
8,237,23800,87520
8,238,23900,87532
8,239,24000,87532
8,240,24100,87536
8,241,24200,87556
8,242,24300,87556
8,243,24400,87556
8,244,24500,87575
8,245,24600,87583
8,246,24700,87599
8,247,24800,87599
8,248,24900,87599
8,249,25000,87599
8,250,25100,87599
8,251,25200,87611
8,252,25300,87611
8,253,25400,87611
8,254,25500,87611
8,255,25600,87615
8,256,25700,87615
8,257,25800,87615
8,258,25900,87615
8,259,26000,87615
8,260,26100,87615
8,261,26200,87623
8,262,26300,87623
8,263,26400,87623
8,264,26500,87627
8,265,26600,87627
8,266,26700,87635
8,267,26800,87635
8,268,26900,87638
8,269,27000,87639
8,270,27100,87639
8,271,27200,87653
8,272,27300,87653
8,273,27400,87653
8,274,27500,87653
8,275,27600,87653
8,276,27700,87661
8,277,27800,87661
8,278,27900,87661
8,279,28000,87661
8,280,28100,87663
8,281,28200,87663
8,282,28300,87721
8,283,28400,87727
8,284,28500,87727
8,285,28600,87734
8,286,28700,87734
8,287,28800,87735
8,288,28900,87738
8,289,29000,87745
8,290,29100,87745
8,291,29200,87745
8,292,29300,87745
8,293,29400,87745
8,294,29500,87745
8,295,29600,87745
8,296,29700,87745
8,297,29800,87745
8,298,29900,87745
8,299,30000,87745
8,300,30100,87745
8,301,30200,87745
8,302,30300,87745
8,303,30400,87745
8,304,30500,87745
8,305,30600,87745
8,306,30700,87745
8,307,30800,87745
8,308,30900,87745
8,309,31000,87745
8,310,31100,87745
8,311,31200,87745
8,312,31300,87745
8,313,31400,87745
8,314,31500,87745
8,315,31600,87745
8,316,31700,87745
8,317,31800,87745
8,318,31900,87745
8,319,32000,87745
8,320,32100,87745
8,321,32200,87745
8,322,32300,87745
8,323,32400,87745
8,324,32500,87745
8,325,32600,87745
8,326,32700,87745
8,327,32800,87745
8,328,32900,87745
8,329,33000,87745
8,330,33100,87745
8,331,33200,87745
8,332,33300,87745
8,333,33400,87745
8,334,33500,87745
8,335,33600,87745
8,336,33700,87745
8,337,33800,87745
8,338,33900,87745
8,339,34000,87745
8,340,34100,87745
8,341,34200,87745
8,342,34300,87745
8,343,34400,87745
8,344,34500,87745
8,345,34600,87745
8,346,34700,87745
8,347,34800,87745
8,348,34900,87745
8,349,35000,87745
8,350,35100,87745
8,351,35200,87745
8,352,35300,87745
8,353,35400,87745
8,354,35500,87745
8,355,35600,87745
8,356,35700,87745
8,357,35800,87745
8,358,35900,87745
8,359,36000,87745
8,360,36100,87745
8,361,36200,87745
8,362,36300,87745
8,363,36400,87745
8,364,36500,87745
8,365,36600,87745
8,366,36700,87745
8,367,36800,87745
8,368,36900,87745
8,369,37000,87745
8,370,37100,87745
8,371,37200,87745
8,372,37300,87745
8,373,37400,87745
8,374,37500,87745
8,375,37600,87745
8,376,37700,87745
8,377,37800,87745
8,378,37900,87745
8,379,38000,87767
8,380,38100,87767
8,381,38200,87767
8,382,38300,87767
8,383,38400,87767
8,384,38500,87767
8,385,38600,87767
8,386,38700,87767
8,387,38800,87767
8,388,38900,87767
8,389,39000,87767
8,390,39100,87767
8,391,39200,87767
8,392,39300,87767
8,393,39400,87767
8,394,39500,87767
8,395,39600,87767
8,396,39700,87767
8,397,39800,87767
8,398,39900,87767
8,399,40000,87767
8,400,40100,87767
8,401,40200,87767
8,402,40300,87767
8,403,40400,87767
8,404,40500,87767
8,405,40600,87767
8,406,40700,87767
8,407,40800,87767
8,408,40900,87767
8,409,41000,87800
8,410,41100,87800
8,411,41200,87800
8,412,41300,87800
8,413,41400,87800
8,414,41500,87800
8,415,41600,87800
8,416,41700,87800
8,417,41800,87800
8,418,41900,87800
8,419,42000,87800
8,420,42100,87800
8,421,42200,87808
8,422,42300,87808
8,423,42400,87808
8,424,42500,87808
8,425,42600,87808
8,426,42700,87808
8,427,42800,87808
8,428,42900,87808
8,429,43000,87808
8,430,43100,87808
8,431,43200,87808
8,432,43300,87808
8,433,43400,87808
8,434,43500,87808
8,435,43600,87808
8,436,43700,87808
8,437,43800,87808
8,438,43900,87808
8,439,44000,87808
8,440,44100,87808
8,441,44200,87808
8,442,44300,87808
8,443,44400,87808
8,444,44500,87808
8,445,44600,87808
8,446,44700,87808
8,447,44800,87808
8,448,44900,87808
8,449,45000,87808
8,450,45100,87808
8,451,45200,87808
8,452,45300,87808
8,453,45400,87808
8,454,45500,87808
8,455,45600,87808
8,456,45700,87829
8,457,45800,87829
8,458,45900,87829
8,459,46000,87829
8,460,46100,87829
8,461,46200,87829
8,462,46300,87829
8,463,46400,87829
8,464,46500,87829
8,465,46600,87829
8,466,46700,87829
8,467,46800,87829
8,468,46900,87829
8,469,47000,87829
8,470,47100,87829
8,471,47200,87829
8,472,47300,87829
8,473,47400,87829
8,474,47500,87829
8,475,47600,87830
8,476,47700,87830
8,477,47800,87830
8,478,47900,87830
8,479,48000,87830
8,480,48100,87830
8,481,48200,87830
8,482,48300,87830
8,483,48400,87830
8,484,48500,87830
8,485,48600,87830
8,486,48700,87830
8,487,48800,87830
8,488,48900,87830
8,489,49000,87830
8,490,49100,87830
8,491,49200,87830
8,492,49300,87830
8,493,49400,87830
8,494,49500,87832
8,495,49600,87832
8,496,49700,87832
8,497,49800,87832
8,498,49900,87832
8,499,50000,87844
8,500,50100,87844
8,501,50200,87844
8,502,50300,87844
8,503,50400,87844
8,504,50500,87844
8,505,50600,87844
8,506,50700,87844
8,507,50800,87844
8,508,50900,87844
8,509,51000,87844
8,510,51100,87844
8,511,51200,87844
8,512,51300,87844
8,513,51400,87844
8,514,51500,87844
8,515,51600,87844
8,516,51700,87844
8,517,51800,87844
8,518,51900,87844
8,519,52000,87844
8,520,52100,87844
8,521,52200,87844
8,522,52300,87844
8,523,52400,87844
8,524,52500,87844
8,525,52600,87844
8,526,52700,87844
8,527,52800,87844
8,528,52900,87844
8,529,53000,87844
8,530,53100,87844
8,531,53200,87844
8,532,53300,87844
8,533,53400,87844
8,534,53500,87844
8,535,53600,87844
8,536,53700,87844
8,537,53800,87844
8,538,53900,87844
8,539,54000,87844
8,540,54100,87844
8,541,54200,87844
8,542,54300,87844
8,543,54400,87844
8,544,54500,87844
8,545,54600,87844
8,546,54700,87844
8,547,54800,87844
8,548,54900,87844
8,549,55000,87844
8,550,55100,87844
8,551,55200,87844
8,552,55300,87844
8,553,55400,87844
8,554,55500,87844
8,555,55600,87844
8,556,55700,87844
8,557,55800,87844
8,558,55900,87856
8,559,56000,87856
8,560,56100,87856
8,561,56200,87856
8,562,56300,87856
8,563,56400,87856
8,564,56500,87856
8,565,56600,87856
8,566,56700,87856
8,567,56800,87856
8,568,56900,87856
8,569,57000,87856
8,570,57100,87856
8,571,57200,87862
8,572,57300,87862
8,573,57400,87862
8,574,57500,87862
8,575,57600,87862
8,576,57700,87862
8,577,57800,87862
8,578,57900,87862
8,579,58000,87862
8,580,58100,87862
8,581,58200,87862
8,582,58300,87862
8,583,58400,87862
8,584,58500,87862
8,585,58600,87862
8,586,58700,87862
8,587,58800,87862
8,588,58900,87862
8,589,59000,87862
8,590,59100,87862
8,591,59200,87862
8,592,59300,87862
8,593,59400,87862
8,594,59500,87862
8,595,59600,87862
8,596,59700,87862
8,597,59800,87862
8,598,59900,87862
8,599,60000,87862
8,600,60100,87862
8,601,60200,87862
8,602,60300,87862
8,603,60400,87862
8,604,60500,87862
8,605,60600,87862
8,606,60700,87862
8,607,60800,87862
8,608,60900,87862
8,609,61000,87862
8,610,61100,87862
8,611,61200,87862
8,612,61300,87862
8,613,61400,87862
8,614,61500,87862
8,615,61600,87862
8,616,61700,87862
8,617,61800,87862
8,618,61900,87862
8,619,62000,87862
8,620,62100,87862
8,621,62200,87862
8,622,62300,87862
8,623,62400,87862
8,624,62500,87862
8,625,62600,87862
8,626,62700,87862
8,627,62800,87862
8,628,62900,87862
8,629,63000,87862
8,630,63100,87862
8,631,63200,87862
8,632,63300,87862
8,633,63400,87862
8,634,63500,87862
8,635,63600,87862
8,636,63700,87862
8,637,63800,87862
8,638,63900,87862
8,639,64000,87862
8,640,64100,87862
8,641,64200,87862
8,642,64300,87862
8,643,64400,87862
8,644,64500,87862
8,645,64600,87862
8,646,64700,87862
8,647,64800,87862
8,648,64900,87862
8,649,65000,87862
8,650,65100,87862
8,651,65200,87862
8,652,65300,87862
8,653,65400,87862
8,654,65500,87862
8,655,65600,87862
8,656,65700,87862
8,657,65800,87862
8,658,65900,87862
8,659,66000,87862
8,660,66100,87862
8,661,66200,87862
8,662,66300,87862
8,663,66400,87862
8,664,66500,87862
8,665,66600,87862
8,666,66700,87862
8,667,66800,87862
8,668,66900,87862
8,669,67000,87862
8,670,67100,87862
8,671,67200,87862
8,672,67300,87862
8,673,67400,87862
8,674,67500,87862
8,675,67600,87862
8,676,67700,87862
8,677,67800,87862
8,678,67900,87862
8,679,68000,87862
8,680,68100,87862
8,681,68200,87862
8,682,68300,87862
8,683,68400,87862
8,684,68500,87862
8,685,68600,87862
8,686,68700,87862
8,687,68800,87862
8,688,68900,87862
8,689,69000,87862
8,690,69100,87872
8,691,69200,87872
8,692,69300,87872
8,693,69400,87872
8,694,69500,87872
8,695,69600,87872
8,696,69700,87872
8,697,69800,87872
8,698,69900,87872
8,699,70000,87872
8,700,70100,87872
8,701,70200,87872
8,702,70300,87872
8,703,70400,87872
8,704,70500,87872
8,705,70600,87872
8,706,70700,87872
8,707,70800,87872
8,708,70900,87872
8,709,71000,87872
8,710,71100,87872
8,711,71200,87872
8,712,71300,87872
8,713,71400,87872
8,714,71500,87872
8,715,71600,87872
8,716,71700,87872
8,717,71800,87872
8,718,71900,87872
8,719,72000,87872
8,720,72100,87872
8,721,72200,87872
8,722,72300,87872
8,723,72400,87872
8,724,72500,87872
8,725,72600,87872
8,726,72700,87872
8,727,72800,87872
8,728,72900,87872
8,729,73000,87872
8,730,73100,87872
8,731,73200,87872
8,732,73300,87872
8,733,73400,87872
8,734,73500,87872
8,735,73600,87872
8,736,73700,87872
8,737,73800,87872
8,738,73900,87872
8,739,74000,87872
8,740,74100,87872
8,741,74200,87872
8,742,74300,87872
8,743,74400,87872
8,744,74500,87872
8,745,74600,87872
8,746,74700,87872
8,747,74800,87872
8,748,74900,87872
8,749,75000,87872
8,750,75100,87872
8,751,75200,87872
8,752,75300,87872
8,753,75400,87872
8,754,75500,87872
8,755,75600,87872
8,756,75700,87872
8,757,75800,87872
8,758,75900,87872
8,759,76000,87872
8,760,76100,87872
8,761,76200,87872
8,762,76300,87872
8,763,76400,87872
8,764,76500,87872
8,765,76600,87872
8,766,76700,87872
8,767,76800,87872
8,768,76900,87872
8,769,77000,87872
8,770,77100,87872
8,771,77200,87872
8,772,77300,87872
8,773,77400,87872
8,774,77500,87872
8,775,77600,87872
8,776,77700,87872
8,777,77800,87872
8,778,77900,87872
8,779,78000,87872
8,780,78100,87872
8,781,78200,87872
8,782,78300,87872
8,783,78400,87872
8,784,78500,87872
8,785,78600,87872
8,786,78700,87872
8,787,78800,87872
8,788,78900,87872
8,789,79000,87872
8,790,79100,87872
8,791,79200,87872
8,792,79300,87872
8,793,79400,87872
8,794,79500,87872
8,795,79600,87872
8,796,79700,87872
8,797,79800,87872
8,798,79900,87872
8,799,80000,87872
8,800,80100,87872
8,801,80200,87872
8,802,80300,87872
8,803,80400,87872
8,804,80500,87872
8,805,80600,87872
8,806,80700,87872
8,807,80800,87872
8,808,80900,87872
8,809,81000,87872
8,810,81100,87872
8,811,81200,87872
8,812,81300,87872
8,813,81400,87872
8,814,81500,87872
8,815,81600,87872
8,816,81700,87872
8,817,81800,87872
8,818,81900,87872
8,819,82000,87872
8,820,82100,87872
8,821,82200,87872
8,822,82300,87872
8,823,82400,87872
8,824,82500,87872
8,825,82600,87872
8,826,82700,87872
8,827,82800,87872
8,828,82900,87872
8,829,83000,87872
8,830,83100,87872
8,831,83200,87872
8,832,83300,87872
8,833,83400,87872
8,834,83500,87872
8,835,83600,87872
8,836,83700,87872
8,837,83800,87872
8,838,83900,87872
8,839,84000,87872
8,840,84100,87872
8,841,84200,87872
8,842,84300,87872
8,843,84400,87872
8,844,84500,87872
8,845,84600,87872
8,846,84700,87872
8,847,84800,87872
8,848,84900,87872
8,849,85000,87872
8,850,85100,87872
8,851,85200,87872
8,852,85300,87872
8,853,85400,87872
8,854,85500,87872
8,855,85600,87872
8,856,85700,87872
8,857,85800,87872
8,858,85900,87872
8,859,86000,87872
8,860,86100,87872
8,861,86200,87872
8,862,86300,87891
8,863,86400,87891
8,864,86500,87891
8,865,86600,87891
8,866,86700,87891
8,867,86800,87891
8,868,86900,87891
8,869,87000,87891
8,870,87100,87891
8,871,87200,87891
8,872,87300,87891
8,873,87400,87891
8,874,87500,87891
8,875,87600,87891
8,876,87700,87891
8,877,87800,87891
8,878,87900,87891
8,879,88000,87891
8,880,88100,87891
8,881,88200,87891
8,882,88300,87891
8,883,88400,87891
8,884,88500,87891
8,885,88600,87891
8,886,88700,87891
8,887,88800,87891
8,888,88900,87891
8,889,89000,87891
8,890,89100,87891
8,891,89200,87891
8,892,89300,87891
8,893,89400,87891
8,894,89500,87891
8,895,89600,87891
8,896,89700,87891
8,897,89800,87891
8,898,89900,87891
8,899,90000,87891
8,900,90100,87891
8,901,90200,87891
8,902,90300,87891
8,903,90400,87891
8,904,90500,87891
8,905,90600,87891
8,906,90700,87891
8,907,90800,87891
8,908,90900,87891
8,909,91000,87891
8,910,91100,87891
8,911,91200,87891
8,912,91300,87891
8,913,91400,87891
8,914,91500,87891
8,915,91600,87891
8,916,91700,87891
8,917,91800,87891
8,918,91900,87891
8,919,92000,87891
8,920,92100,87891
8,921,92200,87891
8,922,92300,87891
8,923,92400,87891
8,924,92500,87891
8,925,92600,87891
8,926,92700,87891
8,927,92800,87891
8,928,92900,87891
8,929,93000,87891
8,930,93100,87891
8,931,93200,87891
8,932,93300,87891
8,933,93400,87891
8,934,93500,87891
8,935,93600,87891
8,936,93700,87891
8,937,93800,87891
8,938,93900,87891
8,939,94000,87903
8,940,94100,87903
8,941,94200,87903
8,942,94300,87903
8,943,94400,87903
8,944,94500,87903
8,945,94600,87903
8,946,94700,87903
8,947,94800,87903
8,948,94900,87903
8,949,95000,87903
8,950,95100,87903
8,951,95200,87903
8,952,95300,87903
8,953,95400,87903
8,954,95500,87903
8,955,95600,87903
8,956,95700,87903
8,957,95800,87903
8,958,95900,87903
8,959,96000,87903
8,960,96100,87903
8,961,96200,87903
8,962,96300,87903
8,963,96400,87903
8,964,96500,87903
8,965,96600,87903
8,966,96700,87903
8,967,96800,87903
8,968,96900,87903
8,969,97000,87903
8,970,97100,87903
8,971,97200,87903
8,972,97300,87903
8,973,97400,87903
8,974,97500,87903
8,975,97600,87903
8,976,97700,87903
8,977,97800,87903
8,978,97900,87903
8,979,98000,87903
8,980,98100,87903
8,981,98200,87903
8,982,98300,87903
8,983,98400,87903
8,984,98500,87903
8,985,98600,87903
8,986,98700,87903
8,987,98800,87903
8,988,98900,87903
8,989,99000,87903
8,990,99100,87903
8,991,99200,87903
8,992,99300,87903
8,993,99400,87903
8,994,99500,87903
8,995,99600,87903
8,996,99700,87903
8,997,99800,87903
8,998,99900,87903
8,999,100000,87903
9,0,100,72562
9,1,200,74372
9,2,300,76836
9,3,400,77510
9,4,500,79270
9,5,600,79793
9,6,700,80653
9,7,800,80661
9,8,900,81228
9,9,1000,81355
9,10,1100,81697
9,11,1200,82224
9,12,1300,82286
9,13,1400,82286
9,14,1500,82526
9,15,1600,82764
9,16,1700,83074
9,17,1800,83209
9,18,1900,83423
9,19,2000,83425
9,20,2100,83428
9,21,2200,83951
9,22,2300,84295
9,23,2400,84491
9,24,2500,84491
9,25,2600,84612
9,26,2700,84681
9,27,2800,84681
9,28,2900,84681
9,29,3000,84897
9,30,3100,85048
9,31,3200,85054
9,32,3300,85054
9,33,3400,85491
9,34,3500,85491
9,35,3600,85662
9,36,3700,85674
9,37,3800,85912
9,38,3900,85912
9,39,4000,85959
9,40,4100,85959
9,41,4200,85982
9,42,4300,86023
9,43,4400,86045
9,44,4500,86057
9,45,4600,86086
9,46,4700,86088
9,47,4800,86091
9,48,4900,86336
9,49,5000,86342
9,50,5100,86342
9,51,5200,86342
9,52,5300,86427
9,53,5400,86453
9,54,5500,86475
9,55,5600,86501
9,56,5700,86508
9,57,5800,86513
9,58,5900,86577
9,59,6000,86577
9,60,6100,86607
9,61,6200,86607
9,62,6300,86683
9,63,6400,86683
9,64,6500,86683
9,65,6600,86786
9,66,6700,86820
9,67,6800,86820
9,68,6900,86820
9,69,7000,86903
9,70,7100,86932
9,71,7200,86932
9,72,7300,87070
9,73,7400,87112
9,74,7500,87112
9,75,7600,87112
9,76,7700,87117
9,77,7800,87122
9,78,7900,87122
9,79,8000,87123
9,80,8100,87123
9,81,8200,87123
9,82,8300,87123
9,83,8400,87123
9,84,8500,87123
9,85,8600,87123
9,86,8700,87123
9,87,8800,87123
9,88,8900,87123
9,89,9000,87123
9,90,9100,87123
9,91,9200,87123
9,92,9300,87206
9,93,9400,87206
9,94,9500,87206
9,95,9600,87206
9,96,9700,87211
9,97,9800,87217
9,98,9900,87217
9,99,10000,87217
9,100,10100,87217
9,101,10200,87220
9,102,10300,87220
9,103,10400,87226
9,104,10500,87231
9,105,10600,87255
9,106,10700,87255
9,107,10800,87260
9,108,10900,87260
9,109,11000,87260
9,110,11100,87260
9,111,11200,87260
9,112,11300,87260
9,113,11400,87260
9,114,11500,87260
9,115,11600,87260
9,116,11700,87260
9,117,11800,87260
9,118,11900,87260
9,119,12000,87260
9,120,12100,87260
9,121,12200,87260
9,122,12300,87260
9,123,12400,87260
9,124,12500,87260
9,125,12600,87260
9,126,12700,87260
9,127,12800,87260
9,128,12900,87260
9,129,13000,87272
9,130,13100,87272
9,131,13200,87272
9,132,13300,87272
9,133,13400,87282
9,134,13500,87284
9,135,13600,87286
9,136,13700,87309
9,137,13800,87337
9,138,13900,87347
9,139,14000,87347
9,140,14100,87359
9,141,14200,87359
9,142,14300,87363
9,143,14400,87364
9,144,14500,87366
9,145,14600,87379
9,146,14700,87379
9,147,14800,87396
9,148,14900,87396
9,149,15000,87416
9,150,15100,87418
9,151,15200,87449
9,152,15300,87449
9,153,15400,87451
9,154,15500,87455
9,155,15600,87459
9,156,15700,87461
9,157,15800,87468
9,158,15900,87468
9,159,16000,87468
9,160,16100,87492
9,161,16200,87492
9,162,16300,87506
9,163,16400,87513
9,164,16500,87529
9,165,16600,87612
9,166,16700,87612
9,167,16800,87644
9,168,16900,87648
9,169,17000,87650
9,170,17100,87652
9,171,17200,87659
9,172,17300,87659
9,173,17400,87665
9,174,17500,87678
9,175,17600,87678
9,176,17700,87678
9,177,17800,87678
9,178,17900,87678
9,179,18000,87681
9,180,18100,87681
9,181,18200,87681
9,182,18300,87689
9,183,18400,87689
9,184,18500,87690
9,185,18600,87690
9,186,18700,87705
9,187,18800,87705
9,188,18900,87705
9,189,19000,87725
9,190,19100,87731
9,191,19200,87731
9,192,19300,87731
9,193,19400,87731
9,194,19500,87731
9,195,19600,87731
9,196,19700,87731
9,197,19800,87731
9,198,19900,87731
9,199,20000,87731
9,200,20100,87736
9,201,20200,87736
9,202,20300,87736
9,203,20400,87736
9,204,20500,87736
9,205,20600,87742
9,206,20700,87742
9,207,20800,87742
9,208,20900,87743
9,209,21000,87743
9,210,21100,87743
9,211,21200,87743
9,212,21300,87743
9,213,21400,87743
9,214,21500,87743
9,215,21600,87743
9,216,21700,87743
9,217,21800,87743
9,218,21900,87743
9,219,22000,87743
9,220,22100,87767
9,221,22200,87767
9,222,22300,87767
9,223,22400,87767
9,224,22500,87768
9,225,22600,87768
9,226,22700,87768
9,227,22800,87768
9,228,22900,87770
9,229,23000,87770
9,230,23100,87773
9,231,23200,87773
9,232,23300,87773
9,233,23400,87773
9,234,23500,87773
9,235,23600,87773
9,236,23700,87773
9,237,23800,87776
9,238,23900,87776
9,239,24000,87777
9,240,24100,87784
9,241,24200,87784
9,242,24300,87784
9,243,24400,87784
9,244,24500,87789
9,245,24600,87789
9,246,24700,87789
9,247,24800,87789
9,248,24900,87795
9,249,25000,87817
9,250,25100,87817
9,251,25200,87817
9,252,25300,87817
9,253,25400,87817
9,254,25500,87827
9,255,25600,87827
9,256,25700,87829
9,257,25800,87829
9,258,25900,87829
9,259,26000,87829
9,260,26100,87829
9,261,26200,87829
9,262,26300,87829
9,263,26400,87829
9,264,26500,87829
9,265,26600,87836
9,266,26700,87836
9,267,26800,87836
9,268,26900,87836
9,269,27000,87836
9,270,27100,87836
9,271,27200,87836
9,272,27300,87836
9,273,27400,87849
9,274,27500,87849
9,275,27600,87849
9,276,27700,87898
9,277,27800,87906
9,278,27900,87906
9,279,28000,87906
9,280,28100,87906
9,281,28200,87908
9,282,28300,87918
9,283,28400,87918
9,284,28500,87918
9,285,28600,87918
9,286,28700,87918
9,287,28800,87918
9,288,28900,87918
9,289,29000,87918
9,290,29100,87918
9,291,29200,87918
9,292,29300,87918
9,293,29400,87918
9,294,29500,87918
9,295,29600,87918
9,296,29700,87918
9,297,29800,87918
9,298,29900,87919
9,299,30000,87919
9,300,30100,87919
9,301,30200,87919
9,302,30300,87923
9,303,30400,87923
9,304,30500,87923
9,305,30600,87923
9,306,30700,87923
9,307,30800,87923
9,308,30900,87923
9,309,31000,87927
9,310,31100,87927
9,311,31200,87927
9,312,31300,87927
9,313,31400,87934
9,314,31500,87934
9,315,31600,87934
9,316,31700,87934
9,317,31800,87941
9,318,31900,87941
9,319,32000,87941
9,320,32100,87941
9,321,32200,87954
9,322,32300,87954
9,323,32400,87954
9,324,32500,87954
9,325,32600,87954
9,326,32700,87954
9,327,32800,87954
9,328,32900,87954
9,329,33000,87954
9,330,33100,87954
9,331,33200,87954
9,332,33300,87954
9,333,33400,87954
9,334,33500,87954
9,335,33600,87954
9,336,33700,87954
9,337,33800,87954
9,338,33900,87954
9,339,34000,87954
9,340,34100,87954
9,341,34200,87954
9,342,34300,87954
9,343,34400,87954
9,344,34500,87954
9,345,34600,87963
9,346,34700,87963
9,347,34800,87963
9,348,34900,87963
9,349,35000,87963
9,350,35100,87963
9,351,35200,87963
9,352,35300,87963
9,353,35400,87965
9,354,35500,87965
9,355,35600,87965
9,356,35700,87965
9,357,35800,87965
9,358,35900,87965
9,359,36000,87965
9,360,36100,87965
9,361,36200,87965
9,362,36300,87965
9,363,36400,87965
9,364,36500,87965
9,365,36600,87965
9,366,36700,87965
9,367,36800,87965
9,368,36900,87965
9,369,37000,87965
9,370,37100,87965
9,371,37200,87965
9,372,37300,87965
9,373,37400,87965
9,374,37500,87965
9,375,37600,87970
9,376,37700,87970
9,377,37800,87970
9,378,37900,87970
9,379,38000,87970
9,380,38100,87970
9,381,38200,87970
9,382,38300,87977
9,383,38400,87977
9,384,38500,87977
9,385,38600,87977
9,386,38700,87977
9,387,38800,87977
9,388,38900,87977
9,389,39000,87977
9,390,39100,87977
9,391,39200,87977
9,392,39300,87977
9,393,39400,87977
9,394,39500,87977
9,395,39600,87977
9,396,39700,87977
9,397,39800,87977
9,398,39900,87977
9,399,40000,87977
9,400,40100,87977
9,401,40200,87977
9,402,40300,87977
9,403,40400,87977
9,404,40500,87977
9,405,40600,87977
9,406,40700,87977
9,407,40800,87977
9,408,40900,87977
9,409,41000,87977
9,410,41100,87977
9,411,41200,87977
9,412,41300,87977
9,413,41400,88018
9,414,41500,88018
9,415,41600,88018
9,416,41700,88018
9,417,41800,88018
9,418,41900,88018
9,419,42000,88028
9,420,42100,88028
9,421,42200,88028
9,422,42300,88028
9,423,42400,88028
9,424,42500,88028
9,425,42600,88028
9,426,42700,88028
9,427,42800,88028
9,428,42900,88028
9,429,43000,88028
9,430,43100,88028
9,431,43200,88028
9,432,43300,88028
9,433,43400,88028
9,434,43500,88028
9,435,43600,88028
9,436,43700,88028
9,437,43800,88028
9,438,43900,88028
9,439,44000,88028
9,440,44100,88028
9,441,44200,88028
9,442,44300,88028
9,443,44400,88028
9,444,44500,88028
9,445,44600,88028
9,446,44700,88028
9,447,44800,88028
9,448,44900,88028
9,449,45000,88028
9,450,45100,88028
9,451,45200,88028
9,452,45300,88028
9,453,45400,88028
9,454,45500,88028
9,455,45600,88028
9,456,45700,88028
9,457,45800,88028
9,458,45900,88028
9,459,46000,88028
9,460,46100,88028
9,461,46200,88028
9,462,46300,88028
9,463,46400,88028
9,464,46500,88028
9,465,46600,88028
9,466,46700,88028
9,467,46800,88028
9,468,46900,88028
9,469,47000,88028
9,470,47100,88028
9,471,47200,88028
9,472,47300,88028
9,473,47400,88028
9,474,47500,88028
9,475,47600,88028
9,476,47700,88028
9,477,47800,88028
9,478,47900,88028
9,479,48000,88028
9,480,48100,88028
9,481,48200,88028
9,482,48300,88028
9,483,48400,88028
9,484,48500,88028
9,485,48600,88028
9,486,48700,88028
9,487,48800,88028
9,488,48900,88028
9,489,49000,88028
9,490,49100,88028
9,491,49200,88028
9,492,49300,88028
9,493,49400,88028
9,494,49500,88028
9,495,49600,88028
9,496,49700,88028
9,497,49800,88028
9,498,49900,88028
9,499,50000,88028
9,500,50100,88028
9,501,50200,88028
9,502,50300,88028
9,503,50400,88028
9,504,50500,88028
9,505,50600,88028
9,506,50700,88028
9,507,50800,88028
9,508,50900,88028
9,509,51000,88028
9,510,51100,88028
9,511,51200,88028
9,512,51300,88028
9,513,51400,88028
9,514,51500,88028
9,515,51600,88028
9,516,51700,88028
9,517,51800,88028
9,518,51900,88028
9,519,52000,88028
9,520,52100,88028
9,521,52200,88028
9,522,52300,88028
9,523,52400,88028
9,524,52500,88028
9,525,52600,88028
9,526,52700,88028
9,527,52800,88028
9,528,52900,88028
9,529,53000,88028
9,530,53100,88028
9,531,53200,88028
9,532,53300,88028
9,533,53400,88028
9,534,53500,88028
9,535,53600,88028
9,536,53700,88028
9,537,53800,88028
9,538,53900,88028
9,539,54000,88028
9,540,54100,88028
9,541,54200,88028
9,542,54300,88028
9,543,54400,88028
9,544,54500,88028
9,545,54600,88028
9,546,54700,88028
9,547,54800,88028
9,548,54900,88028
9,549,55000,88028
9,550,55100,88028
9,551,55200,88028
9,552,55300,88028
9,553,55400,88028
9,554,55500,88028
9,555,55600,88028
9,556,55700,88028
9,557,55800,88028
9,558,55900,88028
9,559,56000,88037
9,560,56100,88037
9,561,56200,88037
9,562,56300,88037
9,563,56400,88037
9,564,56500,88037
9,565,56600,88037
9,566,56700,88037
9,567,56800,88037
9,568,56900,88037
9,569,57000,88037
9,570,57100,88037
9,571,57200,88037
9,572,57300,88037
9,573,57400,88037
9,574,57500,88037
9,575,57600,88037
9,576,57700,88037
9,577,57800,88037
9,578,57900,88037
9,579,58000,88037
9,580,58100,88037
9,581,58200,88037
9,582,58300,88037
9,583,58400,88037
9,584,58500,88037
9,585,58600,88037
9,586,58700,88037
9,587,58800,88037
9,588,58900,88037
9,589,59000,88037
9,590,59100,88037
9,591,59200,88037
9,592,59300,88037
9,593,59400,88037
9,594,59500,88037
9,595,59600,88037
9,596,59700,88037
9,597,59800,88037
9,598,59900,88037
9,599,60000,88037
9,600,60100,88037
9,601,60200,88037
9,602,60300,88037
9,603,60400,88037
9,604,60500,88037
9,605,60600,88037
9,606,60700,88037
9,607,60800,88037
9,608,60900,88037
9,609,61000,88037
9,610,61100,88037
9,611,61200,88037
9,612,61300,88037
9,613,61400,88037
9,614,61500,88037
9,615,61600,88037
9,616,61700,88037
9,617,61800,88037
9,618,61900,88037
9,619,62000,88037
9,620,62100,88037
9,621,62200,88037
9,622,62300,88037
9,623,62400,88037
9,624,62500,88037
9,625,62600,88037
9,626,62700,88037
9,627,62800,88037
9,628,62900,88037
9,629,63000,88037
9,630,63100,88037
9,631,63200,88037
9,632,63300,88037
9,633,63400,88037
9,634,63500,88037
9,635,63600,88037
9,636,63700,88037
9,637,63800,88037
9,638,63900,88037
9,639,64000,88037
9,640,64100,88037
9,641,64200,88037
9,642,64300,88037
9,643,64400,88037
9,644,64500,88037
9,645,64600,88037
9,646,64700,88037
9,647,64800,88037
9,648,64900,88037
9,649,65000,88037
9,650,65100,88037
9,651,65200,88037
9,652,65300,88037
9,653,65400,88037
9,654,65500,88037
9,655,65600,88037
9,656,65700,88037
9,657,65800,88037
9,658,65900,88037
9,659,66000,88037
9,660,66100,88037
9,661,66200,88037
9,662,66300,88037
9,663,66400,88037
9,664,66500,88037
9,665,66600,88037
9,666,66700,88037
9,667,66800,88037
9,668,66900,88037
9,669,67000,88037
9,670,67100,88037
9,671,67200,88037
9,672,67300,88037
9,673,67400,88037
9,674,67500,88037
9,675,67600,88037
9,676,67700,88037
9,677,67800,88037
9,678,67900,88037
9,679,68000,88037
9,680,68100,88037
9,681,68200,88037
9,682,68300,88037
9,683,68400,88037
9,684,68500,88037
9,685,68600,88037
9,686,68700,88037
9,687,68800,88037
9,688,68900,88037
9,689,69000,88037
9,690,69100,88037
9,691,69200,88037
9,692,69300,88037
9,693,69400,88037
9,694,69500,88037
9,695,69600,88037
9,696,69700,88037
9,697,69800,88037
9,698,69900,88037
9,699,70000,88037
9,700,70100,88037
9,701,70200,88037
9,702,70300,88037
9,703,70400,88037
9,704,70500,88037
9,705,70600,88037
9,706,70700,88037
9,707,70800,88037
9,708,70900,88037
9,709,71000,88037
9,710,71100,88037
9,711,71200,88037
9,712,71300,88037
9,713,71400,88037
9,714,71500,88037
9,715,71600,88037
9,716,71700,88037
9,717,71800,88037
9,718,71900,88037
9,719,72000,88037
9,720,72100,88037
9,721,72200,88037
9,722,72300,88037
9,723,72400,88037
9,724,72500,88037
9,725,72600,88037
9,726,72700,88037
9,727,72800,88037
9,728,72900,88037
9,729,73000,88037
9,730,73100,88037
9,731,73200,88037
9,732,73300,88037
9,733,73400,88037
9,734,73500,88037
9,735,73600,88037
9,736,73700,88037
9,737,73800,88037
9,738,73900,88037
9,739,74000,88037
9,740,74100,88037
9,741,74200,88037
9,742,74300,88037
9,743,74400,88037
9,744,74500,88037
9,745,74600,88037
9,746,74700,88037
9,747,74800,88037
9,748,74900,88037
9,749,75000,88037
9,750,75100,88037
9,751,75200,88037
9,752,75300,88037
9,753,75400,88037
9,754,75500,88037
9,755,75600,88037
9,756,75700,88037
9,757,75800,88037
9,758,75900,88037
9,759,76000,88037
9,760,76100,88037
9,761,76200,88037
9,762,76300,88037
9,763,76400,88037
9,764,76500,88037
9,765,76600,88037
9,766,76700,88037
9,767,76800,88037
9,768,76900,88037
9,769,77000,88037
9,770,77100,88037
9,771,77200,88037
9,772,77300,88037
9,773,77400,88037
9,774,77500,88037
9,775,77600,88037
9,776,77700,88037
9,777,77800,88037
9,778,77900,88037
9,779,78000,88037
9,780,78100,88037
9,781,78200,88037
9,782,78300,88037
9,783,78400,88037
9,784,78500,88037
9,785,78600,88037
9,786,78700,88037
9,787,78800,88037
9,788,78900,88037
9,789,79000,88037
9,790,79100,88037
9,791,79200,88037
9,792,79300,88037
9,793,79400,88037
9,794,79500,88037
9,795,79600,88037
9,796,79700,88037
9,797,79800,88037
9,798,79900,88037
9,799,80000,88037
9,800,80100,88037
9,801,80200,88057
9,802,80300,88057
9,803,80400,88057
9,804,80500,88057
9,805,80600,88057
9,806,80700,88057
9,807,80800,88057
9,808,80900,88057
9,809,81000,88057
9,810,81100,88057
9,811,81200,88057
9,812,81300,88057
9,813,81400,88057
9,814,81500,88057
9,815,81600,88057
9,816,81700,88057
9,817,81800,88057
9,818,81900,88057
9,819,82000,88057
9,820,82100,88057
9,821,82200,88057
9,822,82300,88057
9,823,82400,88057
9,824,82500,88057
9,825,82600,88057
9,826,82700,88057
9,827,82800,88057
9,828,82900,88057
9,829,83000,88057
9,830,83100,88057
9,831,83200,88057
9,832,83300,88057
9,833,83400,88057
9,834,83500,88057
9,835,83600,88057
9,836,83700,88057
9,837,83800,88057
9,838,83900,88057
9,839,84000,88057
9,840,84100,88057
9,841,84200,88057
9,842,84300,88057
9,843,84400,88057
9,844,84500,88057
9,845,84600,88057
9,846,84700,88057
9,847,84800,88057
9,848,84900,88057
9,849,85000,88057
9,850,85100,88057
9,851,85200,88057
9,852,85300,88057
9,853,85400,88057
9,854,85500,88057
9,855,85600,88057
9,856,85700,88057
9,857,85800,88057
9,858,85900,88057
9,859,86000,88057
9,860,86100,88057
9,861,86200,88057
9,862,86300,88057
9,863,86400,88057
9,864,86500,88057
9,865,86600,88057
9,866,86700,88057
9,867,86800,88057
9,868,86900,88057
9,869,87000,88057
9,870,87100,88057
9,871,87200,88057
9,872,87300,88057
9,873,87400,88057
9,874,87500,88057
9,875,87600,88057
9,876,87700,88057
9,877,87800,88057
9,878,87900,88057
9,879,88000,88057
9,880,88100,88057
9,881,88200,88057
9,882,88300,88057
9,883,88400,88057
9,884,88500,88057
9,885,88600,88057
9,886,88700,88057
9,887,88800,88057
9,888,88900,88057
9,889,89000,88057
9,890,89100,88057
9,891,89200,88057
9,892,89300,88057
9,893,89400,88057
9,894,89500,88057
9,895,89600,88057
9,896,89700,88057
9,897,89800,88057
9,898,89900,88057
9,899,90000,88057
9,900,90100,88057
9,901,90200,88057
9,902,90300,88057
9,903,90400,88057
9,904,90500,88057
9,905,90600,88057
9,906,90700,88057
9,907,90800,88057
9,908,90900,88057
9,909,91000,88057
9,910,91100,88057
9,911,91200,88057
9,912,91300,88057
9,913,91400,88057
9,914,91500,88057
9,915,91600,88057
9,916,91700,88057
9,917,91800,88057
9,918,91900,88057
9,919,92000,88057
9,920,92100,88057
9,921,92200,88057
9,922,92300,88057
9,923,92400,88057
9,924,92500,88057
9,925,92600,88057
9,926,92700,88057
9,927,92800,88057
9,928,92900,88057
9,929,93000,88057
9,930,93100,88057
9,931,93200,88057
9,932,93300,88057
9,933,93400,88057
9,934,93500,88057
9,935,93600,88057
9,936,93700,88057
9,937,93800,88057
9,938,93900,88057
9,939,94000,88057
9,940,94100,88057
9,941,94200,88057
9,942,94300,88057
9,943,94400,88057
9,944,94500,88057
9,945,94600,88057
9,946,94700,88057
9,947,94800,88057
9,948,94900,88057
9,949,95000,88057
9,950,95100,88057
9,951,95200,88057
9,952,95300,88057
9,953,95400,88057
9,954,95500,88057
9,955,95600,88057
9,956,95700,88057
9,957,95800,88057
9,958,95900,88057
9,959,96000,88057
9,960,96100,88057
9,961,96200,88057
9,962,96300,88057
9,963,96400,88057
9,964,96500,88057
9,965,96600,88057
9,966,96700,88057
9,967,96800,88057
9,968,96900,88057
9,969,97000,88057
9,970,97100,88057
9,971,97200,88057
9,972,97300,88057
9,973,97400,88057
9,974,97500,88057
9,975,97600,88057
9,976,97700,88057
9,977,97800,88057
9,978,97900,88057
9,979,98000,88057
9,980,98100,88057
9,981,98200,88057
9,982,98300,88057
9,983,98400,88057
9,984,98500,88057
9,985,98600,88057
9,986,98700,88057
9,987,98800,88057
9,988,98900,88057
9,989,99000,88057
9,990,99100,88057
9,991,99200,88057
9,992,99300,88057
9,993,99400,88057
9,994,99500,88057
9,995,99600,88057
9,996,99700,88057
9,997,99800,88057
9,998,99900,88057
9,999,100000,88057
10,0,100,72009
10,1,200,77081
10,2,300,77081
10,3,400,77945
10,4,500,79544
10,5,600,79947
10,6,700,79947
10,7,800,80462
10,8,900,80784
10,9,1000,81336
10,10,1100,82056
10,11,1200,82099
10,12,1300,82495
10,13,1400,82495
10,14,1500,82495
10,15,1600,82851
10,16,1700,82939
10,17,1800,82993
10,18,1900,83446
10,19,2000,83446
10,20,2100,83464
10,21,2200,83626
10,22,2300,83648
10,23,2400,83755
10,24,2500,83755
10,25,2600,83999
10,26,2700,84002
10,27,2800,84037
10,28,2900,84226
10,29,3000,84270
10,30,3100,84276
10,31,3200,84328
10,32,3300,84328
10,33,3400,84338
10,34,3500,84343
10,35,3600,84345
10,36,3700,84677
10,37,3800,84695
10,38,3900,84695
10,39,4000,84826
10,40,4100,85184
10,41,4200,85237
10,42,4300,85291
10,43,4400,85383
10,44,4500,85434
10,45,4600,85585
10,46,4700,85603
10,47,4800,85688
10,48,4900,85771
10,49,5000,85783
10,50,5100,85793
10,51,5200,85797
10,52,5300,85797
10,53,5400,85797
10,54,5500,85797
10,55,5600,85825
10,56,5700,85825
10,57,5800,85825
10,58,5900,85834
10,59,6000,85850
10,60,6100,85850
10,61,6200,85864
10,62,6300,85992
10,63,6400,85998
10,64,6500,86020
10,65,6600,86020
10,66,6700,86030
10,67,6800,86053
10,68,6900,86060
10,69,7000,86060
10,70,7100,86062
10,71,7200,86074
10,72,7300,86074
10,73,7400,86084
10,74,7500,86084
10,75,7600,86084
10,76,7700,86084
10,77,7800,86122
10,78,7900,86128
10,79,8000,86137
10,80,8100,86137
10,81,8200,86137
10,82,8300,86137
10,83,8400,86137
10,84,8500,86146
10,85,8600,86146
10,86,8700,86208
10,87,8800,86212
10,88,8900,86226
10,89,9000,86227
10,90,9100,86227
10,91,9200,86283
10,92,9300,86283
10,93,9400,86283
10,94,9500,86293
10,95,9600,86293
10,96,9700,86293
10,97,9800,86297
10,98,9900,86297
10,99,10000,86301
10,100,10100,86301
10,101,10200,86301
10,102,10300,86303
10,103,10400,86476
10,104,10500,86476
10,105,10600,86481
10,106,10700,86481
10,107,10800,86487
10,108,10900,86487
10,109,11000,86487
10,110,11100,86487
10,111,11200,86487
10,112,11300,86497
10,113,11400,86612
10,114,11500,86622
10,115,11600,86630
10,116,11700,86630
10,117,11800,86681
10,118,11900,86681
10,119,12000,86681
10,120,12100,86681
10,121,12200,86694
10,122,12300,86803
10,123,12400,86803
10,124,12500,86844
10,125,12600,86874
10,126,12700,86883
10,127,12800,86943
10,128,12900,86975
10,129,13000,86975
10,130,13100,87012
10,131,13200,87012
10,132,13300,87012
10,133,13400,87015
10,134,13500,87015
10,135,13600,87015
10,136,13700,87015
10,137,13800,87015
10,138,13900,87015
10,139,14000,87015
10,140,14100,87015
10,141,14200,87015
10,142,14300,87015
10,143,14400,87015
10,144,14500,87015
10,145,14600,87015
10,146,14700,87018
10,147,14800,87018
10,148,14900,87018
10,149,15000,87018
10,150,15100,87018
10,151,15200,87018
10,152,15300,87018
10,153,15400,87083
10,154,15500,87083
10,155,15600,87083
10,156,15700,87093
10,157,15800,87093
10,158,15900,87093
10,159,16000,87093
10,160,16100,87093
10,161,16200,87093
10,162,16300,87093
10,163,16400,87093
10,164,16500,87093
10,165,16600,87099
10,166,16700,87099
10,167,16800,87102
10,168,16900,87102
10,169,17000,87102
10,170,17100,87155
10,171,17200,87175
10,172,17300,87175
10,173,17400,87175
10,174,17500,87208
10,175,17600,87236
10,176,17700,87245
10,177,17800,87245
10,178,17900,87251
10,179,18000,87255
10,180,18100,87255
10,181,18200,87255
10,182,18300,87255
10,183,18400,87255
10,184,18500,87255
10,185,18600,87255
10,186,18700,87256
10,187,18800,87256
10,188,18900,87256
10,189,19000,87256
10,190,19100,87266
10,191,19200,87266
10,192,19300,87266
10,193,19400,87266
10,194,19500,87266
10,195,19600,87266
10,196,19700,87266
10,197,19800,87266
10,198,19900,87266
10,199,20000,87266
10,200,20100,87266
10,201,20200,87266
10,202,20300,87266
10,203,20400,87266
10,204,20500,87266
10,205,20600,87266
10,206,20700,87266
10,207,20800,87266
10,208,20900,87266
10,209,21000,87266
10,210,21100,87266
10,211,21200,87266
10,212,21300,87309
10,213,21400,87309
10,214,21500,87309
10,215,21600,87309
10,216,21700,87309
10,217,21800,87309
10,218,21900,87309
10,219,22000,87313
10,220,22100,87313
10,221,22200,87313
10,222,22300,87313
10,223,22400,87313
10,224,22500,87313
10,225,22600,87313
10,226,22700,87313
10,227,22800,87313
10,228,22900,87313
10,229,23000,87313
10,230,23100,87313
10,231,23200,87313
10,232,23300,87313
10,233,23400,87313
10,234,23500,87313
10,235,23600,87313
10,236,23700,87313
10,237,23800,87313
10,238,23900,87313
10,239,24000,87313
10,240,24100,87313
10,241,24200,87313
10,242,24300,87313
10,243,24400,87313
10,244,24500,87322
10,245,24600,87322
10,246,24700,87322
10,247,24800,87353
10,248,24900,87353
10,249,25000,87353
10,250,25100,87353
10,251,25200,87356
10,252,25300,87356
10,253,25400,87436
10,254,25500,87436
10,255,25600,87441
10,256,25700,87444
10,257,25800,87444
10,258,25900,87446
10,259,26000,87446
10,260,26100,87446
10,261,26200,87446
10,262,26300,87446
10,263,26400,87446
10,264,26500,87446
10,265,26600,87446
10,266,26700,87453
10,267,26800,87453
10,268,26900,87453
10,269,27000,87453
10,270,27100,87453
10,271,27200,87462
10,272,27300,87499
10,273,27400,87499
10,274,27500,87499
10,275,27600,87499
10,276,27700,87499
10,277,27800,87499
10,278,27900,87499
10,279,28000,87499
10,280,28100,87499
10,281,28200,87499
10,282,28300,87499
10,283,28400,87499
10,284,28500,87499
10,285,28600,87499
10,286,28700,87499
10,287,28800,87499
10,288,28900,87499
10,289,29000,87499
10,290,29100,87499
10,291,29200,87499
10,292,29300,87499
10,293,29400,87520
10,294,29500,87520
10,295,29600,87520
10,296,29700,87520
10,297,29800,87520
10,298,29900,87520
10,299,30000,87520
10,300,30100,87520
10,301,30200,87520
10,302,30300,87520
10,303,30400,87553
10,304,30500,87553
10,305,30600,87553
10,306,30700,87553
10,307,30800,87553
10,308,30900,87561
10,309,31000,87561
10,310,31100,87561
10,311,31200,87561
10,312,31300,87561
10,313,31400,87561
10,314,31500,87563
10,315,31600,87563
10,316,31700,87563
10,317,31800,87564
10,318,31900,87566
10,319,32000,87568
10,320,32100,87568
10,321,32200,87568
10,322,32300,87568
10,323,32400,87568
10,324,32500,87568
10,325,32600,87578
10,326,32700,87578
10,327,32800,87578
10,328,32900,87578
10,329,33000,87581
10,330,33100,87589
10,331,33200,87589
10,332,33300,87599
10,333,33400,87599
10,334,33500,87599
10,335,33600,87599
10,336,33700,87604
10,337,33800,87623
10,338,33900,87628
10,339,34000,87628
10,340,34100,87628
10,341,34200,87636
10,342,34300,87638
10,343,34400,87638
10,344,34500,87642
10,345,34600,87642
10,346,34700,87642
10,347,34800,87647
10,348,34900,87647
10,349,35000,87647
10,350,35100,87647
10,351,35200,87647
10,352,35300,87647
10,353,35400,87647
10,354,35500,87647
10,355,35600,87647
10,356,35700,87647
10,357,35800,87647
10,358,35900,87647
10,359,36000,87647
10,360,36100,87647
10,361,36200,87655
10,362,36300,87656
10,363,36400,87675
10,364,36500,87682
10,365,36600,87685
10,366,36700,87685
10,367,36800,87693
10,368,36900,87693
10,369,37000,87693
10,370,37100,87693
10,371,37200,87698
10,372,37300,87698
10,373,37400,87698
10,374,37500,87698
10,375,37600,87698
10,376,37700,87698
10,377,37800,87698
10,378,37900,87698
10,379,38000,87698
10,380,38100,87698
10,381,38200,87698
10,382,38300,87698
10,383,38400,87698
10,384,38500,87698
10,385,38600,87698
10,386,38700,87698
10,387,38800,87700
10,388,38900,87700
10,389,39000,87700
10,390,39100,87700
10,391,39200,87700
10,392,39300,87700
10,393,39400,87700
10,394,39500,87700
10,395,39600,87700
10,396,39700,87700
10,397,39800,87700
10,398,39900,87700
10,399,40000,87700
10,400,40100,87700
10,401,40200,87700
10,402,40300,87700
10,403,40400,87700
10,404,40500,87700
10,405,40600,87700
10,406,40700,87700
10,407,40800,87700
10,408,40900,87700
10,409,41000,87700
10,410,41100,87700
10,411,41200,87700
10,412,41300,87700
10,413,41400,87700
10,414,41500,87700
10,415,41600,87700
10,416,41700,87700
10,417,41800,87700
10,418,41900,87712
10,419,42000,87712
10,420,42100,87712
10,421,42200,87712
10,422,42300,87731
10,423,42400,87731
10,424,42500,87731
10,425,42600,87731
10,426,42700,87731
10,427,42800,87731
10,428,42900,87731
10,429,43000,87731
10,430,43100,87731
10,431,43200,87731
10,432,43300,87731
10,433,43400,87731
10,434,43500,87731
10,435,43600,87731
10,436,43700,87731
10,437,43800,87731
10,438,43900,87731
10,439,44000,87731
10,440,44100,87731
10,441,44200,87731
10,442,44300,87731
10,443,44400,87731
10,444,44500,87731
10,445,44600,87731
10,446,44700,87731
10,447,44800,87731
10,448,44900,87731
10,449,45000,87731
10,450,45100,87731
10,451,45200,87731
10,452,45300,87731
10,453,45400,87731
10,454,45500,87743
10,455,45600,87743
10,456,45700,87743
10,457,45800,87743
10,458,45900,87743
10,459,46000,87743
10,460,46100,87743
10,461,46200,87743
10,462,46300,87743
10,463,46400,87743
10,464,46500,87767
10,465,46600,87780
10,466,46700,87780
10,467,46800,87780
10,468,46900,87780
10,469,47000,87780
10,470,47100,87780
10,471,47200,87780
10,472,47300,87780
10,473,47400,87780
10,474,47500,87780
10,475,47600,87780
10,476,47700,87780
10,477,47800,87780
10,478,47900,87780
10,479,48000,87780
10,480,48100,87780
10,481,48200,87780
10,482,48300,87780
10,483,48400,87780
10,484,48500,87780
10,485,48600,87780
10,486,48700,87780
10,487,48800,87780
10,488,48900,87780
10,489,49000,87780
10,490,49100,87780
10,491,49200,87780
10,492,49300,87780
10,493,49400,87780
10,494,49500,87783
10,495,49600,87783
10,496,49700,87783
10,497,49800,87783
10,498,49900,87783
10,499,50000,87784
10,500,50100,87784
10,501,50200,87784
10,502,50300,87784
10,503,50400,87784
10,504,50500,87784
10,505,50600,87784
10,506,50700,87784
10,507,50800,87784
10,508,50900,87784
10,509,51000,87784
10,510,51100,87784
10,511,51200,87784
10,512,51300,87784
10,513,51400,87784
10,514,51500,87784
10,515,51600,87784
10,516,51700,87784
10,517,51800,87784
10,518,51900,87784
10,519,52000,87784
10,520,52100,87784
10,521,52200,87784
10,522,52300,87784
10,523,52400,87784
10,524,52500,87784
10,525,52600,87819
10,526,52700,87819
10,527,52800,87819
10,528,52900,87819
10,529,53000,87819
10,530,53100,87819
10,531,53200,87819
10,532,53300,87819
10,533,53400,87819
10,534,53500,87819
10,535,53600,87819
10,536,53700,87819
10,537,53800,87819
10,538,53900,87819
10,539,54000,87819
10,540,54100,87819
10,541,54200,87819
10,542,54300,87819
10,543,54400,87819
10,544,54500,87819
10,545,54600,87819
10,546,54700,87819
10,547,54800,87819
10,548,54900,87819
10,549,55000,87819
10,550,55100,87819
10,551,55200,87819
10,552,55300,87819
10,553,55400,87819
10,554,55500,87819
10,555,55600,87819
10,556,55700,87819
10,557,55800,87819
10,558,55900,87819
10,559,56000,87819
10,560,56100,87819
10,561,56200,87819
10,562,56300,87819
10,563,56400,87819
10,564,56500,87819
10,565,56600,87819
10,566,56700,87819
10,567,56800,87819
10,568,56900,87819
10,569,57000,87819
10,570,57100,87819
10,571,57200,87819
10,572,57300,87819
10,573,57400,87819
10,574,57500,87819
10,575,57600,87819
10,576,57700,87819
10,577,57800,87819
10,578,57900,87819
10,579,58000,87819
10,580,58100,87819
10,581,58200,87819
10,582,58300,87837
10,583,58400,87837
10,584,58500,87843
10,585,58600,87843
10,586,58700,87843
10,587,58800,87856
10,588,58900,87859
10,589,59000,87859
10,590,59100,87860
10,591,59200,87862
10,592,59300,87866
10,593,59400,87867
10,594,59500,87867
10,595,59600,87867
10,596,59700,87867
10,597,59800,87867
10,598,59900,87867
10,599,60000,87867
10,600,60100,87867
10,601,60200,87867
10,602,60300,87867
10,603,60400,87867
10,604,60500,87867
10,605,60600,87867
10,606,60700,87867
10,607,60800,87867
10,608,60900,87867
10,609,61000,87867
10,610,61100,87867
10,611,61200,87867
10,612,61300,87867
10,613,61400,87867
10,614,61500,87867
10,615,61600,87867
10,616,61700,87867
10,617,61800,87867
10,618,61900,87867
10,619,62000,87867
10,620,62100,87867
10,621,62200,87867
10,622,62300,87867
10,623,62400,87867
10,624,62500,87867
10,625,62600,87867
10,626,62700,87867
10,627,62800,87867
10,628,62900,87867
10,629,63000,87867
10,630,63100,87867
10,631,63200,87867
10,632,63300,87867
10,633,63400,87867
10,634,63500,87867
10,635,63600,87867
10,636,63700,87867
10,637,63800,87867
10,638,63900,87867
10,639,64000,87867
10,640,64100,87867
10,641,64200,87867
10,642,64300,87867
10,643,64400,87867
10,644,64500,87867
10,645,64600,87867
10,646,64700,87867
10,647,64800,87867
10,648,64900,87867
10,649,65000,87867
10,650,65100,87867
10,651,65200,87867
10,652,65300,87867
10,653,65400,87867
10,654,65500,87867
10,655,65600,87867
10,656,65700,87867
10,657,65800,87867
10,658,65900,87867
10,659,66000,87867
10,660,66100,87867
10,661,66200,87867
10,662,66300,87867
10,663,66400,87867
10,664,66500,87867
10,665,66600,87867
10,666,66700,87867
10,667,66800,87867
10,668,66900,87867
10,669,67000,87867
10,670,67100,87867
10,671,67200,87867
10,672,67300,87867
10,673,67400,87867
10,674,67500,87867
10,675,67600,87867
10,676,67700,87867
10,677,67800,87867
10,678,67900,87867
10,679,68000,87867
10,680,68100,87867
10,681,68200,87867
10,682,68300,87867
10,683,68400,87867
10,684,68500,87867
10,685,68600,87867
10,686,68700,87867
10,687,68800,87867
10,688,68900,87867
10,689,69000,87867
10,690,69100,87867
10,691,69200,87867
10,692,69300,87867
10,693,69400,87867
10,694,69500,87867
10,695,69600,87867
10,696,69700,87867
10,697,69800,87867
10,698,69900,87867
10,699,70000,87867
10,700,70100,87867
10,701,70200,87867
10,702,70300,87867
10,703,70400,87867
10,704,70500,87867
10,705,70600,87867
10,706,70700,87867
10,707,70800,87867
10,708,70900,87867
10,709,71000,87867
10,710,71100,87867
10,711,71200,87867
10,712,71300,87867
10,713,71400,87867
10,714,71500,87867
10,715,71600,87867
10,716,71700,87867
10,717,71800,87867
10,718,71900,87867
10,719,72000,87867
10,720,72100,87867
10,721,72200,87867
10,722,72300,87867
10,723,72400,87867
10,724,72500,87867
10,725,72600,87867
10,726,72700,87867
10,727,72800,87867
10,728,72900,87867
10,729,73000,87867
10,730,73100,87867
10,731,73200,87867
10,732,73300,87867
10,733,73400,87867
10,734,73500,87867
10,735,73600,87867
10,736,73700,87867
10,737,73800,87867
10,738,73900,87867
10,739,74000,87867
10,740,74100,87867
10,741,74200,87867
10,742,74300,87867
10,743,74400,87867
10,744,74500,87867
10,745,74600,87867
10,746,74700,87867
10,747,74800,87867
10,748,74900,87867
10,749,75000,87867
10,750,75100,87867
10,751,75200,87867
10,752,75300,87867
10,753,75400,87867
10,754,75500,87867
10,755,75600,87867
10,756,75700,87867
10,757,75800,87867
10,758,75900,87867
10,759,76000,87867
10,760,76100,87867
10,761,76200,87867
10,762,76300,87867
10,763,76400,87867
10,764,76500,87867
10,765,76600,87867
10,766,76700,87867
10,767,76800,87867
10,768,76900,87867
10,769,77000,87867
10,770,77100,87867
10,771,77200,87867
10,772,77300,87867
10,773,77400,87867
10,774,77500,87867
10,775,77600,87867
10,776,77700,87867
10,777,77800,87867
10,778,77900,87867
10,779,78000,87867
10,780,78100,87867
10,781,78200,87867
10,782,78300,87867
10,783,78400,87867
10,784,78500,87867
10,785,78600,87867
10,786,78700,87867
10,787,78800,87867
10,788,78900,87867
10,789,79000,87867
10,790,79100,87867
10,791,79200,87867
10,792,79300,87867
10,793,79400,87867
10,794,79500,87867
10,795,79600,87867
10,796,79700,87867
10,797,79800,87867
10,798,79900,87867
10,799,80000,87867
10,800,80100,87867
10,801,80200,87867
10,802,80300,87867
10,803,80400,87867
10,804,80500,87867
10,805,80600,87867
10,806,80700,87867
10,807,80800,87867
10,808,80900,87867
10,809,81000,87867
10,810,81100,87867
10,811,81200,87867
10,812,81300,87867
10,813,81400,87867
10,814,81500,87867
10,815,81600,87867
10,816,81700,87867
10,817,81800,87867
10,818,81900,87867
10,819,82000,87867
10,820,82100,87867
10,821,82200,87867
10,822,82300,87867
10,823,82400,87867
10,824,82500,87867
10,825,82600,87867
10,826,82700,87867
10,827,82800,87867
10,828,82900,87867
10,829,83000,87867
10,830,83100,87867
10,831,83200,87867
10,832,83300,87867
10,833,83400,87867
10,834,83500,87867
10,835,83600,87867
10,836,83700,87867
10,837,83800,87867
10,838,83900,87867
10,839,84000,87867
10,840,84100,87867
10,841,84200,87867
10,842,84300,87867
10,843,84400,87867
10,844,84500,87867
10,845,84600,87867
10,846,84700,87867
10,847,84800,87867
10,848,84900,87867
10,849,85000,87867
10,850,85100,87867
10,851,85200,87867
10,852,85300,87867
10,853,85400,87867
10,854,85500,87867
10,855,85600,87867
10,856,85700,87867
10,857,85800,87867
10,858,85900,87867
10,859,86000,87867
10,860,86100,87867
10,861,86200,87867
10,862,86300,87867
10,863,86400,87867
10,864,86500,87867
10,865,86600,87867
10,866,86700,87867
10,867,86800,87867
10,868,86900,87867
10,869,87000,87867
10,870,87100,87867
10,871,87200,87867
10,872,87300,87869
10,873,87400,87869
10,874,87500,87869
10,875,87600,87872
10,876,87700,87874
10,877,87800,87874
10,878,87900,87874
10,879,88000,87877
10,880,88100,87877
10,881,88200,87877
10,882,88300,87877
10,883,88400,87877
10,884,88500,87877
10,885,88600,87877
10,886,88700,87877
10,887,88800,87877
10,888,88900,87877
10,889,89000,87877
10,890,89100,87877
10,891,89200,87877
10,892,89300,87877
10,893,89400,87877
10,894,89500,87877
10,895,89600,87877
10,896,89700,87877
10,897,89800,87877
10,898,89900,87877
10,899,90000,87877
10,900,90100,87877
10,901,90200,87877
10,902,90300,87877
10,903,90400,87877
10,904,90500,87877
10,905,90600,87877
10,906,90700,87877
10,907,90800,87877
10,908,90900,87877
10,909,91000,87877
10,910,91100,87877
10,911,91200,87877
10,912,91300,87877
10,913,91400,87877
10,914,91500,87877
10,915,91600,87877
10,916,91700,87877
10,917,91800,87877
10,918,91900,87877
10,919,92000,87877
10,920,92100,87877
10,921,92200,87877
10,922,92300,87877
10,923,92400,87877
10,924,92500,87877
10,925,92600,87877
10,926,92700,87877
10,927,92800,87877
10,928,92900,87877
10,929,93000,87877
10,930,93100,87877
10,931,93200,87877
10,932,93300,87877
10,933,93400,87877
10,934,93500,87877
10,935,93600,87877
10,936,93700,87877
10,937,93800,87877
10,938,93900,87877
10,939,94000,87877
10,940,94100,87877
10,941,94200,87877
10,942,94300,87877
10,943,94400,87877
10,944,94500,87877
10,945,94600,87877
10,946,94700,87877
10,947,94800,87877
10,948,94900,87877
10,949,95000,87877
10,950,95100,87877
10,951,95200,87877
10,952,95300,87877
10,953,95400,87877
10,954,95500,87877
10,955,95600,87877
10,956,95700,87877
10,957,95800,87877
10,958,95900,87877
10,959,96000,87877
10,960,96100,87877
10,961,96200,87877
10,962,96300,87877
10,963,96400,87877
10,964,96500,87877
10,965,96600,87877
10,966,96700,87877
10,967,96800,87877
10,968,96900,87877
10,969,97000,87877
10,970,97100,87877
10,971,97200,87877
10,972,97300,87877
10,973,97400,87877
10,974,97500,87877
10,975,97600,87877
10,976,97700,87877
10,977,97800,87877
10,978,97900,87877
10,979,98000,87877
10,980,98100,87877
10,981,98200,87877
10,982,98300,87877
10,983,98400,87877
10,984,98500,87877
10,985,98600,87877
10,986,98700,87877
10,987,98800,87877
10,988,98900,87877
10,989,99000,87877
10,990,99100,87880
10,991,99200,87880
10,992,99300,87880
10,993,99400,87881
10,994,99500,87881
10,995,99600,87884
10,996,99700,87895
10,997,99800,87895
10,998,99900,87898
10,999,100000,87912
11,0,100,71617
11,1,200,75380
11,2,300,76479
11,3,400,78288
11,4,500,78514
11,5,600,80242
11,6,700,80889
11,7,800,81472
11,8,900,81472
11,9,1000,81981
11,10,1100,82140
11,11,1200,82485
11,12,1300,83449
11,13,1400,83495
11,14,1500,84074
11,15,1600,84074
11,16,1700,84082
11,17,1800,84410
11,18,1900,84421
11,19,2000,84458
11,20,2100,84477
11,21,2200,84482
11,22,2300,84501
11,23,2400,84552
11,24,2500,84769
11,25,2600,84769
11,26,2700,84769
11,27,2800,84908
11,28,2900,84908
11,29,3000,84922
11,30,3100,84940
11,31,3200,84950
11,32,3300,84988
11,33,3400,84988
11,34,3500,85000
11,35,3600,85012
11,36,3700,85025
11,37,3800,85025
11,38,3900,85028
11,39,4000,85031
11,40,4100,85031
11,41,4200,85038
11,42,4300,85174
11,43,4400,85180
11,44,4500,85303
11,45,4600,85303
11,46,4700,85303
11,47,4800,85310
11,48,4900,85380
11,49,5000,85380
11,50,5100,85380
11,51,5200,85399
11,52,5300,85472
11,53,5400,85472
11,54,5500,85476
11,55,5600,85995
11,56,5700,85999
11,57,5800,86006
11,58,5900,86085
11,59,6000,86085
11,60,6100,86087
11,61,6200,86087
11,62,6300,86176
11,63,6400,86176
11,64,6500,86187
11,65,6600,86187
11,66,6700,86187
11,67,6800,86194
11,68,6900,86196
11,69,7000,86196
11,70,7100,86236
11,71,7200,86274
11,72,7300,86274
11,73,7400,86287
11,74,7500,86320
11,75,7600,86328
11,76,7700,86328
11,77,7800,86395
11,78,7900,86427
11,79,8000,86439
11,80,8100,86439
11,81,8200,86440
11,82,8300,86440
11,83,8400,86440
11,84,8500,86440
11,85,8600,86440
11,86,8700,86440
11,87,8800,86445
11,88,8900,86445
11,89,9000,86469
11,90,9100,86475
11,91,9200,86658
11,92,9300,86718
11,93,9400,86718
11,94,9500,86718
11,95,9600,86733
11,96,9700,86733
11,97,9800,86733
11,98,9900,86749
11,99,10000,86838
11,100,10100,86859
11,101,10200,86859
11,102,10300,86879
11,103,10400,86879
11,104,10500,86879
11,105,10600,86957
11,106,10700,86957
11,107,10800,86957
11,108,10900,87002
11,109,11000,87002
11,110,11100,87002
11,111,11200,87023
11,112,11300,87056
11,113,11400,87058
11,114,11500,87058
11,115,11600,87066
11,116,11700,87099
11,117,11800,87099
11,118,11900,87102
11,119,12000,87109
11,120,12100,87109
11,121,12200,87152
11,122,12300,87162
11,123,12400,87162
11,124,12500,87163
11,125,12600,87173
11,126,12700,87181
11,127,12800,87191
11,128,12900,87191
11,129,13000,87191
11,130,13100,87194
11,131,13200,87200
11,132,13300,87200
11,133,13400,87224
11,134,13500,87224
11,135,13600,87224
11,136,13700,87233
11,137,13800,87238
11,138,13900,87238
11,139,14000,87242
11,140,14100,87242
11,141,14200,87242
11,142,14300,87242
11,143,14400,87330
11,144,14500,87332
11,145,14600,87332
11,146,14700,87332
11,147,14800,87342
11,148,14900,87344
11,149,15000,87353
11,150,15100,87353
11,151,15200,87363
11,152,15300,87363
11,153,15400,87363
11,154,15500,87363
11,155,15600,87372
11,156,15700,87429
11,157,15800,87429
11,158,15900,87455
11,159,16000,87455
11,160,16100,87455
11,161,16200,87455
11,162,16300,87455
11,163,16400,87455
11,164,16500,87455
11,165,16600,87492
11,166,16700,87492
11,167,16800,87534
11,168,16900,87534
11,169,17000,87534
11,170,17100,87534
11,171,17200,87534
11,172,17300,87534
11,173,17400,87534
11,174,17500,87534
11,175,17600,87534
11,176,17700,87538
11,177,17800,87538
11,178,17900,87538
11,179,18000,87538
11,180,18100,87538
11,181,18200,87538
11,182,18300,87538
11,183,18400,87538
11,184,18500,87538
11,185,18600,87538
11,186,18700,87538
11,187,18800,87538
11,188,18900,87538
11,189,19000,87538
11,190,19100,87538
11,191,19200,87538
11,192,19300,87538
11,193,19400,87538
11,194,19500,87538
11,195,19600,87538
11,196,19700,87538
11,197,19800,87538
11,198,19900,87538
11,199,20000,87538
11,200,20100,87538
11,201,20200,87538
11,202,20300,87538
11,203,20400,87538
11,204,20500,87538
11,205,20600,87538
11,206,20700,87538
11,207,20800,87565
11,208,20900,87571
11,209,21000,87571
11,210,21100,87585
11,211,21200,87600
11,212,21300,87600
11,213,21400,87601
11,214,21500,87606
11,215,21600,87606
11,216,21700,87607
11,217,21800,87618
11,218,21900,87618
11,219,22000,87618
11,220,22100,87619
11,221,22200,87619
11,222,22300,87619
11,223,22400,87644
11,224,22500,87644
11,225,22600,87644
11,226,22700,87663
11,227,22800,87663
11,228,22900,87673
11,229,23000,87674
11,230,23100,87677
11,231,23200,87677
11,232,23300,87681
11,233,23400,87681
11,234,23500,87681
11,235,23600,87689
11,236,23700,87689
11,237,23800,87689
11,238,23900,87689
11,239,24000,87689
11,240,24100,87693
11,241,24200,87693
11,242,24300,87705
11,243,24400,87705
11,244,24500,87705
11,245,24600,87705
11,246,24700,87705
11,247,24800,87705
11,248,24900,87705
11,249,25000,87705
11,250,25100,87705
11,251,25200,87705
11,252,25300,87705
11,253,25400,87705
11,254,25500,87706
11,255,25600,87706
11,256,25700,87706
11,257,25800,87706
11,258,25900,87706
11,259,26000,87707
11,260,26100,87707
11,261,26200,87707
11,262,26300,87707
11,263,26400,87722
11,264,26500,87734
11,265,26600,87734
11,266,26700,87734
11,267,26800,87745
11,268,26900,87745
11,269,27000,87745
11,270,27100,87745
11,271,27200,87745
11,272,27300,87745
11,273,27400,87745
11,274,27500,87745
11,275,27600,87745
11,276,27700,87745
11,277,27800,87745
11,278,27900,87747
11,279,28000,87747
11,280,28100,87747
11,281,28200,87747
11,282,28300,87747
11,283,28400,87747
11,284,28500,87747
11,285,28600,87747
11,286,28700,87747
11,287,28800,87747
11,288,28900,87747
11,289,29000,87747
11,290,29100,87747
11,291,29200,87747
11,292,29300,87763
11,293,29400,87763
11,294,29500,87763
11,295,29600,87763
11,296,29700,87764
11,297,29800,87764
11,298,29900,87783
11,299,30000,87787
11,300,30100,87787
11,301,30200,87787
11,302,30300,87787
11,303,30400,87792
11,304,30500,87792
11,305,30600,87792
11,306,30700,87792
11,307,30800,87792
11,308,30900,87792
11,309,31000,87792
11,310,31100,87815
11,311,31200,87815
11,312,31300,87815
11,313,31400,87815
11,314,31500,87815
11,315,31600,87815
11,316,31700,87815
11,317,31800,87815
11,318,31900,87815
11,319,32000,87815
11,320,32100,87815
11,321,32200,87825
11,322,32300,87825
11,323,32400,87825
11,324,32500,87825
11,325,32600,87825
11,326,32700,87826
11,327,32800,87826
11,328,32900,87826
11,329,33000,87826
11,330,33100,87826
11,331,33200,87826
11,332,33300,87826
11,333,33400,87826
11,334,33500,87826
11,335,33600,87828
11,336,33700,87828
11,337,33800,87828
11,338,33900,87828
11,339,34000,87828
11,340,34100,87828
11,341,34200,87836
11,342,34300,87836
11,343,34400,87836
11,344,34500,87836
11,345,34600,87836
11,346,34700,87836
11,347,34800,87836
11,348,34900,87836
11,349,35000,87836
11,350,35100,87836
11,351,35200,87836
11,352,35300,87837
11,353,35400,87837
11,354,35500,87837
11,355,35600,87837
11,356,35700,87837
11,357,35800,87837
11,358,35900,87837
11,359,36000,87837
11,360,36100,87837
11,361,36200,87837
11,362,36300,87837
11,363,36400,87837
11,364,36500,87837
11,365,36600,87837
11,366,36700,87837
11,367,36800,87837
11,368,36900,87837
11,369,37000,87837
11,370,37100,87837
11,371,37200,87837
11,372,37300,87837
11,373,37400,87837
11,374,37500,87837
11,375,37600,87837
11,376,37700,87837
11,377,37800,87837
11,378,37900,87837
11,379,38000,87837
11,380,38100,87837
11,381,38200,87837
11,382,38300,87837
11,383,38400,87837
11,384,38500,87837
11,385,38600,87837
11,386,38700,87837
11,387,38800,87837
11,388,38900,87847
11,389,39000,87847
11,390,39100,87847
11,391,39200,87847
11,392,39300,87847
11,393,39400,87847
11,394,39500,87847
11,395,39600,87847
11,396,39700,87847
11,397,39800,87847
11,398,39900,87847
11,399,40000,87847
11,400,40100,87847
11,401,40200,87847
11,402,40300,87847
11,403,40400,87847
11,404,40500,87847
11,405,40600,87847
11,406,40700,87847
11,407,40800,87847
11,408,40900,87849
11,409,41000,87849
11,410,41100,87849
11,411,41200,87849
11,412,41300,87849
11,413,41400,87849
11,414,41500,87849
11,415,41600,87881
11,416,41700,87881
11,417,41800,87881
11,418,41900,87881
11,419,42000,87881
11,420,42100,87881
11,421,42200,87881
11,422,42300,87881
11,423,42400,87881
11,424,42500,87881
11,425,42600,87881
11,426,42700,87881
11,427,42800,87881
11,428,42900,87881
11,429,43000,87881
11,430,43100,87881
11,431,43200,87881
11,432,43300,87881
11,433,43400,87881
11,434,43500,87881
11,435,43600,87881
11,436,43700,87881
11,437,43800,87881
11,438,43900,87881
11,439,44000,87881
11,440,44100,87881
11,441,44200,87881
11,442,44300,87881
11,443,44400,87881
11,444,44500,87881
11,445,44600,87881
11,446,44700,87881
11,447,44800,87881
11,448,44900,87881
11,449,45000,87881
11,450,45100,87881
11,451,45200,87881
11,452,45300,87881
11,453,45400,87881
11,454,45500,87881
11,455,45600,87881
11,456,45700,87881
11,457,45800,87881
11,458,45900,87881
11,459,46000,87881
11,460,46100,87881
11,461,46200,87881
11,462,46300,87881
11,463,46400,87881
11,464,46500,87881
11,465,46600,87881
11,466,46700,87881
11,467,46800,87881
11,468,46900,87881
11,469,47000,87881
11,470,47100,87891
11,471,47200,87891
11,472,47300,87891
11,473,47400,87891
11,474,47500,87891
11,475,47600,87891
11,476,47700,87891
11,477,47800,87893
11,478,47900,87893
11,479,48000,87893
11,480,48100,87893
11,481,48200,87893
11,482,48300,87894
11,483,48400,87894
11,484,48500,87894
11,485,48600,87897
11,486,48700,87897
11,487,48800,87897
11,488,48900,87909
11,489,49000,87909
11,490,49100,87912
11,491,49200,87914
11,492,49300,87914
11,493,49400,87914
11,494,49500,87914
11,495,49600,87914
11,496,49700,87914
11,497,49800,87914
11,498,49900,87914
11,499,50000,87914
11,500,50100,87928
11,501,50200,87928
11,502,50300,87928
11,503,50400,87928
11,504,50500,87928
11,505,50600,87928
11,506,50700,87928
11,507,50800,87928
11,508,50900,87928
11,509,51000,87928
11,510,51100,87928
11,511,51200,87928
11,512,51300,87928
11,513,51400,87928
11,514,51500,87928
11,515,51600,87928
11,516,51700,87936
11,517,51800,87936
11,518,51900,87936
11,519,52000,87936
11,520,52100,87936
11,521,52200,87936
11,522,52300,87937
11,523,52400,87937
11,524,52500,87937
11,525,52600,87937
11,526,52700,87937
11,527,52800,87937
11,528,52900,87937
11,529,53000,87937
11,530,53100,87937
11,531,53200,87937
11,532,53300,87937
11,533,53400,87937
11,534,53500,87937
11,535,53600,87937
11,536,53700,87937
11,537,53800,87937
11,538,53900,87937
11,539,54000,87937
11,540,54100,87937
11,541,54200,87937
11,542,54300,87937
11,543,54400,87937
11,544,54500,87945
11,545,54600,87945
11,546,54700,87945
11,547,54800,87945
11,548,54900,87945
11,549,55000,87945
11,550,55100,87945
11,551,55200,87945
11,552,55300,87945
11,553,55400,87945
11,554,55500,87945
11,555,55600,87945
11,556,55700,87945
11,557,55800,87945
11,558,55900,87945
11,559,56000,87945
11,560,56100,87945
11,561,56200,87945
11,562,56300,87945
11,563,56400,87945
11,564,56500,87945
11,565,56600,87945
11,566,56700,87945
11,567,56800,87945
11,568,56900,87945
11,569,57000,87945
11,570,57100,87945
11,571,57200,87945
11,572,57300,87945
11,573,57400,87945
11,574,57500,87945
11,575,57600,87945
11,576,57700,87945
11,577,57800,87945
11,578,57900,87945
11,579,58000,87945
11,580,58100,87945
11,581,58200,87945
11,582,58300,87945
11,583,58400,87945
11,584,58500,87945
11,585,58600,87945
11,586,58700,87945
11,587,58800,87945
11,588,58900,87945
11,589,59000,87945
11,590,59100,87945
11,591,59200,87945
11,592,59300,87945
11,593,59400,87945
11,594,59500,87945
11,595,59600,87945
11,596,59700,87945
11,597,59800,87945
11,598,59900,87945
11,599,60000,87945
11,600,60100,87945
11,601,60200,87945
11,602,60300,87945
11,603,60400,87945
11,604,60500,87945
11,605,60600,87945
11,606,60700,87945
11,607,60800,87945
11,608,60900,87945
11,609,61000,87945
11,610,61100,87945
11,611,61200,87945
11,612,61300,87945
11,613,61400,87945
11,614,61500,87945
11,615,61600,87945
11,616,61700,87945
11,617,61800,87945
11,618,61900,87945
11,619,62000,87945
11,620,62100,87945
11,621,62200,87945
11,622,62300,87945
11,623,62400,87945
11,624,62500,87945
11,625,62600,87945
11,626,62700,87945
11,627,62800,87945
11,628,62900,87945
11,629,63000,87945
11,630,63100,87945
11,631,63200,87945
11,632,63300,87945
11,633,63400,87945
11,634,63500,87945
11,635,63600,87945
11,636,63700,87945
11,637,63800,87945
11,638,63900,87945
11,639,64000,87945
11,640,64100,87945
11,641,64200,87945
11,642,64300,87945
11,643,64400,87945
11,644,64500,87945
11,645,64600,87945
11,646,64700,87945
11,647,64800,87945
11,648,64900,87945
11,649,65000,87945
11,650,65100,87945
11,651,65200,87945
11,652,65300,87945
11,653,65400,87945
11,654,65500,87945
11,655,65600,87945
11,656,65700,87945
11,657,65800,87945
11,658,65900,87945
11,659,66000,87945
11,660,66100,87945
11,661,66200,87945
11,662,66300,87945
11,663,66400,87945
11,664,66500,87945
11,665,66600,87945
11,666,66700,87945
11,667,66800,87945
11,668,66900,87945
11,669,67000,87945
11,670,67100,87945
11,671,67200,87945
11,672,67300,87945
11,673,67400,87945
11,674,67500,87945
11,675,67600,87945
11,676,67700,87945
11,677,67800,87945
11,678,67900,87945
11,679,68000,87945
11,680,68100,87945
11,681,68200,87945
11,682,68300,87945
11,683,68400,87945
11,684,68500,87945
11,685,68600,87945
11,686,68700,87945
11,687,68800,87945
11,688,68900,87945
11,689,69000,87945
11,690,69100,87945
11,691,69200,87945
11,692,69300,87945
11,693,69400,87945
11,694,69500,87945
11,695,69600,87957
11,696,69700,87957
11,697,69800,87973
11,698,69900,87973
11,699,70000,87978
11,700,70100,87978
11,701,70200,87978
11,702,70300,87978
11,703,70400,87978
11,704,70500,87978
11,705,70600,87978
11,706,70700,87978
11,707,70800,87978
11,708,70900,87978
11,709,71000,87982
11,710,71100,87982
11,711,71200,87986
11,712,71300,87988
11,713,71400,87988
11,714,71500,87988
11,715,71600,88000
11,716,71700,88000
11,717,71800,88000
11,718,71900,88000
11,719,72000,88000
11,720,72100,88000
11,721,72200,88000
11,722,72300,88000
11,723,72400,88000
11,724,72500,88000
11,725,72600,88000
11,726,72700,88000
11,727,72800,88000
11,728,72900,88000
11,729,73000,88000
11,730,73100,88000
11,731,73200,88000
11,732,73300,88000
11,733,73400,88000
11,734,73500,88000
11,735,73600,88000
11,736,73700,88000
11,737,73800,88000
11,738,73900,88000
11,739,74000,88000
11,740,74100,88000
11,741,74200,88000
11,742,74300,88000
11,743,74400,88000
11,744,74500,88000
11,745,74600,88000
11,746,74700,88000
11,747,74800,88000
11,748,74900,88000
11,749,75000,88000
11,750,75100,88000
11,751,75200,88000
11,752,75300,88000
11,753,75400,88000
11,754,75500,88000
11,755,75600,88000
11,756,75700,88000
11,757,75800,88000
11,758,75900,88000
11,759,76000,88000
11,760,76100,88000
11,761,76200,88000
11,762,76300,88000
11,763,76400,88000
11,764,76500,88000
11,765,76600,88000
11,766,76700,88000
11,767,76800,88000
11,768,76900,88000
11,769,77000,88000
11,770,77100,88000
11,771,77200,88000
11,772,77300,88000
11,773,77400,88000
11,774,77500,88000
11,775,77600,88000
11,776,77700,88000
11,777,77800,88000
11,778,77900,88000
11,779,78000,88000
11,780,78100,88000
11,781,78200,88000
11,782,78300,88000
11,783,78400,88000
11,784,78500,88000
11,785,78600,88000
11,786,78700,88000
11,787,78800,88000
11,788,78900,88000
11,789,79000,88000
11,790,79100,88000
11,791,79200,88000
11,792,79300,88000
11,793,79400,88000
11,794,79500,88000
11,795,79600,88000
11,796,79700,88000
11,797,79800,88000
11,798,79900,88000
11,799,80000,88000
11,800,80100,88000
11,801,80200,88000
11,802,80300,88000
11,803,80400,88000
11,804,80500,88000
11,805,80600,88000
11,806,80700,88000
11,807,80800,88000
11,808,80900,88000
11,809,81000,88000
11,810,81100,88000
11,811,81200,88000
11,812,81300,88000
11,813,81400,88000
11,814,81500,88000
11,815,81600,88000
11,816,81700,88000
11,817,81800,88000
11,818,81900,88000
11,819,82000,88000
11,820,82100,88000
11,821,82200,88000
11,822,82300,88000
11,823,82400,88000
11,824,82500,88000
11,825,82600,88000
11,826,82700,88000
11,827,82800,88000
11,828,82900,88000
11,829,83000,88000
11,830,83100,88000
11,831,83200,88000
11,832,83300,88000
11,833,83400,88000
11,834,83500,88000
11,835,83600,88000
11,836,83700,88000
11,837,83800,88000
11,838,83900,88000
11,839,84000,88000
11,840,84100,88000
11,841,84200,88000
11,842,84300,88000
11,843,84400,88000
11,844,84500,88000
11,845,84600,88006
11,846,84700,88006
11,847,84800,88006
11,848,84900,88006
11,849,85000,88006
11,850,85100,88006
11,851,85200,88006
11,852,85300,88006
11,853,85400,88006
11,854,85500,88006
11,855,85600,88006
11,856,85700,88006
11,857,85800,88006
11,858,85900,88006
11,859,86000,88006
11,860,86100,88006
11,861,86200,88006
11,862,86300,88006
11,863,86400,88006
11,864,86500,88006
11,865,86600,88006
11,866,86700,88006
11,867,86800,88006
11,868,86900,88006
11,869,87000,88006
11,870,87100,88006
11,871,87200,88006
11,872,87300,88006
11,873,87400,88006
11,874,87500,88006
11,875,87600,88006
11,876,87700,88006
11,877,87800,88006
11,878,87900,88006
11,879,88000,88006
11,880,88100,88021
11,881,88200,88021
11,882,88300,88021
11,883,88400,88021
11,884,88500,88021
11,885,88600,88021
11,886,88700,88021
11,887,88800,88021
11,888,88900,88021
11,889,89000,88021
11,890,89100,88021
11,891,89200,88021
11,892,89300,88021
11,893,89400,88021
11,894,89500,88021
11,895,89600,88021
11,896,89700,88021
11,897,89800,88024
11,898,89900,88024
11,899,90000,88026
11,900,90100,88040
11,901,90200,88040
11,902,90300,88042
11,903,90400,88042
11,904,90500,88043
11,905,90600,88047
11,906,90700,88047
11,907,90800,88051
11,908,90900,88051
11,909,91000,88052
11,910,91100,88052
11,911,91200,88052
11,912,91300,88052
11,913,91400,88052
11,914,91500,88052
11,915,91600,88052
11,916,91700,88052
11,917,91800,88052
11,918,91900,88055
11,919,92000,88055
11,920,92100,88055
11,921,92200,88055
11,922,92300,88055
11,923,92400,88055
11,924,92500,88055
11,925,92600,88055
11,926,92700,88055
11,927,92800,88055
11,928,92900,88055
11,929,93000,88055
11,930,93100,88055
11,931,93200,88056
11,932,93300,88056
11,933,93400,88056
11,934,93500,88056
11,935,93600,88056
11,936,93700,88056
11,937,93800,88056
11,938,93900,88056
11,939,94000,88056
11,940,94100,88056
11,941,94200,88056
11,942,94300,88056
11,943,94400,88056
11,944,94500,88056
11,945,94600,88056
11,946,94700,88056
11,947,94800,88056
11,948,94900,88056
11,949,95000,88056
11,950,95100,88056
11,951,95200,88056
11,952,95300,88056
11,953,95400,88056
11,954,95500,88056
11,955,95600,88056
11,956,95700,88056
11,957,95800,88056
11,958,95900,88056
11,959,96000,88056
11,960,96100,88056
11,961,96200,88056
11,962,96300,88056
11,963,96400,88056
11,964,96500,88056
11,965,96600,88056
11,966,96700,88056
11,967,96800,88056
11,968,96900,88056
11,969,97000,88056
11,970,97100,88056
11,971,97200,88056
11,972,97300,88056
11,973,97400,88056
11,974,97500,88056
11,975,97600,88056
11,976,97700,88056
11,977,97800,88056
11,978,97900,88056
11,979,98000,88056
11,980,98100,88056
11,981,98200,88056
11,982,98300,88056
11,983,98400,88056
11,984,98500,88056
11,985,98600,88056
11,986,98700,88056
11,987,98800,88056
11,988,98900,88056
11,989,99000,88056
11,990,99100,88056
11,991,99200,88056
11,992,99300,88056
11,993,99400,88056
11,994,99500,88056
11,995,99600,88056
11,996,99700,88056
11,997,99800,88056
11,998,99900,88056
11,999,100000,88056
12,0,100,73119
12,1,200,75742
12,2,300,76330
12,3,400,78468
12,4,500,78826
12,5,600,79120
12,6,700,79491
12,7,800,79853
12,8,900,80006
12,9,1000,80475
12,10,1100,80614
12,11,1200,80953
12,12,1300,81259
12,13,1400,81335
12,14,1500,82185
12,15,1600,82435
12,16,1700,82491
12,17,1800,82667
12,18,1900,82667
12,19,2000,82847
12,20,2100,83173
12,21,2200,83202
12,22,2300,83202
12,23,2400,83210
12,24,2500,83216
12,25,2600,83460
12,26,2700,83466
12,27,2800,83478
12,28,2900,83478
12,29,3000,83734
12,30,3100,83747
12,31,3200,83756
12,32,3300,83756
12,33,3400,83803
12,34,3500,83912
12,35,3600,84168
12,36,3700,84243
12,37,3800,84271
12,38,3900,84928
12,39,4000,84996
12,40,4100,85016
12,41,4200,85016
12,42,4300,85032
12,43,4400,85058
12,44,4500,85091
12,45,4600,85091
12,46,4700,85110
12,47,4800,85115
12,48,4900,85143
12,49,5000,85173
12,50,5100,85516
12,51,5200,85525
12,52,5300,85593
12,53,5400,85593
12,54,5500,85612
12,55,5600,85643
12,56,5700,85643
12,57,5800,85643
12,58,5900,85645
12,59,6000,85645
12,60,6100,85651
12,61,6200,85676
12,62,6300,85676
12,63,6400,85676
12,64,6500,85676
12,65,6600,85677
12,66,6700,85677
12,67,6800,85796
12,68,6900,85802
12,69,7000,85953
12,70,7100,85953
12,71,7200,85974
12,72,7300,85994
12,73,7400,86067
12,74,7500,86098
12,75,7600,86240
12,76,7700,86240
12,77,7800,86281
12,78,7900,86330
12,79,8000,86354
12,80,8100,86354
12,81,8200,86373
12,82,8300,86381
12,83,8400,86425
12,84,8500,86427
12,85,8600,86429
12,86,8700,86434
12,87,8800,86436
12,88,8900,86445
12,89,9000,86445
12,90,9100,86446
12,91,9200,86446
12,92,9300,86450
12,93,9400,86455
12,94,9500,86455
12,95,9600,86597
12,96,9700,86597
12,97,9800,86597
12,98,9900,86611
12,99,10000,86640
12,100,10100,86750
12,101,10200,86759
12,102,10300,86774
12,103,10400,86780
12,104,10500,86803
12,105,10600,86803
12,106,10700,86803
12,107,10800,86809
12,108,10900,86810
12,109,11000,86815
12,110,11100,86815
12,111,11200,86815
12,112,11300,86815
12,113,11400,86815
12,114,11500,86815
12,115,11600,86815
12,116,11700,86815
12,117,11800,86815
12,118,11900,86815
12,119,12000,86829
12,120,12100,86832
12,121,12200,86855
12,122,12300,86855
12,123,12400,86864
12,124,12500,86868
12,125,12600,86871
12,126,12700,86894
12,127,12800,86907
12,128,12900,86910
12,129,13000,86972
12,130,13100,86972
12,131,13200,86997
12,132,13300,86997
12,133,13400,87004
12,134,13500,87017
12,135,13600,87090
12,136,13700,87090
12,137,13800,87139
12,138,13900,87147
12,139,14000,87147
12,140,14100,87154
12,141,14200,87160
12,142,14300,87168
12,143,14400,87301
12,144,14500,87309
12,145,14600,87322
12,146,14700,87322
12,147,14800,87322
12,148,14900,87334
12,149,15000,87334
12,150,15100,87361
12,151,15200,87361
12,152,15300,87370
12,153,15400,87370
12,154,15500,87373
12,155,15600,87382
12,156,15700,87382
12,157,15800,87387
12,158,15900,87387
12,159,16000,87387
12,160,16100,87387
12,161,16200,87440
12,162,16300,87440
12,163,16400,87444
12,164,16500,87444
12,165,16600,87465
12,166,16700,87465
12,167,16800,87469
12,168,16900,87474
12,169,17000,87480
12,170,17100,87480
12,171,17200,87489
12,172,17300,87489
12,173,17400,87494
12,174,17500,87494
12,175,17600,87498
12,176,17700,87498
12,177,17800,87559
12,178,17900,87559
12,179,18000,87589
12,180,18100,87595
12,181,18200,87610
12,182,18300,87618
12,183,18400,87645
12,184,18500,87647
12,185,18600,87647
12,186,18700,87659
12,187,18800,87666
12,188,18900,87670
12,189,19000,87670
12,190,19100,87676
12,191,19200,87680
12,192,19300,87686
12,193,19400,87686
12,194,19500,87686
12,195,19600,87686
12,196,19700,87694
12,197,19800,87694
12,198,19900,87694
12,199,20000,87694
12,200,20100,87694
12,201,20200,87694
12,202,20300,87704
12,203,20400,87704
12,204,20500,87704
12,205,20600,87712
12,206,20700,87715
12,207,20800,87716
12,208,20900,87723
12,209,21000,87723
12,210,21100,87739
12,211,21200,87739
12,212,21300,87739
12,213,21400,87744
12,214,21500,87744
12,215,21600,87744
12,216,21700,87746
12,217,21800,87746
12,218,21900,87746
12,219,22000,87746
12,220,22100,87777
12,221,22200,87777
12,222,22300,87780
12,223,22400,87780
12,224,22500,87780
12,225,22600,87780
12,226,22700,87780
12,227,22800,87791
12,228,22900,87791
12,229,23000,87791
12,230,23100,87794
12,231,23200,87803
12,232,23300,87803
12,233,23400,87803
12,234,23500,87811
12,235,23600,87811
12,236,23700,87811
12,237,23800,87811
12,238,23900,87811
12,239,24000,87811
12,240,24100,87811
12,241,24200,87811
12,242,24300,87833
12,243,24400,87836
12,244,24500,87836
12,245,24600,87854
12,246,24700,87859
12,247,24800,87862
12,248,24900,87870
12,249,25000,87871
12,250,25100,87878
12,251,25200,87884
12,252,25300,87884
12,253,25400,87889
12,254,25500,87892
12,255,25600,87895
12,256,25700,87901
12,257,25800,87901
12,258,25900,87901
12,259,26000,87901
12,260,26100,87913
12,261,26200,87913
12,262,26300,87913
12,263,26400,87913
12,264,26500,87913
12,265,26600,87913
12,266,26700,87913
12,267,26800,87913
12,268,26900,87913
12,269,27000,87913
12,270,27100,87914
12,271,27200,87914
12,272,27300,87914
12,273,27400,87914
12,274,27500,87914
12,275,27600,87923
12,276,27700,87923
12,277,27800,87923
12,278,27900,87923
12,279,28000,87923
12,280,28100,87923
12,281,28200,87923
12,282,28300,87923
12,283,28400,87923
12,284,28500,87923
12,285,28600,87923
12,286,28700,87923
12,287,28800,87923
12,288,28900,87923
12,289,29000,87923
12,290,29100,87923
12,291,29200,87923
12,292,29300,87923
12,293,29400,87923
12,294,29500,87923
12,295,29600,87923
12,296,29700,87923
12,297,29800,87930
12,298,29900,87930
12,299,30000,87930
12,300,30100,87930
12,301,30200,87930
12,302,30300,87930
12,303,30400,87930
12,304,30500,87930
12,305,30600,87930
12,306,30700,87930
12,307,30800,87930
12,308,30900,87930
12,309,31000,87930
12,310,31100,87930
12,311,31200,87930
12,312,31300,87930
12,313,31400,87930
12,314,31500,87930
12,315,31600,87930
12,316,31700,87930
12,317,31800,87930
12,318,31900,87930
12,319,32000,87930
12,320,32100,87930
12,321,32200,87930
12,322,32300,87930
12,323,32400,87930
12,324,32500,87930
12,325,32600,87930
12,326,32700,87930
12,327,32800,87930
12,328,32900,87930
12,329,33000,87930
12,330,33100,87930
12,331,33200,87930
12,332,33300,87930
12,333,33400,87930
12,334,33500,87930
12,335,33600,87930
12,336,33700,87930
12,337,33800,87930
12,338,33900,87930
12,339,34000,87930
12,340,34100,87930
12,341,34200,87930
12,342,34300,87930
12,343,34400,87930
12,344,34500,87930
12,345,34600,87930
12,346,34700,87930
12,347,34800,87930
12,348,34900,87930
12,349,35000,87930
12,350,35100,87930
12,351,35200,87930
12,352,35300,87930
12,353,35400,87930
12,354,35500,87930
12,355,35600,87930
12,356,35700,87934
12,357,35800,87934
12,358,35900,87934
12,359,36000,87934
12,360,36100,87934
12,361,36200,87934
12,362,36300,87934
12,363,36400,87934
12,364,36500,87934
12,365,36600,87934
12,366,36700,87934
12,367,36800,87934
12,368,36900,87934
12,369,37000,87934
12,370,37100,87934
12,371,37200,87934
12,372,37300,87936
12,373,37400,87936
12,374,37500,87936
12,375,37600,87936
12,376,37700,87936
12,377,37800,87936
12,378,37900,87936
12,379,38000,87936
12,380,38100,87936
12,381,38200,87936
12,382,38300,87969
12,383,38400,87969
12,384,38500,87969
12,385,38600,87969
12,386,38700,87981
12,387,38800,87986
12,388,38900,88005
12,389,39000,88020
12,390,39100,88020
12,391,39200,88026
12,392,39300,88030
12,393,39400,88031
12,394,39500,88031
12,395,39600,88039
12,396,39700,88042
12,397,39800,88048
12,398,39900,88048
12,399,40000,88048
12,400,40100,88053
12,401,40200,88053
12,402,40300,88053
12,403,40400,88053
12,404,40500,88053
12,405,40600,88053
12,406,40700,88053
12,407,40800,88053
12,408,40900,88053
12,409,41000,88053
12,410,41100,88053
12,411,41200,88053
12,412,41300,88053
12,413,41400,88056
12,414,41500,88056
12,415,41600,88056
12,416,41700,88059
12,417,41800,88059
12,418,41900,88059
12,419,42000,88059
12,420,42100,88059
12,421,42200,88072
12,422,42300,88083
12,423,42400,88083
12,424,42500,88083
12,425,42600,88084
12,426,42700,88084
12,427,42800,88084
12,428,42900,88084
12,429,43000,88084
12,430,43100,88089
12,431,43200,88089
12,432,43300,88089
12,433,43400,88089
12,434,43500,88091
12,435,43600,88091
12,436,43700,88091
12,437,43800,88091
12,438,43900,88091
12,439,44000,88091
12,440,44100,88091
12,441,44200,88091
12,442,44300,88091
12,443,44400,88091
12,444,44500,88091
12,445,44600,88091
12,446,44700,88091
12,447,44800,88091
12,448,44900,88091
12,449,45000,88091
12,450,45100,88091
12,451,45200,88091
12,452,45300,88091
12,453,45400,88091
12,454,45500,88091
12,455,45600,88091
12,456,45700,88091
12,457,45800,88091
12,458,45900,88091
12,459,46000,88091
12,460,46100,88091
12,461,46200,88091
12,462,46300,88091
12,463,46400,88091
12,464,46500,88091
12,465,46600,88091
12,466,46700,88091
12,467,46800,88098
12,468,46900,88098
12,469,47000,88098
12,470,47100,88099
12,471,47200,88099
12,472,47300,88099
12,473,47400,88103
12,474,47500,88103
12,475,47600,88103
12,476,47700,88103
12,477,47800,88103
12,478,47900,88103
12,479,48000,88103
12,480,48100,88103
12,481,48200,88103
12,482,48300,88110
12,483,48400,88110
12,484,48500,88110
12,485,48600,88110
12,486,48700,88110
12,487,48800,88110
12,488,48900,88110
12,489,49000,88110
12,490,49100,88110
12,491,49200,88110
12,492,49300,88110
12,493,49400,88110
12,494,49500,88110
12,495,49600,88110
12,496,49700,88110
12,497,49800,88110
12,498,49900,88110
12,499,50000,88110
12,500,50100,88110
12,501,50200,88110
12,502,50300,88110
12,503,50400,88110
12,504,50500,88110
12,505,50600,88110
12,506,50700,88110
12,507,50800,88110
12,508,50900,88110
12,509,51000,88110
12,510,51100,88110
12,511,51200,88110
12,512,51300,88110
12,513,51400,88110
12,514,51500,88110
12,515,51600,88110
12,516,51700,88110
12,517,51800,88110
12,518,51900,88110
12,519,52000,88110
12,520,52100,88110
12,521,52200,88110
12,522,52300,88110
12,523,52400,88110
12,524,52500,88110
12,525,52600,88110
12,526,52700,88110
12,527,52800,88110
12,528,52900,88110
12,529,53000,88110
12,530,53100,88110
12,531,53200,88110
12,532,53300,88110
12,533,53400,88110
12,534,53500,88110
12,535,53600,88110
12,536,53700,88110
12,537,53800,88110
12,538,53900,88110
12,539,54000,88110
12,540,54100,88110
12,541,54200,88110
12,542,54300,88110
12,543,54400,88110
12,544,54500,88110
12,545,54600,88110
12,546,54700,88110
12,547,54800,88110
12,548,54900,88110
12,549,55000,88110
12,550,55100,88110
12,551,55200,88110
12,552,55300,88110
12,553,55400,88110
12,554,55500,88110
12,555,55600,88110
12,556,55700,88110
12,557,55800,88110
12,558,55900,88110
12,559,56000,88110
12,560,56100,88110
12,561,56200,88110
12,562,56300,88110
12,563,56400,88110
12,564,56500,88110
12,565,56600,88110
12,566,56700,88110
12,567,56800,88110
12,568,56900,88110
12,569,57000,88110
12,570,57100,88110
12,571,57200,88110
12,572,57300,88110
12,573,57400,88110
12,574,57500,88110
12,575,57600,88110
12,576,57700,88110
12,577,57800,88110
12,578,57900,88110
12,579,58000,88110
12,580,58100,88110
12,581,58200,88110
12,582,58300,88110
12,583,58400,88110
12,584,58500,88113
12,585,58600,88113
12,586,58700,88113
12,587,58800,88113
12,588,58900,88113
12,589,59000,88113
12,590,59100,88113
12,591,59200,88113
12,592,59300,88113
12,593,59400,88113
12,594,59500,88113
12,595,59600,88113
12,596,59700,88127
12,597,59800,88127
12,598,59900,88127
12,599,60000,88127
12,600,60100,88127
12,601,60200,88137
12,602,60300,88137
12,603,60400,88137
12,604,60500,88139
12,605,60600,88139
12,606,60700,88141
12,607,60800,88141
12,608,60900,88143
12,609,61000,88143
12,610,61100,88143
12,611,61200,88143
12,612,61300,88143
12,613,61400,88143
12,614,61500,88143
12,615,61600,88143
12,616,61700,88143
12,617,61800,88143
12,618,61900,88143
12,619,62000,88143
12,620,62100,88143
12,621,62200,88143
12,622,62300,88143
12,623,62400,88143
12,624,62500,88143
12,625,62600,88143
12,626,62700,88143
12,627,62800,88143
12,628,62900,88143
12,629,63000,88143
12,630,63100,88143
12,631,63200,88143
12,632,63300,88143
12,633,63400,88143
12,634,63500,88177
12,635,63600,88177
12,636,63700,88181
12,637,63800,88181
12,638,63900,88184
12,639,64000,88190
12,640,64100,88193
12,641,64200,88193
12,642,64300,88193
12,643,64400,88193
12,644,64500,88193
12,645,64600,88193
12,646,64700,88193
12,647,64800,88193
12,648,64900,88193
12,649,65000,88193
12,650,65100,88193
12,651,65200,88193
12,652,65300,88193
12,653,65400,88193
12,654,65500,88193
12,655,65600,88193
12,656,65700,88201
12,657,65800,88201
12,658,65900,88201
12,659,66000,88201
12,660,66100,88201
12,661,66200,88205
12,662,66300,88205
12,663,66400,88205
12,664,66500,88205
12,665,66600,88205
12,666,66700,88205
12,667,66800,88205
12,668,66900,88205
12,669,67000,88205
12,670,67100,88205
12,671,67200,88205
12,672,67300,88205
12,673,67400,88205
12,674,67500,88205
12,675,67600,88205
12,676,67700,88205
12,677,67800,88205
12,678,67900,88205
12,679,68000,88205
12,680,68100,88205
12,681,68200,88205
12,682,68300,88205
12,683,68400,88205
12,684,68500,88205
12,685,68600,88205
12,686,68700,88205
12,687,68800,88205
12,688,68900,88205
12,689,69000,88205
12,690,69100,88205
12,691,69200,88205
12,692,69300,88205
12,693,69400,88205
12,694,69500,88205
12,695,69600,88205
12,696,69700,88205
12,697,69800,88205
12,698,69900,88205
12,699,70000,88205
12,700,70100,88205
12,701,70200,88205
12,702,70300,88205
12,703,70400,88205
12,704,70500,88205
12,705,70600,88205
12,706,70700,88205
12,707,70800,88205
12,708,70900,88205
12,709,71000,88205
12,710,71100,88205
12,711,71200,88205
12,712,71300,88205
12,713,71400,88205
12,714,71500,88205
12,715,71600,88205
12,716,71700,88205
12,717,71800,88205
12,718,71900,88205
12,719,72000,88205
12,720,72100,88205
12,721,72200,88205
12,722,72300,88205
12,723,72400,88205
12,724,72500,88205
12,725,72600,88205
12,726,72700,88205
12,727,72800,88205
12,728,72900,88205
12,729,73000,88205
12,730,73100,88205
12,731,73200,88205
12,732,73300,88205
12,733,73400,88205
12,734,73500,88205
12,735,73600,88205
12,736,73700,88205
12,737,73800,88205
12,738,73900,88205
12,739,74000,88205
12,740,74100,88205
12,741,74200,88205
12,742,74300,88205
12,743,74400,88205
12,744,74500,88205
12,745,74600,88205
12,746,74700,88205
12,747,74800,88205
12,748,74900,88205
12,749,75000,88205
12,750,75100,88205
12,751,75200,88205
12,752,75300,88205
12,753,75400,88205
12,754,75500,88205
12,755,75600,88205
12,756,75700,88205
12,757,75800,88205
12,758,75900,88205
12,759,76000,88205
12,760,76100,88205
12,761,76200,88205
12,762,76300,88205
12,763,76400,88205
12,764,76500,88205
12,765,76600,88205
12,766,76700,88205
12,767,76800,88205
12,768,76900,88205
12,769,77000,88205
12,770,77100,88205
12,771,77200,88205
12,772,77300,88205
12,773,77400,88205
12,774,77500,88205
12,775,77600,88205
12,776,77700,88205
12,777,77800,88205
12,778,77900,88205
12,779,78000,88205
12,780,78100,88205
12,781,78200,88234
12,782,78300,88234
12,783,78400,88234
12,784,78500,88234
12,785,78600,88234
12,786,78700,88234
12,787,78800,88234
12,788,78900,88234
12,789,79000,88234
12,790,79100,88234
12,791,79200,88234
12,792,79300,88234
12,793,79400,88234
12,794,79500,88234
12,795,79600,88234
12,796,79700,88234
12,797,79800,88234
12,798,79900,88236
12,799,80000,88236
12,800,80100,88236
12,801,80200,88242
12,802,80300,88242
12,803,80400,88242
12,804,80500,88242
12,805,80600,88242
12,806,80700,88242
12,807,80800,88242
12,808,80900,88242
12,809,81000,88242
12,810,81100,88242
12,811,81200,88242
12,812,81300,88242
12,813,81400,88242
12,814,81500,88242
12,815,81600,88242
12,816,81700,88242
12,817,81800,88242
12,818,81900,88242
12,819,82000,88242
12,820,82100,88242
12,821,82200,88242
12,822,82300,88242
12,823,82400,88242
12,824,82500,88242
12,825,82600,88242
12,826,82700,88242
12,827,82800,88242
12,828,82900,88242
12,829,83000,88242
12,830,83100,88242
12,831,83200,88242
12,832,83300,88242
12,833,83400,88242
12,834,83500,88242
12,835,83600,88244
12,836,83700,88244
12,837,83800,88244
12,838,83900,88244
12,839,84000,88244
12,840,84100,88244
12,841,84200,88245
12,842,84300,88245
12,843,84400,88245
12,844,84500,88245
12,845,84600,88245
12,846,84700,88245
12,847,84800,88245
12,848,84900,88245
12,849,85000,88245
12,850,85100,88245
12,851,85200,88245
12,852,85300,88245
12,853,85400,88245
12,854,85500,88245
12,855,85600,88245
12,856,85700,88245
12,857,85800,88245
12,858,85900,88245
12,859,86000,88245
12,860,86100,88245
12,861,86200,88245
12,862,86300,88251
12,863,86400,88251
12,864,86500,88251
12,865,86600,88251
12,866,86700,88251
12,867,86800,88251
12,868,86900,88251
12,869,87000,88251
12,870,87100,88251
12,871,87200,88251
12,872,87300,88251
12,873,87400,88251
12,874,87500,88251
12,875,87600,88251
12,876,87700,88251
12,877,87800,88251
12,878,87900,88251
12,879,88000,88251
12,880,88100,88251
12,881,88200,88251
12,882,88300,88251
12,883,88400,88251
12,884,88500,88251
12,885,88600,88251
12,886,88700,88251
12,887,88800,88251
12,888,88900,88251
12,889,89000,88251
12,890,89100,88251
12,891,89200,88251
12,892,89300,88251
12,893,89400,88251
12,894,89500,88251
12,895,89600,88251
12,896,89700,88251
12,897,89800,88251
12,898,89900,88251
12,899,90000,88251
12,900,90100,88251
12,901,90200,88251
12,902,90300,88251
12,903,90400,88251
12,904,90500,88251
12,905,90600,88251
12,906,90700,88251
12,907,90800,88251
12,908,90900,88251
12,909,91000,88251
12,910,91100,88251
12,911,91200,88251
12,912,91300,88251
12,913,91400,88251
12,914,91500,88251
12,915,91600,88251
12,916,91700,88251
12,917,91800,88251
12,918,91900,88251
12,919,92000,88251
12,920,92100,88251
12,921,92200,88251
12,922,92300,88251
12,923,92400,88251
12,924,92500,88259
12,925,92600,88259
12,926,92700,88259
12,927,92800,88259
12,928,92900,88259
12,929,93000,88259
12,930,93100,88259
12,931,93200,88259
12,932,93300,88259
12,933,93400,88259
12,934,93500,88259
12,935,93600,88259
12,936,93700,88259
12,937,93800,88259
12,938,93900,88259
12,939,94000,88259
12,940,94100,88259
12,941,94200,88259
12,942,94300,88259
12,943,94400,88259
12,944,94500,88259
12,945,94600,88259
12,946,94700,88259
12,947,94800,88259
12,948,94900,88259
12,949,95000,88259
12,950,95100,88259
12,951,95200,88259
12,952,95300,88259
12,953,95400,88259
12,954,95500,88259
12,955,95600,88259
12,956,95700,88259
12,957,95800,88259
12,958,95900,88259
12,959,96000,88261
12,960,96100,88261
12,961,96200,88261
12,962,96300,88270
12,963,96400,88270
12,964,96500,88271
12,965,96600,88284
12,966,96700,88284
12,967,96800,88299
12,968,96900,88299
12,969,97000,88304
12,970,97100,88304
12,971,97200,88304
12,972,97300,88304
12,973,97400,88304
12,974,97500,88304
12,975,97600,88304
12,976,97700,88304
12,977,97800,88304
12,978,97900,88304
12,979,98000,88304
12,980,98100,88304
12,981,98200,88304
12,982,98300,88304
12,983,98400,88304
12,984,98500,88304
12,985,98600,88304
12,986,98700,88304
12,987,98800,88304
12,988,98900,88304
12,989,99000,88304
12,990,99100,88304
12,991,99200,88304
12,992,99300,88304
12,993,99400,88304
12,994,99500,88304
12,995,99600,88304
12,996,99700,88304
12,997,99800,88304
12,998,99900,88304
12,999,100000,88304
13,0,100,71913
13,1,200,75509
13,2,300,76782
13,3,400,77641
13,4,500,79058
13,5,600,79103
13,6,700,79291
13,7,800,80069
13,8,900,80611
13,9,1000,80611
13,10,1100,80873
13,11,1200,81250
13,12,1300,81575
13,13,1400,81945
13,14,1500,82151
13,15,1600,82646
13,16,1700,82785
13,17,1800,83295
13,18,1900,83316
13,19,2000,83316
13,20,2100,83316
13,21,2200,83630
13,22,2300,83763
13,23,2400,83763
13,24,2500,83763
13,25,2600,83808
13,26,2700,83848
13,27,2800,84569
13,28,2900,84569
13,29,3000,84574
13,30,3100,84757
13,31,3200,84757
13,32,3300,84838
13,33,3400,84880
13,34,3500,84941
13,35,3600,84941
13,36,3700,85078
13,37,3800,85118
13,38,3900,85246
13,39,4000,85376
13,40,4100,85445
13,41,4200,85445
13,42,4300,85538
13,43,4400,85752
13,44,4500,85752
13,45,4600,86029
13,46,4700,86029
13,47,4800,86055
13,48,4900,86063
13,49,5000,86080
13,50,5100,86084
13,51,5200,86087
13,52,5300,86116
13,53,5400,86118
13,54,5500,86124
13,55,5600,86129
13,56,5700,86129
13,57,5800,86142
13,58,5900,86181
13,59,6000,86181
13,60,6100,86194
13,61,6200,86221
13,62,6300,86235
13,63,6400,86314
13,64,6500,86314
13,65,6600,86317
13,66,6700,86322
13,67,6800,86364
13,68,6900,86364
13,69,7000,86377
13,70,7100,86377
13,71,7200,86379
13,72,7300,86379
13,73,7400,86382
13,74,7500,86382
13,75,7600,86395
13,76,7700,86401
13,77,7800,86401
13,78,7900,86401
13,79,8000,86403
13,80,8100,86451
13,81,8200,86457
13,82,8300,86457
13,83,8400,86463
13,84,8500,86478
13,85,8600,86511
13,86,8700,86511
13,87,8800,86526
13,88,8900,86526
13,89,9000,86526
13,90,9100,86526
13,91,9200,86538
13,92,9300,86538
13,93,9400,86543
13,94,9500,86550
13,95,9600,86563
13,96,9700,86563
13,97,9800,86565
13,98,9900,86565
13,99,10000,86581
13,100,10100,86581
13,101,10200,86581
13,102,10300,86583
13,103,10400,86595
13,104,10500,86595
13,105,10600,86595
13,106,10700,86595
13,107,10800,86595
13,108,10900,86595
13,109,11000,86595
13,110,11100,86595
13,111,11200,86595
13,112,11300,86595
13,113,11400,86595
13,114,11500,86607
13,115,11600,86607
13,116,11700,86607
13,117,11800,86621
13,118,11900,86621
13,119,12000,86659
13,120,12100,86659
13,121,12200,86659
13,122,12300,86659
13,123,12400,86665
13,124,12500,86665
13,125,12600,86702
13,126,12700,86717
13,127,12800,86717
13,128,12900,86724
13,129,13000,86724
13,130,13100,86727
13,131,13200,86786
13,132,13300,86851
13,133,13400,87073
13,134,13500,87073
13,135,13600,87087
13,136,13700,87087
13,137,13800,87087
13,138,13900,87097
13,139,14000,87097
13,140,14100,87097
13,141,14200,87101
13,142,14300,87101
13,143,14400,87110
13,144,14500,87110
13,145,14600,87160
13,146,14700,87162
13,147,14800,87162
13,148,14900,87162
13,149,15000,87162
13,150,15100,87162
13,151,15200,87162
13,152,15300,87162
13,153,15400,87162
13,154,15500,87162
13,155,15600,87162
13,156,15700,87162
13,157,15800,87162
13,158,15900,87162
13,159,16000,87162
13,160,16100,87162
13,161,16200,87169
13,162,16300,87169
13,163,16400,87169
13,164,16500,87169
13,165,16600,87203
13,166,16700,87203
13,167,16800,87203
13,168,16900,87203
13,169,17000,87219
13,170,17100,87219
13,171,17200,87219
13,172,17300,87219
13,173,17400,87230
13,174,17500,87230
13,175,17600,87329
13,176,17700,87390
13,177,17800,87390
13,178,17900,87390
13,179,18000,87390
13,180,18100,87390
13,181,18200,87390
13,182,18300,87398
13,183,18400,87398
13,184,18500,87400
13,185,18600,87400
13,186,18700,87400
13,187,18800,87400
13,188,18900,87400
13,189,19000,87400
13,190,19100,87400
13,191,19200,87400
13,192,19300,87400
13,193,19400,87400
13,194,19500,87400
13,195,19600,87400
13,196,19700,87400
13,197,19800,87400
13,198,19900,87400
13,199,20000,87400
13,200,20100,87400
13,201,20200,87400
13,202,20300,87400
13,203,20400,87400
13,204,20500,87400
13,205,20600,87400
13,206,20700,87400
13,207,20800,87400
13,208,20900,87400
13,209,21000,87400
13,210,21100,87412
13,211,21200,87418
13,212,21300,87418
13,213,21400,87442
13,214,21500,87448
13,215,21600,87463
13,216,21700,87464
13,217,21800,87468
13,218,21900,87468
13,219,22000,87472
13,220,22100,87476
13,221,22200,87476
13,222,22300,87476
13,223,22400,87476
13,224,22500,87476
13,225,22600,87476
13,226,22700,87478
13,227,22800,87478
13,228,22900,87478
13,229,23000,87479
13,230,23100,87488
13,231,23200,87490
13,232,23300,87490
13,233,23400,87490
13,234,23500,87491
13,235,23600,87491
13,236,23700,87491
13,237,23800,87498
13,238,23900,87500
13,239,24000,87500
13,240,24100,87500
13,241,24200,87506
13,242,24300,87506
13,243,24400,87508
13,244,24500,87508
13,245,24600,87508
13,246,24700,87508
13,247,24800,87508
13,248,24900,87508
13,249,25000,87510
13,250,25100,87510
13,251,25200,87510
13,252,25300,87519
13,253,25400,87519
13,254,25500,87520
13,255,25600,87520
13,256,25700,87521
13,257,25800,87522
13,258,25900,87522
13,259,26000,87522
13,260,26100,87522
13,261,26200,87522
13,262,26300,87522
13,263,26400,87530
13,264,26500,87530
13,265,26600,87530
13,266,26700,87530
13,267,26800,87530
13,268,26900,87530
13,269,27000,87530
13,270,27100,87530
13,271,27200,87530
13,272,27300,87530
13,273,27400,87530
13,274,27500,87530
13,275,27600,87530
13,276,27700,87530
13,277,27800,87530
13,278,27900,87530
13,279,28000,87530
13,280,28100,87530
13,281,28200,87530
13,282,28300,87530
13,283,28400,87532
13,284,28500,87532
13,285,28600,87532
13,286,28700,87532
13,287,28800,87532
13,288,28900,87532
13,289,29000,87532
13,290,29100,87533
13,291,29200,87533
13,292,29300,87533
13,293,29400,87533
13,294,29500,87533
13,295,29600,87533
13,296,29700,87533
13,297,29800,87533
13,298,29900,87533
13,299,30000,87533
13,300,30100,87533
13,301,30200,87533
13,302,30300,87533
13,303,30400,87533
13,304,30500,87533
13,305,30600,87533
13,306,30700,87533
13,307,30800,87533
13,308,30900,87533
13,309,31000,87533
13,310,31100,87533
13,311,31200,87533
13,312,31300,87533
13,313,31400,87533
13,314,31500,87533
13,315,31600,87533
13,316,31700,87533
13,317,31800,87630
13,318,31900,87630
13,319,32000,87630
13,320,32100,87630
13,321,32200,87630
13,322,32300,87630
13,323,32400,87630
13,324,32500,87630
13,325,32600,87630
13,326,32700,87635
13,327,32800,87635
13,328,32900,87640
13,329,33000,87640
13,330,33100,87645
13,331,33200,87645
13,332,33300,87653
13,333,33400,87653
13,334,33500,87653
13,335,33600,87658
13,336,33700,87659
13,337,33800,87659
13,338,33900,87664
13,339,34000,87668
13,340,34100,87668
13,341,34200,87669
13,342,34300,87669
13,343,34400,87672
13,344,34500,87672
13,345,34600,87673
13,346,34700,87673
13,347,34800,87673
13,348,34900,87673
13,349,35000,87673
13,350,35100,87673
13,351,35200,87673
13,352,35300,87673
13,353,35400,87673
13,354,35500,87673
13,355,35600,87673
13,356,35700,87673
13,357,35800,87673
13,358,35900,87673
13,359,36000,87673
13,360,36100,87673
13,361,36200,87673
13,362,36300,87673
13,363,36400,87673
13,364,36500,87673
13,365,36600,87673
13,366,36700,87673
13,367,36800,87673
13,368,36900,87673
13,369,37000,87673
13,370,37100,87673
13,371,37200,87673
13,372,37300,87673
13,373,37400,87673
13,374,37500,87673
13,375,37600,87673
13,376,37700,87673
13,377,37800,87744
13,378,37900,87744
13,379,38000,87744
13,380,38100,87779
13,381,38200,87779
13,382,38300,87779
13,383,38400,87779
13,384,38500,87780
13,385,38600,87780
13,386,38700,87780
13,387,38800,87780
13,388,38900,87781
13,389,39000,87781
13,390,39100,87781
13,391,39200,87781
13,392,39300,87781
13,393,39400,87781
13,394,39500,87797
13,395,39600,87797
13,396,39700,87797
13,397,39800,87797
13,398,39900,87797
13,399,40000,87797
13,400,40100,87797
13,401,40200,87797
13,402,40300,87797
13,403,40400,87797
13,404,40500,87797
13,405,40600,87797
13,406,40700,87797
13,407,40800,87797
13,408,40900,87797
13,409,41000,87797
13,410,41100,87797
13,411,41200,87797
13,412,41300,87797
13,413,41400,87797
13,414,41500,87797
13,415,41600,87797
13,416,41700,87797
13,417,41800,87797
13,418,41900,87797
13,419,42000,87797
13,420,42100,87797
13,421,42200,87797
13,422,42300,87797
13,423,42400,87797
13,424,42500,87797
13,425,42600,87797
13,426,42700,87797
13,427,42800,87797
13,428,42900,87797
13,429,43000,87797
13,430,43100,87797
13,431,43200,87797
13,432,43300,87797
13,433,43400,87797
13,434,43500,87797
13,435,43600,87797
13,436,43700,87797
13,437,43800,87797
13,438,43900,87797
13,439,44000,87797
13,440,44100,87797
13,441,44200,87797
13,442,44300,87797
13,443,44400,87797
13,444,44500,87797
13,445,44600,87797
13,446,44700,87797
13,447,44800,87797
13,448,44900,87797
13,449,45000,87797
13,450,45100,87797
13,451,45200,87826
13,452,45300,87826
13,453,45400,87826
13,454,45500,87826
13,455,45600,87826
13,456,45700,87826
13,457,45800,87826
13,458,45900,87828
13,459,46000,87828
13,460,46100,87828
13,461,46200,87829
13,462,46300,87829
13,463,46400,87829
13,464,46500,87829
13,465,46600,87829
13,466,46700,87829
13,467,46800,87829
13,468,46900,87829
13,469,47000,87829
13,470,47100,87829
13,471,47200,87829
13,472,47300,87829
13,473,47400,87829
13,474,47500,87829
13,475,47600,87829
13,476,47700,87829
13,477,47800,87829
13,478,47900,87834
13,479,48000,87834
13,480,48100,87834
13,481,48200,87834
13,482,48300,87834
13,483,48400,87834
13,484,48500,87834
13,485,48600,87834
13,486,48700,87834
13,487,48800,87834
13,488,48900,87834
13,489,49000,87834
13,490,49100,87834
13,491,49200,87834
13,492,49300,87834
13,493,49400,87836
13,494,49500,87836
13,495,49600,87836
13,496,49700,87836
13,497,49800,87836
13,498,49900,87836
13,499,50000,87836
13,500,50100,87836
13,501,50200,87836
13,502,50300,87836
13,503,50400,87836
13,504,50500,87836
13,505,50600,87836
13,506,50700,87836
13,507,50800,87836
13,508,50900,87836
13,509,51000,87836
13,510,51100,87836
13,511,51200,87836
13,512,51300,87836
13,513,51400,87836
13,514,51500,87836
13,515,51600,87836
13,516,51700,87836
13,517,51800,87836
13,518,51900,87836
13,519,52000,87836
13,520,52100,87836
13,521,52200,87836
13,522,52300,87836
13,523,52400,87836
13,524,52500,87836
13,525,52600,87836
13,526,52700,87836
13,527,52800,87836
13,528,52900,87836
13,529,53000,87836
13,530,53100,87836
13,531,53200,87836
13,532,53300,87836
13,533,53400,87836
13,534,53500,87836
13,535,53600,87836
13,536,53700,87836
13,537,53800,87836
13,538,53900,87836
13,539,54000,87836
13,540,54100,87836
13,541,54200,87836
13,542,54300,87836
13,543,54400,87836
13,544,54500,87836
13,545,54600,87836
13,546,54700,87836
13,547,54800,87836
13,548,54900,87836
13,549,55000,87836
13,550,55100,87836
13,551,55200,87836
13,552,55300,87836
13,553,55400,87836
13,554,55500,87836
13,555,55600,87836
13,556,55700,87836
13,557,55800,87836
13,558,55900,87836
13,559,56000,87836
13,560,56100,87836
13,561,56200,87836
13,562,56300,87836
13,563,56400,87836
13,564,56500,87836
13,565,56600,87836
13,566,56700,87836
13,567,56800,87836
13,568,56900,87836
13,569,57000,87836
13,570,57100,87836
13,571,57200,87836
13,572,57300,87836
13,573,57400,87836
13,574,57500,87836
13,575,57600,87836
13,576,57700,87836
13,577,57800,87836
13,578,57900,87836
13,579,58000,87836
13,580,58100,87836
13,581,58200,87858
13,582,58300,87858
13,583,58400,87858
13,584,58500,87865
13,585,58600,87892
13,586,58700,87892
13,587,58800,87892
13,588,58900,87892
13,589,59000,87892
13,590,59100,87892
13,591,59200,87893
13,592,59300,87893
13,593,59400,87893
13,594,59500,87893
13,595,59600,87893
13,596,59700,87893
13,597,59800,87906
13,598,59900,87906
13,599,60000,87906
13,600,60100,87906
13,601,60200,87906
13,602,60300,87906
13,603,60400,87906
13,604,60500,87906
13,605,60600,87906
13,606,60700,87906
13,607,60800,87906
13,608,60900,87906
13,609,61000,87906
13,610,61100,87906
13,611,61200,87906
13,612,61300,87906
13,613,61400,87906
13,614,61500,87906
13,615,61600,87906
13,616,61700,87914
13,617,61800,87914
13,618,61900,87918
13,619,62000,87918
13,620,62100,87918
13,621,62200,87918
13,622,62300,87918
13,623,62400,87918
13,624,62500,87918
13,625,62600,87918
13,626,62700,87918
13,627,62800,87918
13,628,62900,87918
13,629,63000,87918
13,630,63100,87918
13,631,63200,87918
13,632,63300,87918
13,633,63400,87918
13,634,63500,87918
13,635,63600,87918
13,636,63700,87918
13,637,63800,87918
13,638,63900,87918
13,639,64000,87918
13,640,64100,87918
13,641,64200,87918
13,642,64300,87918
13,643,64400,87918
13,644,64500,87918
13,645,64600,87918
13,646,64700,87918
13,647,64800,87918
13,648,64900,87918
13,649,65000,87918
13,650,65100,87918
13,651,65200,87918
13,652,65300,87918
13,653,65400,87918
13,654,65500,87918
13,655,65600,87918
13,656,65700,87918
13,657,65800,87918
13,658,65900,87918
13,659,66000,87918
13,660,66100,87918
13,661,66200,87918
13,662,66300,87918
13,663,66400,87918
13,664,66500,87918
13,665,66600,87918
13,666,66700,87918
13,667,66800,87918
13,668,66900,87918
13,669,67000,87918
13,670,67100,87918
13,671,67200,87918
13,672,67300,87918
13,673,67400,87918
13,674,67500,87918
13,675,67600,87918
13,676,67700,87918
13,677,67800,87918
13,678,67900,87918
13,679,68000,87918
13,680,68100,87918
13,681,68200,87918
13,682,68300,87918
13,683,68400,87918
13,684,68500,87918
13,685,68600,87918
13,686,68700,87918
13,687,68800,87918
13,688,68900,87918
13,689,69000,87918
13,690,69100,87918
13,691,69200,87918
13,692,69300,87918
13,693,69400,87918
13,694,69500,87918
13,695,69600,87918
13,696,69700,87918
13,697,69800,87943
13,698,69900,87943
13,699,70000,87943
13,700,70100,87943
13,701,70200,87945
13,702,70300,87945
13,703,70400,87945
13,704,70500,87945
13,705,70600,87945
13,706,70700,87945
13,707,70800,87945
13,708,70900,87945
13,709,71000,87946
13,710,71100,87946
13,711,71200,87946
13,712,71300,87946
13,713,71400,87946
13,714,71500,87946
13,715,71600,87946
13,716,71700,87946
13,717,71800,87946
13,718,71900,87946
13,719,72000,87946
13,720,72100,87946
13,721,72200,87946
13,722,72300,87946
13,723,72400,87946
13,724,72500,87946
13,725,72600,87946
13,726,72700,87946
13,727,72800,87946
13,728,72900,87946
13,729,73000,87946
13,730,73100,87946
13,731,73200,87946
13,732,73300,87951
13,733,73400,87951
13,734,73500,87951
13,735,73600,87951
13,736,73700,87951
13,737,73800,87951
13,738,73900,87951
13,739,74000,87951
13,740,74100,87951
13,741,74200,87951
13,742,74300,87951
13,743,74400,87951
13,744,74500,87951
13,745,74600,87951
13,746,74700,87961
13,747,74800,87961
13,748,74900,87961
13,749,75000,87961
13,750,75100,87961
13,751,75200,87961
13,752,75300,87961
13,753,75400,87961
13,754,75500,87963
13,755,75600,87963
13,756,75700,87963
13,757,75800,87963
13,758,75900,87963
13,759,76000,87963
13,760,76100,87963
13,761,76200,87963
13,762,76300,87963
13,763,76400,87963
13,764,76500,87963
13,765,76600,87963
13,766,76700,87963
13,767,76800,87968
13,768,76900,87968
13,769,77000,87968
13,770,77100,87968
13,771,77200,87968
13,772,77300,87968
13,773,77400,87968
13,774,77500,87968
13,775,77600,87968
13,776,77700,87968
13,777,77800,87968
13,778,77900,87968
13,779,78000,87968
13,780,78100,87968
13,781,78200,87968
13,782,78300,87968
13,783,78400,87968
13,784,78500,87968
13,785,78600,87968
13,786,78700,87968
13,787,78800,87968
13,788,78900,87968
13,789,79000,87968
13,790,79100,87968
13,791,79200,87968
13,792,79300,87968
13,793,79400,87968
13,794,79500,87968
13,795,79600,87968
13,796,79700,87968
13,797,79800,87968
13,798,79900,87968
13,799,80000,87968
13,800,80100,87968
13,801,80200,87968
13,802,80300,87968
13,803,80400,87968
13,804,80500,87968
13,805,80600,87968
13,806,80700,87969
13,807,80800,87969
13,808,80900,87969
13,809,81000,87969
13,810,81100,87969
13,811,81200,87969
13,812,81300,87969
13,813,81400,87969
13,814,81500,87969
13,815,81600,87969
13,816,81700,87969
13,817,81800,87969
13,818,81900,87969
13,819,82000,87969
13,820,82100,87969
13,821,82200,87969
13,822,82300,87969
13,823,82400,87969
13,824,82500,87969
13,825,82600,87969
13,826,82700,87988
13,827,82800,87988
13,828,82900,87988
13,829,83000,87988
13,830,83100,87988
13,831,83200,87988
13,832,83300,87988
13,833,83400,87988
13,834,83500,87988
13,835,83600,87988
13,836,83700,87988
13,837,83800,87988
13,838,83900,87988
13,839,84000,87988
13,840,84100,87988
13,841,84200,87988
13,842,84300,87988
13,843,84400,87988
13,844,84500,87988
13,845,84600,87988
13,846,84700,87988
13,847,84800,87995
13,848,84900,87995
13,849,85000,87995
13,850,85100,87999
13,851,85200,87999
13,852,85300,87999
13,853,85400,87999
13,854,85500,88009
13,855,85600,88009
13,856,85700,88009
13,857,85800,88009
13,858,85900,88009
13,859,86000,88009
13,860,86100,88009
13,861,86200,88009
13,862,86300,88009
13,863,86400,88009
13,864,86500,88009
13,865,86600,88009
13,866,86700,88009
13,867,86800,88009
13,868,86900,88009
13,869,87000,88009
13,870,87100,88009
13,871,87200,88009
13,872,87300,88009
13,873,87400,88009
13,874,87500,88009
13,875,87600,88009
13,876,87700,88009
13,877,87800,88009
13,878,87900,88009
13,879,88000,88009
13,880,88100,88009
13,881,88200,88009
13,882,88300,88009
13,883,88400,88009
13,884,88500,88009
13,885,88600,88009
13,886,88700,88009
13,887,88800,88009
13,888,88900,88009
13,889,89000,88009
13,890,89100,88009
13,891,89200,88009
13,892,89300,88009
13,893,89400,88009
13,894,89500,88009
13,895,89600,88009
13,896,89700,88009
13,897,89800,88009
13,898,89900,88009
13,899,90000,88009
13,900,90100,88009
13,901,90200,88009
13,902,90300,88009
13,903,90400,88009
13,904,90500,88009
13,905,90600,88009
13,906,90700,88009
13,907,90800,88009
13,908,90900,88021
13,909,91000,88021
13,910,91100,88021
13,911,91200,88021
13,912,91300,88021
13,913,91400,88021
13,914,91500,88021
13,915,91600,88021
13,916,91700,88021
13,917,91800,88021
13,918,91900,88021
13,919,92000,88021
13,920,92100,88021
13,921,92200,88021
13,922,92300,88021
13,923,92400,88021
13,924,92500,88021
13,925,92600,88021
13,926,92700,88021
13,927,92800,88021
13,928,92900,88021
13,929,93000,88021
13,930,93100,88021
13,931,93200,88021
13,932,93300,88021
13,933,93400,88021
13,934,93500,88021
13,935,93600,88021
13,936,93700,88021
13,937,93800,88021
13,938,93900,88021
13,939,94000,88021
13,940,94100,88021
13,941,94200,88021
13,942,94300,88021
13,943,94400,88021
13,944,94500,88021
13,945,94600,88021
13,946,94700,88021
13,947,94800,88021
13,948,94900,88021
13,949,95000,88021
13,950,95100,88021
13,951,95200,88021
13,952,95300,88021
13,953,95400,88021
13,954,95500,88021
13,955,95600,88021
13,956,95700,88021
13,957,95800,88021
13,958,95900,88021
13,959,96000,88021
13,960,96100,88021
13,961,96200,88021
13,962,96300,88021
13,963,96400,88021
13,964,96500,88021
13,965,96600,88021
13,966,96700,88021
13,967,96800,88021
13,968,96900,88021
13,969,97000,88021
13,970,97100,88021
13,971,97200,88021
13,972,97300,88021
13,973,97400,88021
13,974,97500,88021
13,975,97600,88021
13,976,97700,88021
13,977,97800,88021
13,978,97900,88021
13,979,98000,88021
13,980,98100,88021
13,981,98200,88021
13,982,98300,88021
13,983,98400,88021
13,984,98500,88021
13,985,98600,88025
13,986,98700,88025
13,987,98800,88025
13,988,98900,88025
13,989,99000,88025
13,990,99100,88025
13,991,99200,88025
13,992,99300,88025
13,993,99400,88025
13,994,99500,88025
13,995,99600,88025
13,996,99700,88025
13,997,99800,88025
13,998,99900,88029
13,999,100000,88029
14,0,100,72975
14,1,200,75406
14,2,300,76043
14,3,400,77931
14,4,500,78970
14,5,600,79282
14,6,700,79534
14,7,800,80050
14,8,900,80606
14,9,1000,81107
14,10,1100,81107
14,11,1200,81508
14,12,1300,82353
14,13,1400,82895
14,14,1500,82995
14,15,1600,83124
14,16,1700,83196
14,17,1800,83283
14,18,1900,83289
14,19,2000,83465
14,20,2100,83574
14,21,2200,83669
14,22,2300,83790
14,23,2400,83901
14,24,2500,83959
14,25,2600,83983
14,26,2700,83984
14,27,2800,84212
14,28,2900,84340
14,29,3000,84383
14,30,3100,84768
14,31,3200,84802
14,32,3300,84883
14,33,3400,84925
14,34,3500,85166
14,35,3600,85200
14,36,3700,85230
14,37,3800,85230
14,38,3900,85230
14,39,4000,85230
14,40,4100,85236
14,41,4200,85242
14,42,4300,85242
14,43,4400,85317
14,44,4500,85325
14,45,4600,85350
14,46,4700,85375
14,47,4800,85416
14,48,4900,85419
14,49,5000,85432
14,50,5100,85444
14,51,5200,85449
14,52,5300,85693
14,53,5400,85703
14,54,5500,85707
14,55,5600,85713
14,56,5700,85847
14,57,5800,85866
14,58,5900,85866
14,59,6000,85866
14,60,6100,85899
14,61,6200,85899
14,62,6300,85955
14,63,6400,86021
14,64,6500,86024
14,65,6600,86034
14,66,6700,86053
14,67,6800,86054
14,68,6900,86062
14,69,7000,86068
14,70,7100,86077
14,71,7200,86191
14,72,7300,86265
14,73,7400,86265
14,74,7500,86265
14,75,7600,86278
14,76,7700,86332
14,77,7800,86345
14,78,7900,86345
14,79,8000,86365
14,80,8100,86421
14,81,8200,86427
14,82,8300,86503
14,83,8400,86509
14,84,8500,86509
14,85,8600,86523
14,86,8700,86523
14,87,8800,86527
14,88,8900,86531
14,89,9000,86531
14,90,9100,86535
14,91,9200,86535
14,92,9300,86543
14,93,9400,86543
14,94,9500,86569
14,95,9600,86590
14,96,9700,86612
14,97,9800,86661
14,98,9900,86661
14,99,10000,86661
14,100,10100,86661
14,101,10200,86671
14,102,10300,86671
14,103,10400,86681
14,104,10500,86691
14,105,10600,86695
14,106,10700,86695
14,107,10800,86695
14,108,10900,86699
14,109,11000,86699
14,110,11100,86705
14,111,11200,86710
14,112,11300,86710
14,113,11400,86710
14,114,11500,86717
14,115,11600,86720
14,116,11700,86720
14,117,11800,86732
14,118,11900,86750
14,119,12000,86750
14,120,12100,86758
14,121,12200,86758
14,122,12300,86768
14,123,12400,86776
14,124,12500,86787
14,125,12600,86805
14,126,12700,86842
14,127,12800,86842
14,128,12900,86842
14,129,13000,86891
14,130,13100,86891
14,131,13200,86914
14,132,13300,86918
14,133,13400,86920
14,134,13500,86932
14,135,13600,86945
14,136,13700,86948
14,137,13800,86948
14,138,13900,86960
14,139,14000,86960
14,140,14100,86977
14,141,14200,86977
14,142,14300,87115
14,143,14400,87115
14,144,14500,87132
14,145,14600,87132
14,146,14700,87136
14,147,14800,87140
14,148,14900,87140
14,149,15000,87142
14,150,15100,87142
14,151,15200,87159
14,152,15300,87159
14,153,15400,87159
14,154,15500,87159
14,155,15600,87159
14,156,15700,87159
14,157,15800,87159
14,158,15900,87169
14,159,16000,87169
14,160,16100,87169
14,161,16200,87169
14,162,16300,87177
14,163,16400,87177
14,164,16500,87177
14,165,16600,87177
14,166,16700,87177
14,167,16800,87177
14,168,16900,87177
14,169,17000,87177
14,170,17100,87177
14,171,17200,87177
14,172,17300,87177
14,173,17400,87177
14,174,17500,87177
14,175,17600,87177
14,176,17700,87177
14,177,17800,87177
14,178,17900,87177
14,179,18000,87177
14,180,18100,87177
14,181,18200,87177
14,182,18300,87177
14,183,18400,87177
14,184,18500,87177
14,185,18600,87177
14,186,18700,87177
14,187,18800,87189
14,188,18900,87189
14,189,19000,87189
14,190,19100,87189
14,191,19200,87189
14,192,19300,87242
14,193,19400,87242
14,194,19500,87263
14,195,19600,87269
14,196,19700,87275
14,197,19800,87276
14,198,19900,87384
14,199,20000,87384
14,200,20100,87409
14,201,20200,87415
14,202,20300,87415
14,203,20400,87415
14,204,20500,87419
14,205,20600,87454
14,206,20700,87454
14,207,20800,87472
14,208,20900,87475
14,209,21000,87481
14,210,21100,87481
14,211,21200,87491
14,212,21300,87491
14,213,21400,87495
14,214,21500,87499
14,215,21600,87499
14,216,21700,87505
14,217,21800,87509
14,218,21900,87509
14,219,22000,87512
14,220,22100,87512
14,221,22200,87512
14,222,22300,87512
14,223,22400,87513
14,224,22500,87513
14,225,22600,87513
14,226,22700,87525
14,227,22800,87525
14,228,22900,87525
14,229,23000,87525
14,230,23100,87525
14,231,23200,87525
14,232,23300,87525
14,233,23400,87525
14,234,23500,87525
14,235,23600,87525
14,236,23700,87525
14,237,23800,87525
14,238,23900,87525
14,239,24000,87545
14,240,24100,87545
14,241,24200,87545
14,242,24300,87545
14,243,24400,87545
14,244,24500,87546
14,245,24600,87546
14,246,24700,87546
14,247,24800,87546
14,248,24900,87546
14,249,25000,87546
14,250,25100,87546
14,251,25200,87546
14,252,25300,87546
14,253,25400,87546
14,254,25500,87546
14,255,25600,87546
14,256,25700,87546
14,257,25800,87546
14,258,25900,87546
14,259,26000,87546
14,260,26100,87546
14,261,26200,87546
14,262,26300,87546
14,263,26400,87546
14,264,26500,87561
14,265,26600,87561
14,266,26700,87568
14,267,26800,87568
14,268,26900,87597
14,269,27000,87597
14,270,27100,87602
14,271,27200,87606
14,272,27300,87606
14,273,27400,87606
14,274,27500,87606
14,275,27600,87606
14,276,27700,87619
14,277,27800,87619
14,278,27900,87619
14,279,28000,87619
14,280,28100,87620
14,281,28200,87620
14,282,28300,87620
14,283,28400,87644
14,284,28500,87644
14,285,28600,87644
14,286,28700,87644
14,287,28800,87644
14,288,28900,87671
14,289,29000,87671
14,290,29100,87671
14,291,29200,87671
14,292,29300,87671
14,293,29400,87671
14,294,29500,87671
14,295,29600,87671
14,296,29700,87671
14,297,29800,87671
14,298,29900,87679
14,299,30000,87679
14,300,30100,87679
14,301,30200,87695
14,302,30300,87695
14,303,30400,87695
14,304,30500,87695
14,305,30600,87695
14,306,30700,87695
14,307,30800,87695
14,308,30900,87697
14,309,31000,87697
14,310,31100,87697
14,311,31200,87697
14,312,31300,87697
14,313,31400,87697
14,314,31500,87719
14,315,31600,87719
14,316,31700,87738
14,317,31800,87738
14,318,31900,87752
14,319,32000,87756
14,320,32100,87759
14,321,32200,87759
14,322,32300,87763
14,323,32400,87763
14,324,32500,87769
14,325,32600,87769
14,326,32700,87769
14,327,32800,87792
14,328,32900,87792
14,329,33000,87792
14,330,33100,87792
14,331,33200,87809
14,332,33300,87809
14,333,33400,87809
14,334,33500,87809
14,335,33600,87810
14,336,33700,87810
14,337,33800,87810
14,338,33900,87810
14,339,34000,87822
14,340,34100,87822
14,341,34200,87822
14,342,34300,87822
14,343,34400,87822
14,344,34500,87822
14,345,34600,87835
14,346,34700,87835
14,347,34800,87835
14,348,34900,87835
14,349,35000,87835
14,350,35100,87835
14,351,35200,87835
14,352,35300,87836
14,353,35400,87836
14,354,35500,87836
14,355,35600,87836
14,356,35700,87836
14,357,35800,87836
14,358,35900,87838
14,359,36000,87838
14,360,36100,87838
14,361,36200,87838
14,362,36300,87838
14,363,36400,87838
14,364,36500,87838
14,365,36600,87838
14,366,36700,87843
14,367,36800,87843
14,368,36900,87843
14,369,37000,87843
14,370,37100,87843
14,371,37200,87843
14,372,37300,87844
14,373,37400,87844
14,374,37500,87844
14,375,37600,87844
14,376,37700,87844
14,377,37800,87844
14,378,37900,87865
14,379,38000,87865
14,380,38100,87865
14,381,38200,87865
14,382,38300,87865
14,383,38400,87865
14,384,38500,87865
14,385,38600,87865
14,386,38700,87873
14,387,38800,87873
14,388,38900,87873
14,389,39000,87873
14,390,39100,87873
14,391,39200,87873
14,392,39300,87873
14,393,39400,87873
14,394,39500,87873
14,395,39600,87873
14,396,39700,87873
14,397,39800,87873
14,398,39900,87873
14,399,40000,87877
14,400,40100,87877
14,401,40200,87877
14,402,40300,87877
14,403,40400,87879
14,404,40500,87879
14,405,40600,87879
14,406,40700,87879
14,407,40800,87879
14,408,40900,87879
14,409,41000,87879
14,410,41100,87879
14,411,41200,87879
14,412,41300,87879
14,413,41400,87879
14,414,41500,87879
14,415,41600,87879
14,416,41700,87879
14,417,41800,87879
14,418,41900,87879
14,419,42000,87879
14,420,42100,87879
14,421,42200,87879
14,422,42300,87879
14,423,42400,87879
14,424,42500,87879
14,425,42600,87879
14,426,42700,87879
14,427,42800,87879
14,428,42900,87879
14,429,43000,87879
14,430,43100,87879
14,431,43200,87879
14,432,43300,87879
14,433,43400,87879
14,434,43500,87879
14,435,43600,87879
14,436,43700,87879
14,437,43800,87879
14,438,43900,87879
14,439,44000,87879
14,440,44100,87879
14,441,44200,87879
14,442,44300,87879
14,443,44400,87879
14,444,44500,87879
14,445,44600,87879
14,446,44700,87879
14,447,44800,87879
14,448,44900,87879
14,449,45000,87879
14,450,45100,87879
14,451,45200,87879
14,452,45300,87879
14,453,45400,87879
14,454,45500,87879
14,455,45600,87879
14,456,45700,87879
14,457,45800,87879
14,458,45900,87879
14,459,46000,87879
14,460,46100,87879
14,461,46200,87879
14,462,46300,87879
14,463,46400,87879
14,464,46500,87879
14,465,46600,87879
14,466,46700,87879
14,467,46800,87879
14,468,46900,87902
14,469,47000,87902
14,470,47100,87902
14,471,47200,87914
14,472,47300,87914
14,473,47400,87915
14,474,47500,87920
14,475,47600,87920
14,476,47700,87923
14,477,47800,87923
14,478,47900,87923
14,479,48000,87923
14,480,48100,87923
14,481,48200,87923
14,482,48300,87923
14,483,48400,87923
14,484,48500,87923
14,485,48600,87923
14,486,48700,87923
14,487,48800,87923
14,488,48900,87923
14,489,49000,87923
14,490,49100,87923
14,491,49200,87923
14,492,49300,87923
14,493,49400,87923
14,494,49500,87923
14,495,49600,87924
14,496,49700,87930
14,497,49800,87930
14,498,49900,87934
14,499,50000,87934
14,500,50100,87934
14,501,50200,87934
14,502,50300,87934
14,503,50400,87934
14,504,50500,87934
14,505,50600,87934
14,506,50700,87934
14,507,50800,87934
14,508,50900,87934
14,509,51000,87934
14,510,51100,87934
14,511,51200,87934
14,512,51300,87934
14,513,51400,87934
14,514,51500,87957
14,515,51600,87957
14,516,51700,87957
14,517,51800,87957
14,518,51900,87957
14,519,52000,87959
14,520,52100,87959
14,521,52200,87959
14,522,52300,87959
14,523,52400,87959
14,524,52500,87960
14,525,52600,87960
14,526,52700,87960
14,527,52800,87960
14,528,52900,87960
14,529,53000,87960
14,530,53100,87960
14,531,53200,87960
14,532,53300,87960
14,533,53400,87960
14,534,53500,87960
14,535,53600,87960
14,536,53700,87960
14,537,53800,87960
14,538,53900,87960
14,539,54000,87960
14,540,54100,87960
14,541,54200,87960
14,542,54300,87960
14,543,54400,87960
14,544,54500,87960
14,545,54600,87960
14,546,54700,87960
14,547,54800,87960
14,548,54900,87960
14,549,55000,87960
14,550,55100,87960
14,551,55200,87960
14,552,55300,87960
14,553,55400,87960
14,554,55500,87960
14,555,55600,87960
14,556,55700,87960
14,557,55800,87960
14,558,55900,87960
14,559,56000,87960
14,560,56100,87960
14,561,56200,87960
14,562,56300,87960
14,563,56400,87960
14,564,56500,87960
14,565,56600,87960
14,566,56700,87960
14,567,56800,87960
14,568,56900,87962
14,569,57000,87962
14,570,57100,87967
14,571,57200,87967
14,572,57300,87967
14,573,57400,87967
14,574,57500,87967
14,575,57600,87967
14,576,57700,87967
14,577,57800,87967
14,578,57900,87967
14,579,58000,87967
14,580,58100,87967
14,581,58200,87967
14,582,58300,87967
14,583,58400,87967
14,584,58500,87967
14,585,58600,87967
14,586,58700,87967
14,587,58800,87967
14,588,58900,87967
14,589,59000,87967
14,590,59100,87967
14,591,59200,87967
14,592,59300,87967
14,593,59400,87967
14,594,59500,87967
14,595,59600,87967
14,596,59700,87967
14,597,59800,87967
14,598,59900,87967
14,599,60000,87967
14,600,60100,87967
14,601,60200,87967
14,602,60300,87967
14,603,60400,87967
14,604,60500,87967
14,605,60600,87967
14,606,60700,87967
14,607,60800,87967
14,608,60900,87967
14,609,61000,87967
14,610,61100,87967
14,611,61200,87967
14,612,61300,87967
14,613,61400,87967
14,614,61500,87967
14,615,61600,87967
14,616,61700,87967
14,617,61800,87967
14,618,61900,87967
14,619,62000,87967
14,620,62100,87967
14,621,62200,87967
14,622,62300,87967
14,623,62400,87967
14,624,62500,87967
14,625,62600,87967
14,626,62700,87967
14,627,62800,87967
14,628,62900,87967
14,629,63000,87967
14,630,63100,87967
14,631,63200,87967
14,632,63300,87967
14,633,63400,87979
14,634,63500,87979
14,635,63600,87984
14,636,63700,87991
14,637,63800,87991
14,638,63900,87991
14,639,64000,87991
14,640,64100,87991
14,641,64200,87991
14,642,64300,87991
14,643,64400,87991
14,644,64500,87991
14,645,64600,87991
14,646,64700,87991
14,647,64800,87991
14,648,64900,87991
14,649,65000,87991
14,650,65100,87991
14,651,65200,87991
14,652,65300,87991
14,653,65400,87991
14,654,65500,87991
14,655,65600,87991
14,656,65700,87991
14,657,65800,87991
14,658,65900,87991
14,659,66000,87991
14,660,66100,87991
14,661,66200,87991
14,662,66300,87991
14,663,66400,87991
14,664,66500,87991
14,665,66600,87991
14,666,66700,87991
14,667,66800,87991
14,668,66900,87991
14,669,67000,87991
14,670,67100,87991
14,671,67200,87991
14,672,67300,88016
14,673,67400,88016
14,674,67500,88016
14,675,67600,88016
14,676,67700,88016
14,677,67800,88016
14,678,67900,88016
14,679,68000,88016
14,680,68100,88016
14,681,68200,88016
14,682,68300,88020
14,683,68400,88020
14,684,68500,88020
14,685,68600,88020
14,686,68700,88020
14,687,68800,88020
14,688,68900,88028
14,689,69000,88028
14,690,69100,88028
14,691,69200,88028
14,692,69300,88028
14,693,69400,88028
14,694,69500,88028
14,695,69600,88028
14,696,69700,88028
14,697,69800,88028
14,698,69900,88028
14,699,70000,88028
14,700,70100,88028
14,701,70200,88028
14,702,70300,88028
14,703,70400,88028
14,704,70500,88028
14,705,70600,88028
14,706,70700,88028
14,707,70800,88028
14,708,70900,88028
14,709,71000,88030
14,710,71100,88030
14,711,71200,88030
14,712,71300,88030
14,713,71400,88030
14,714,71500,88030
14,715,71600,88030
14,716,71700,88030
14,717,71800,88030
14,718,71900,88030
14,719,72000,88030
14,720,72100,88030
14,721,72200,88030
14,722,72300,88031
14,723,72400,88031
14,724,72500,88031
14,725,72600,88031
14,726,72700,88031
14,727,72800,88035
14,728,72900,88035
14,729,73000,88035
14,730,73100,88035
14,731,73200,88035
14,732,73300,88035
14,733,73400,88035
14,734,73500,88035
14,735,73600,88035
14,736,73700,88035
14,737,73800,88035
14,738,73900,88035
14,739,74000,88035
14,740,74100,88035
14,741,74200,88035
14,742,74300,88035
14,743,74400,88035
14,744,74500,88035
14,745,74600,88035
14,746,74700,88035
14,747,74800,88035
14,748,74900,88035
14,749,75000,88035
14,750,75100,88035
14,751,75200,88035
14,752,75300,88035
14,753,75400,88035
14,754,75500,88035
14,755,75600,88035
14,756,75700,88035
14,757,75800,88035
14,758,75900,88035
14,759,76000,88035
14,760,76100,88035
14,761,76200,88035
14,762,76300,88035
14,763,76400,88035
14,764,76500,88035
14,765,76600,88035
14,766,76700,88035
14,767,76800,88035
14,768,76900,88035
14,769,77000,88035
14,770,77100,88035
14,771,77200,88035
14,772,77300,88035
14,773,77400,88035
14,774,77500,88035
14,775,77600,88035
14,776,77700,88035
14,777,77800,88035
14,778,77900,88035
14,779,78000,88035
14,780,78100,88035
14,781,78200,88035
14,782,78300,88040
14,783,78400,88040
14,784,78500,88040
14,785,78600,88040
14,786,78700,88040
14,787,78800,88040
14,788,78900,88040
14,789,79000,88040
14,790,79100,88040
14,791,79200,88040
14,792,79300,88040
14,793,79400,88040
14,794,79500,88040
14,795,79600,88040
14,796,79700,88040
14,797,79800,88040
14,798,79900,88040
14,799,80000,88040
14,800,80100,88040
14,801,80200,88040
14,802,80300,88040
14,803,80400,88040
14,804,80500,88040
14,805,80600,88040
14,806,80700,88040
14,807,80800,88040
14,808,80900,88040
14,809,81000,88040
14,810,81100,88040
14,811,81200,88040
14,812,81300,88040
14,813,81400,88040
14,814,81500,88040
14,815,81600,88040
14,816,81700,88040
14,817,81800,88040
14,818,81900,88040
14,819,82000,88040
14,820,82100,88040
14,821,82200,88040
14,822,82300,88047
14,823,82400,88047
14,824,82500,88047
14,825,82600,88047
14,826,82700,88047
14,827,82800,88047
14,828,82900,88047
14,829,83000,88047
14,830,83100,88048
14,831,83200,88048
14,832,83300,88048
14,833,83400,88048
14,834,83500,88048
14,835,83600,88048
14,836,83700,88048
14,837,83800,88048
14,838,83900,88048
14,839,84000,88048
14,840,84100,88056
14,841,84200,88056
14,842,84300,88056
14,843,84400,88056
14,844,84500,88057
14,845,84600,88057
14,846,84700,88057
14,847,84800,88057
14,848,84900,88057
14,849,85000,88057
14,850,85100,88068
14,851,85200,88068
14,852,85300,88068
14,853,85400,88068
14,854,85500,88068
14,855,85600,88068
14,856,85700,88068
14,857,85800,88068
14,858,85900,88068
14,859,86000,88068
14,860,86100,88068
14,861,86200,88068
14,862,86300,88068
14,863,86400,88068
14,864,86500,88068
14,865,86600,88080
14,866,86700,88080
14,867,86800,88080
14,868,86900,88080
14,869,87000,88080
14,870,87100,88080
14,871,87200,88080
14,872,87300,88080
14,873,87400,88080
14,874,87500,88080
14,875,87600,88080
14,876,87700,88080
14,877,87800,88080
14,878,87900,88080
14,879,88000,88080
14,880,88100,88080
14,881,88200,88080
14,882,88300,88080
14,883,88400,88080
14,884,88500,88080
14,885,88600,88080
14,886,88700,88080
14,887,88800,88080
14,888,88900,88080
14,889,89000,88080
14,890,89100,88080
14,891,89200,88080
14,892,89300,88080
14,893,89400,88080
14,894,89500,88080
14,895,89600,88080
14,896,89700,88080
14,897,89800,88080
14,898,89900,88080
14,899,90000,88080
14,900,90100,88080
14,901,90200,88080
14,902,90300,88080
14,903,90400,88080
14,904,90500,88080
14,905,90600,88080
14,906,90700,88080
14,907,90800,88080
14,908,90900,88080
14,909,91000,88080
14,910,91100,88080
14,911,91200,88080
14,912,91300,88080
14,913,91400,88080
14,914,91500,88080
14,915,91600,88080
14,916,91700,88080
14,917,91800,88080
14,918,91900,88080
14,919,92000,88080
14,920,92100,88080
14,921,92200,88080
14,922,92300,88080
14,923,92400,88080
14,924,92500,88080
14,925,92600,88080
14,926,92700,88080
14,927,92800,88080
14,928,92900,88080
14,929,93000,88080
14,930,93100,88080
14,931,93200,88080
14,932,93300,88080
14,933,93400,88080
14,934,93500,88080
14,935,93600,88080
14,936,93700,88080
14,937,93800,88080
14,938,93900,88080
14,939,94000,88080
14,940,94100,88080
14,941,94200,88080
14,942,94300,88080
14,943,94400,88080
14,944,94500,88080
14,945,94600,88080
14,946,94700,88080
14,947,94800,88080
14,948,94900,88080
14,949,95000,88080
14,950,95100,88080
14,951,95200,88080
14,952,95300,88080
14,953,95400,88080
14,954,95500,88080
14,955,95600,88080
14,956,95700,88080
14,957,95800,88080
14,958,95900,88080
14,959,96000,88080
14,960,96100,88080
14,961,96200,88080
14,962,96300,88080
14,963,96400,88080
14,964,96500,88080
14,965,96600,88080
14,966,96700,88080
14,967,96800,88080
14,968,96900,88080
14,969,97000,88080
14,970,97100,88080
14,971,97200,88080
14,972,97300,88080
14,973,97400,88080
14,974,97500,88080
14,975,97600,88080
14,976,97700,88080
14,977,97800,88080
14,978,97900,88080
14,979,98000,88080
14,980,98100,88080
14,981,98200,88080
14,982,98300,88080
14,983,98400,88080
14,984,98500,88080
14,985,98600,88080
14,986,98700,88080
14,987,98800,88080
14,988,98900,88080
14,989,99000,88080
14,990,99100,88080
14,991,99200,88080
14,992,99300,88080
14,993,99400,88080
14,994,99500,88080
14,995,99600,88080
14,996,99700,88080
14,997,99800,88080
14,998,99900,88080
14,999,100000,88080
15,0,100,72111
15,1,200,75052
15,2,300,76737
15,3,400,77775
15,4,500,79047
15,5,600,79272
15,6,700,80298
15,7,800,80298
15,8,900,80797
15,9,1000,80930
15,10,1100,81471
15,11,1200,81548
15,12,1300,81746
15,13,1400,81787
15,14,1500,82036
15,15,1600,82036
15,16,1700,82210
15,17,1800,82269
15,18,1900,82346
15,19,2000,82352
15,20,2100,82645
15,21,2200,82786
15,22,2300,82834
15,23,2400,82834
15,24,2500,82913
15,25,2600,83027
15,26,2700,83054
15,27,2800,83060
15,28,2900,83060
15,29,3000,83060
15,30,3100,83063
15,31,3200,83063
15,32,3300,83087
15,33,3400,83087
15,34,3500,83093
15,35,3600,83600
15,36,3700,83674
15,37,3800,83847
15,38,3900,84367
15,39,4000,84370
15,40,4100,84375
15,41,4200,84471
15,42,4300,84473
15,43,4400,84494
15,44,4500,84494
15,45,4600,84516
15,46,4700,84519
15,47,4800,84524
15,48,4900,84557
15,49,5000,84557
15,50,5100,84572
15,51,5200,84577
15,52,5300,84581
15,53,5400,84599
15,54,5500,84599
15,55,5600,84755
15,56,5700,84763
15,57,5800,84867
15,58,5900,84898
15,59,6000,85140
15,60,6100,85266
15,61,6200,85358
15,62,6300,85358
15,63,6400,85358
15,64,6500,85362
15,65,6600,85366
15,66,6700,85395
15,67,6800,85395
15,68,6900,85400
15,69,7000,85400
15,70,7100,85400
15,71,7200,85528
15,72,7300,85574
15,73,7400,85574
15,74,7500,85837
15,75,7600,85837
15,76,7700,85856
15,77,7800,85856
15,78,7900,86107
15,79,8000,86107
15,80,8100,86137
15,81,8200,86137
15,82,8300,86137
15,83,8400,86146
15,84,8500,86338
15,85,8600,86379
15,86,8700,86390
15,87,8800,86400
15,88,8900,86411
15,89,9000,86425
15,90,9100,86434
15,91,9200,86442
15,92,9300,86449
15,93,9400,86449
15,94,9500,86458
15,95,9600,86462
15,96,9700,86509
15,97,9800,86524
15,98,9900,86711
15,99,10000,86715
15,100,10100,86715
15,101,10200,86715
15,102,10300,86811
15,103,10400,86811
15,104,10500,86828
15,105,10600,86833
15,106,10700,86833
15,107,10800,86833
15,108,10900,86833
15,109,11000,86833
15,110,11100,86833
15,111,11200,86833
15,112,11300,86833
15,113,11400,86851
15,114,11500,86851
15,115,11600,86878
15,116,11700,86878
15,117,11800,86878
15,118,11900,86878
15,119,12000,86878
15,120,12100,86887
15,121,12200,86897
15,122,12300,86897
15,123,12400,86897
15,124,12500,86909
15,125,12600,86922
15,126,12700,86922
15,127,12800,86925
15,128,12900,86978
15,129,13000,86978
15,130,13100,87005
15,131,13200,87013
15,132,13300,87028
15,133,13400,87030
15,134,13500,87030
15,135,13600,87030
15,136,13700,87036
15,137,13800,87036
15,138,13900,87036
15,139,14000,87080
15,140,14100,87103
15,141,14200,87103
15,142,14300,87172
15,143,14400,87190
15,144,14500,87196
15,145,14600,87201
15,146,14700,87278
15,147,14800,87278
15,148,14900,87295
15,149,15000,87386
15,150,15100,87386
15,151,15200,87474
15,152,15300,87495
15,153,15400,87495
15,154,15500,87521
15,155,15600,87525
15,156,15700,87548
15,157,15800,87551
15,158,15900,87555
15,159,16000,87566
15,160,16100,87576
15,161,16200,87580
15,162,16300,87580
15,163,16400,87585
15,164,16500,87585
15,165,16600,87585
15,166,16700,87585
15,167,16800,87585
15,168,16900,87585
15,169,17000,87586
15,170,17100,87586
15,171,17200,87586
15,172,17300,87586
15,173,17400,87586
15,174,17500,87609
15,175,17600,87609
15,176,17700,87609
15,177,17800,87609
15,178,17900,87609
15,179,18000,87618
15,180,18100,87618
15,181,18200,87619
15,182,18300,87620
15,183,18400,87620
15,184,18500,87620
15,185,18600,87620
15,186,18700,87621
15,187,18800,87621
15,188,18900,87621
15,189,19000,87621
15,190,19100,87637
15,191,19200,87637
15,192,19300,87654
15,193,19400,87666
15,194,19500,87666
15,195,19600,87670
15,196,19700,87670
15,197,19800,87711
15,198,19900,87715
15,199,20000,87727
15,200,20100,87733
15,201,20200,87780
15,202,20300,87780
15,203,20400,87780
15,204,20500,87780
15,205,20600,87797
15,206,20700,87797
15,207,20800,87797
15,208,20900,87809
15,209,21000,87809
15,210,21100,87813
15,211,21200,87813
15,212,21300,87815
15,213,21400,87819
15,214,21500,87819
15,215,21600,87819
15,216,21700,87828
15,217,21800,87828
15,218,21900,87829
15,219,22000,87831
15,220,22100,87831
15,221,22200,87846
15,222,22300,87847
15,223,22400,87847
15,224,22500,87849
15,225,22600,87856
15,226,22700,87859
15,227,22800,87859
15,228,22900,87859
15,229,23000,87859
15,230,23100,87859
15,231,23200,87859
15,232,23300,87859
15,233,23400,87859
15,234,23500,87859
15,235,23600,87859
15,236,23700,87859
15,237,23800,87859
15,238,23900,87859
15,239,24000,87859
15,240,24100,87859
15,241,24200,87859
15,242,24300,87859
15,243,24400,87872
15,244,24500,87872
15,245,24600,87872
15,246,24700,87872
15,247,24800,87872
15,248,24900,87872
15,249,25000,87872
15,250,25100,87873
15,251,25200,87873
15,252,25300,87873
15,253,25400,87873
15,254,25500,87873
15,255,25600,87873
15,256,25700,87873
15,257,25800,87873
15,258,25900,87873
15,259,26000,87873
15,260,26100,87873
15,261,26200,87873
15,262,26300,87873
15,263,26400,87873
15,264,26500,87873
15,265,26600,87873
15,266,26700,87873
15,267,26800,87873
15,268,26900,87873
15,269,27000,87873
15,270,27100,87873
15,271,27200,87873
15,272,27300,87873
15,273,27400,87873
15,274,27500,87873
15,275,27600,87873
15,276,27700,87873
15,277,27800,87886
15,278,27900,87886
15,279,28000,87886
15,280,28100,87886
15,281,28200,87893
15,282,28300,87893
15,283,28400,87893
15,284,28500,87897
15,285,28600,87897
15,286,28700,87897
15,287,28800,87897
15,288,28900,87897
15,289,29000,87897
15,290,29100,87897
15,291,29200,87897
15,292,29300,87897
15,293,29400,87897
15,294,29500,87897
15,295,29600,87897
15,296,29700,87897
15,297,29800,87897
15,298,29900,87897
15,299,30000,87897
15,300,30100,87897
15,301,30200,87897
15,302,30300,87897
15,303,30400,87897
15,304,30500,87897
15,305,30600,87897
15,306,30700,87897
15,307,30800,87897
15,308,30900,87897
15,309,31000,87897
15,310,31100,87897
15,311,31200,87904
15,312,31300,87904
15,313,31400,87904
15,314,31500,87904
15,315,31600,87904
15,316,31700,87904
15,317,31800,87904
15,318,31900,87916
15,319,32000,87916
15,320,32100,87916
15,321,32200,87916
15,322,32300,87916
15,323,32400,87916
15,324,32500,87916
15,325,32600,87916
15,326,32700,87916
15,327,32800,87916
15,328,32900,87916
15,329,33000,87916
15,330,33100,87916
15,331,33200,87916
15,332,33300,87916
15,333,33400,87916
15,334,33500,87916
15,335,33600,87916
15,336,33700,87916
15,337,33800,87916
15,338,33900,87916
15,339,34000,87916
15,340,34100,87916
15,341,34200,87916
15,342,34300,87916
15,343,34400,87916
15,344,34500,87916
15,345,34600,87916
15,346,34700,87916
15,347,34800,87916
15,348,34900,87916
15,349,35000,87916
15,350,35100,87916
15,351,35200,87916
15,352,35300,87916
15,353,35400,87916
15,354,35500,87916
15,355,35600,87916
15,356,35700,87916
15,357,35800,87916
15,358,35900,87916
15,359,36000,87916
15,360,36100,87916
15,361,36200,87916
15,362,36300,87932
15,363,36400,87932
15,364,36500,87932
15,365,36600,87932
15,366,36700,87936
15,367,36800,87936
15,368,36900,87936
15,369,37000,87936
15,370,37100,87936
15,371,37200,87936
15,372,37300,87936
15,373,37400,87936
15,374,37500,87936
15,375,37600,87936
15,376,37700,87936
15,377,37800,87936
15,378,37900,87936
15,379,38000,87936
15,380,38100,87960
15,381,38200,87960
15,382,38300,87960
15,383,38400,87960
15,384,38500,87960
15,385,38600,87960
15,386,38700,87960
15,387,38800,87960
15,388,38900,87960
15,389,39000,87960
15,390,39100,87960
15,391,39200,87960
15,392,39300,87967
15,393,39400,87967
15,394,39500,87967
15,395,39600,87967
15,396,39700,87967
15,397,39800,87967
15,398,39900,87967
15,399,40000,87967
15,400,40100,87967
15,401,40200,87967
15,402,40300,87967
15,403,40400,87967
15,404,40500,87967
15,405,40600,87967
15,406,40700,87967
15,407,40800,87967
15,408,40900,87967
15,409,41000,87967
15,410,41100,87967
15,411,41200,87967
15,412,41300,87967
15,413,41400,87967
15,414,41500,87967
15,415,41600,87967
15,416,41700,87967
15,417,41800,87967
15,418,41900,87967
15,419,42000,87967
15,420,42100,87967
15,421,42200,87967
15,422,42300,87967
15,423,42400,87967
15,424,42500,87967
15,425,42600,87967
15,426,42700,87967
15,427,42800,87967
15,428,42900,87967
15,429,43000,87967
15,430,43100,87967
15,431,43200,87967
15,432,43300,87967
15,433,43400,87967
15,434,43500,87967
15,435,43600,87967
15,436,43700,87967
15,437,43800,87967
15,438,43900,87967
15,439,44000,87967
15,440,44100,87981
15,441,44200,87981
15,442,44300,87981
15,443,44400,87981
15,444,44500,87981
15,445,44600,87981
15,446,44700,87981
15,447,44800,87981
15,448,44900,87981
15,449,45000,87981
15,450,45100,87981
15,451,45200,87981
15,452,45300,87981
15,453,45400,87981
15,454,45500,87981
15,455,45600,87981
15,456,45700,87981
15,457,45800,87981
15,458,45900,87981
15,459,46000,87981
15,460,46100,87981
15,461,46200,87981
15,462,46300,87981
15,463,46400,87981
15,464,46500,87982
15,465,46600,87982
15,466,46700,87982
15,467,46800,87982
15,468,46900,87982
15,469,47000,87982
15,470,47100,87982
15,471,47200,87982
15,472,47300,87982
15,473,47400,87982
15,474,47500,87982
15,475,47600,87982
15,476,47700,87982
15,477,47800,87982
15,478,47900,87982
15,479,48000,87982
15,480,48100,87982
15,481,48200,87984
15,482,48300,87984
15,483,48400,87984
15,484,48500,87984
15,485,48600,87984
15,486,48700,87984
15,487,48800,87984
15,488,48900,87984
15,489,49000,87984
15,490,49100,87984
15,491,49200,87984
15,492,49300,87984
15,493,49400,87984
15,494,49500,87984
15,495,49600,87984
15,496,49700,87984
15,497,49800,87984
15,498,49900,87986
15,499,50000,87986
15,500,50100,87986
15,501,50200,87986
15,502,50300,87986
15,503,50400,88013
15,504,50500,88013
15,505,50600,88013
15,506,50700,88014
15,507,50800,88014
15,508,50900,88014
15,509,51000,88014
15,510,51100,88014
15,511,51200,88014
15,512,51300,88014
15,513,51400,88014
15,514,51500,88014
15,515,51600,88014
15,516,51700,88014
15,517,51800,88014
15,518,51900,88014
15,519,52000,88014
15,520,52100,88014
15,521,52200,88014
15,522,52300,88014
15,523,52400,88014
15,524,52500,88014
15,525,52600,88014
15,526,52700,88014
15,527,52800,88014
15,528,52900,88014
15,529,53000,88014
15,530,53100,88014
15,531,53200,88014
15,532,53300,88014
15,533,53400,88014
15,534,53500,88014
15,535,53600,88014
15,536,53700,88014
15,537,53800,88014
15,538,53900,88014
15,539,54000,88014
15,540,54100,88014
15,541,54200,88014
15,542,54300,88014
15,543,54400,88014
15,544,54500,88014
15,545,54600,88014
15,546,54700,88014
15,547,54800,88014
15,548,54900,88014
15,549,55000,88014
15,550,55100,88014
15,551,55200,88014
15,552,55300,88014
15,553,55400,88014
15,554,55500,88014
15,555,55600,88014
15,556,55700,88014
15,557,55800,88014
15,558,55900,88014
15,559,56000,88014
15,560,56100,88014
15,561,56200,88014
15,562,56300,88014
15,563,56400,88014
15,564,56500,88014
15,565,56600,88014
15,566,56700,88014
15,567,56800,88014
15,568,56900,88014
15,569,57000,88030
15,570,57100,88030
15,571,57200,88030
15,572,57300,88030
15,573,57400,88030
15,574,57500,88030
15,575,57600,88030
15,576,57700,88030
15,577,57800,88030
15,578,57900,88030
15,579,58000,88030
15,580,58100,88030
15,581,58200,88030
15,582,58300,88030
15,583,58400,88030
15,584,58500,88030
15,585,58600,88030
15,586,58700,88030
15,587,58800,88030
15,588,58900,88030
15,589,59000,88030
15,590,59100,88030
15,591,59200,88033
15,592,59300,88033
15,593,59400,88033
15,594,59500,88045
15,595,59600,88045
15,596,59700,88045
15,597,59800,88045
15,598,59900,88045
15,599,60000,88045
15,600,60100,88046
15,601,60200,88046
15,602,60300,88046
15,603,60400,88046
15,604,60500,88047
15,605,60600,88047
15,606,60700,88055
15,607,60800,88055
15,608,60900,88055
15,609,61000,88056
15,610,61100,88056
15,611,61200,88056
15,612,61300,88057
15,613,61400,88057
15,614,61500,88057
15,615,61600,88057
15,616,61700,88057
15,617,61800,88061
15,618,61900,88061
15,619,62000,88062
15,620,62100,88062
15,621,62200,88065
15,622,62300,88066
15,623,62400,88066
15,624,62500,88066
15,625,62600,88066
15,626,62700,88066
15,627,62800,88066
15,628,62900,88066
15,629,63000,88066
15,630,63100,88066
15,631,63200,88066
15,632,63300,88066
15,633,63400,88066
15,634,63500,88066
15,635,63600,88066
15,636,63700,88066
15,637,63800,88066
15,638,63900,88066
15,639,64000,88066
15,640,64100,88066
15,641,64200,88066
15,642,64300,88066
15,643,64400,88066
15,644,64500,88066
15,645,64600,88066
15,646,64700,88066
15,647,64800,88066
15,648,64900,88066
15,649,65000,88066
15,650,65100,88066
15,651,65200,88066
15,652,65300,88066
15,653,65400,88066
15,654,65500,88066
15,655,65600,88066
15,656,65700,88066
15,657,65800,88066
15,658,65900,88066
15,659,66000,88066
15,660,66100,88066
15,661,66200,88074
15,662,66300,88074
15,663,66400,88074
15,664,66500,88074
15,665,66600,88074
15,666,66700,88074
15,667,66800,88074
15,668,66900,88083
15,669,67000,88083
15,670,67100,88083
15,671,67200,88083
15,672,67300,88083
15,673,67400,88083
15,674,67500,88083
15,675,67600,88083
15,676,67700,88083
15,677,67800,88083
15,678,67900,88083
15,679,68000,88083
15,680,68100,88083
15,681,68200,88083
15,682,68300,88083
15,683,68400,88083
15,684,68500,88083
15,685,68600,88083
15,686,68700,88084
15,687,68800,88084
15,688,68900,88084
15,689,69000,88084
15,690,69100,88084
15,691,69200,88084
15,692,69300,88084
15,693,69400,88084
15,694,69500,88084
15,695,69600,88084
15,696,69700,88084
15,697,69800,88084
15,698,69900,88084
15,699,70000,88084
15,700,70100,88084
15,701,70200,88084
15,702,70300,88084
15,703,70400,88084
15,704,70500,88084
15,705,70600,88084
15,706,70700,88084
15,707,70800,88084
15,708,70900,88084
15,709,71000,88084
15,710,71100,88084
15,711,71200,88115
15,712,71300,88115
15,713,71400,88115
15,714,71500,88115
15,715,71600,88115
15,716,71700,88115
15,717,71800,88115
15,718,71900,88115
15,719,72000,88115
15,720,72100,88115
15,721,72200,88115
15,722,72300,88115
15,723,72400,88115
15,724,72500,88115
15,725,72600,88115
15,726,72700,88115
15,727,72800,88115
15,728,72900,88115
15,729,73000,88115
15,730,73100,88115
15,731,73200,88115
15,732,73300,88115
15,733,73400,88115
15,734,73500,88115
15,735,73600,88115
15,736,73700,88115
15,737,73800,88115
15,738,73900,88115
15,739,74000,88115
15,740,74100,88115
15,741,74200,88115
15,742,74300,88115
15,743,74400,88115
15,744,74500,88115
15,745,74600,88115
15,746,74700,88115
15,747,74800,88115
15,748,74900,88115
15,749,75000,88115
15,750,75100,88115
15,751,75200,88115
15,752,75300,88115
15,753,75400,88115
15,754,75500,88115
15,755,75600,88115
15,756,75700,88115
15,757,75800,88115
15,758,75900,88115
15,759,76000,88115
15,760,76100,88115
15,761,76200,88115
15,762,76300,88115
15,763,76400,88115
15,764,76500,88115
15,765,76600,88127
15,766,76700,88127
15,767,76800,88127
15,768,76900,88127
15,769,77000,88127
15,770,77100,88127
15,771,77200,88127
15,772,77300,88127
15,773,77400,88127
15,774,77500,88127
15,775,77600,88127
15,776,77700,88127
15,777,77800,88127
15,778,77900,88127
15,779,78000,88127
15,780,78100,88127
15,781,78200,88127
15,782,78300,88127
15,783,78400,88127
15,784,78500,88127
15,785,78600,88127
15,786,78700,88127
15,787,78800,88127
15,788,78900,88127
15,789,79000,88127
15,790,79100,88127
15,791,79200,88127
15,792,79300,88127
15,793,79400,88127
15,794,79500,88127
15,795,79600,88127
15,796,79700,88127
15,797,79800,88127
15,798,79900,88127
15,799,80000,88127
15,800,80100,88127
15,801,80200,88127
15,802,80300,88127
15,803,80400,88127
15,804,80500,88127
15,805,80600,88127
15,806,80700,88127
15,807,80800,88127
15,808,80900,88127
15,809,81000,88127
15,810,81100,88127
15,811,81200,88127
15,812,81300,88127
15,813,81400,88127
15,814,81500,88127
15,815,81600,88127
15,816,81700,88127
15,817,81800,88127
15,818,81900,88127
15,819,82000,88127
15,820,82100,88127
15,821,82200,88127
15,822,82300,88127
15,823,82400,88127
15,824,82500,88127
15,825,82600,88127
15,826,82700,88127
15,827,82800,88127
15,828,82900,88127
15,829,83000,88127
15,830,83100,88127
15,831,83200,88127
15,832,83300,88127
15,833,83400,88127
15,834,83500,88127
15,835,83600,88127
15,836,83700,88127
15,837,83800,88127
15,838,83900,88127
15,839,84000,88127
15,840,84100,88142
15,841,84200,88142
15,842,84300,88142
15,843,84400,88142
15,844,84500,88142
15,845,84600,88142
15,846,84700,88142
15,847,84800,88142
15,848,84900,88144
15,849,85000,88144
15,850,85100,88144
15,851,85200,88144
15,852,85300,88144
15,853,85400,88144
15,854,85500,88144
15,855,85600,88144
15,856,85700,88144
15,857,85800,88144
15,858,85900,88144
15,859,86000,88144
15,860,86100,88144
15,861,86200,88144
15,862,86300,88144
15,863,86400,88144
15,864,86500,88144
15,865,86600,88144
15,866,86700,88144
15,867,86800,88144
15,868,86900,88144
15,869,87000,88144
15,870,87100,88144
15,871,87200,88144
15,872,87300,88144
15,873,87400,88144
15,874,87500,88144
15,875,87600,88151
15,876,87700,88151
15,877,87800,88151
15,878,87900,88151
15,879,88000,88151
15,880,88100,88151
15,881,88200,88156
15,882,88300,88156
15,883,88400,88156
15,884,88500,88156
15,885,88600,88156
15,886,88700,88156
15,887,88800,88156
15,888,88900,88156
15,889,89000,88156
15,890,89100,88156
15,891,89200,88168
15,892,89300,88168
15,893,89400,88168
15,894,89500,88168
15,895,89600,88168
15,896,89700,88168
15,897,89800,88168
15,898,89900,88168
15,899,90000,88168
15,900,90100,88168
15,901,90200,88168
15,902,90300,88168
15,903,90400,88168
15,904,90500,88168
15,905,90600,88168
15,906,90700,88168
15,907,90800,88168
15,908,90900,88168
15,909,91000,88168
15,910,91100,88168
15,911,91200,88168
15,912,91300,88168
15,913,91400,88168
15,914,91500,88168
15,915,91600,88168
15,916,91700,88168
15,917,91800,88168
15,918,91900,88168
15,919,92000,88168
15,920,92100,88168
15,921,92200,88168
15,922,92300,88168
15,923,92400,88168
15,924,92500,88168
15,925,92600,88168
15,926,92700,88168
15,927,92800,88168
15,928,92900,88168
15,929,93000,88168
15,930,93100,88168
15,931,93200,88168
15,932,93300,88168
15,933,93400,88168
15,934,93500,88168
15,935,93600,88168
15,936,93700,88168
15,937,93800,88168
15,938,93900,88168
15,939,94000,88168
15,940,94100,88168
15,941,94200,88168
15,942,94300,88168
15,943,94400,88168
15,944,94500,88168
15,945,94600,88168
15,946,94700,88168
15,947,94800,88168
15,948,94900,88168
15,949,95000,88168
15,950,95100,88168
15,951,95200,88168
15,952,95300,88168
15,953,95400,88168
15,954,95500,88168
15,955,95600,88168
15,956,95700,88168
15,957,95800,88172
15,958,95900,88172
15,959,96000,88172
15,960,96100,88172
15,961,96200,88172
15,962,96300,88172
15,963,96400,88172
15,964,96500,88172
15,965,96600,88172
15,966,96700,88172
15,967,96800,88172
15,968,96900,88172
15,969,97000,88172
15,970,97100,88172
15,971,97200,88172
15,972,97300,88172
15,973,97400,88172
15,974,97500,88172
15,975,97600,88172
15,976,97700,88172
15,977,97800,88172
15,978,97900,88172
15,979,98000,88172
15,980,98100,88172
15,981,98200,88172
15,982,98300,88172
15,983,98400,88172
15,984,98500,88172
15,985,98600,88172
15,986,98700,88172
15,987,98800,88172
15,988,98900,88172
15,989,99000,88172
15,990,99100,88172
15,991,99200,88172
15,992,99300,88172
15,993,99400,88172
15,994,99500,88172
15,995,99600,88172
15,996,99700,88172
15,997,99800,88172
15,998,99900,88172
15,999,100000,88172
